beta,gamma
0.32903173,0.10627405
0.36216812,0.11272502
0.29698030,0.08458825
0.38850672,0.08635114
0.32332090,0.09149410
0.41111754,0.09574815
0.35473697,0.13224939
0.40247456,0.09349684
0.38968950,0.08816693
0.47594926,0.15153657
0.34756221,0.10932695
0.31096188,0.08791180
0.33120937,0.09221804
0.47746104,0.16084697
0.40058859,0.11557236
0.37278045,0.12699491
0.34294419,0.11333391
0.38029760,0.10425017
0.41844190,0.12105351
0.38213926,0.09560790
0.38759811,0.07634966
0.49972483,0.17547083
0.38336104,0.12016676
0.48146230,0.15857675
0.43112431,0.09668101
0.40362052,0.14241366
0.36850300,0.09413131
0.49417932,0.09511446
0.39864257,0.08720546
0.50273482,0.14600786
0.32296302,0.07796432
0.36276748,0.10966250
0.46760679,0.12092214
0.38995523,0.10580923
0.37171817,0.08374658
0.43801608,0.10238695
0.63619667,0.15854413
0.49431876,0.15036821
0.37347501,0.09460066
0.39508580,0.12380596
0.49467964,0.10071920
0.25572811,0.06330425
0.46937002,0.12947636
0.43068681,0.09883757
0.34394231,0.07065951
0.31245767,0.09699047
0.48331147,0.11751327
0.43072431,0.09988088
0.47651362,0.15671236
0.47497429,0.12754473
0.48219832,0.11632885
0.51813791,0.16110336
0.33013550,0.09364128
0.44394455,0.13395977
0.51068276,0.13833601
0.44547215,0.13025863
0.39818097,0.12702813
0.57833983,0.16186818
0.35523160,0.10966861
0.39310895,0.10983784
0.48194807,0.13706485
0.39524773,0.10897110
0.44498434,0.09067531
0.39444703,0.10727059
0.44535487,0.09583682
0.43057905,0.12840615
0.43519434,0.12056261
0.43264900,0.11059411
0.40197581,0.12929605
0.32503688,0.08716051
0.47079300,0.12167414
0.33549717,0.09519330
0.36721630,0.09317181
0.44147739,0.09902697
0.31467945,0.07980402
0.42648637,0.10206416
0.36907307,0.11217003
0.33157987,0.10837882
0.46519088,0.12794727
0.37768451,0.11630680
0.38807579,0.11764942
0.55068779,0.17690917
0.43467144,0.12872849
0.38778596,0.12168190
0.37802609,0.09580477
0.46305771,0.13640258
0.41201035,0.13539686
0.43815687,0.11048554
0.46505906,0.11393821
0.41006355,0.10787319
0.46742863,0.13492023
0.43962231,0.13140204
0.39677497,0.11824925
0.52673589,0.13267509
0.36724322,0.08368674
0.41111218,0.11384227
0.43864468,0.14306455
0.34446356,0.08342407
0.52557129,0.13434905
0.37397529,0.09874774
0.42664976,0.13131752
0.42728645,0.10493414
0.38393227,0.12193493
0.42687933,0.14642752
0.33908805,0.12352972
0.42537326,0.11250424
0.29439077,0.08788952
0.48814557,0.11853671
0.56638504,0.14613217
0.52158896,0.11612491
0.42249656,0.12582961
0.49114309,0.11484632
0.47499210,0.12336965
0.44924115,0.13280860
0.40144241,0.09964752
0.42898286,0.10459268
0.49961195,0.12686090
0.40553352,0.08257733
0.36209381,0.07878101
0.45414581,0.14311006
0.35678935,0.09894117
0.57929024,0.14392688
0.49032906,0.12594779
0.33387869,0.09433175
0.52932559,0.14586692
0.40118750,0.13210682
0.44030352,0.09621122
0.39813343,0.11856412
0.35781006,0.12244827
0.39582945,0.09460779
0.39857883,0.13625403
0.37903632,0.13238761
0.40435183,0.09775038
0.34325277,0.10809017
0.36685634,0.08529963
0.49541191,0.13610731
0.36102376,0.09352604
0.55837826,0.14482121
0.38027129,0.08479776
0.46555293,0.12516400
0.43724532,0.10001890
0.34287872,0.07982577
0.38641208,0.09598183
0.55851347,0.13692210
0.46605431,0.13576498
0.43906831,0.13251992
0.28273141,0.08120704
0.48318755,0.17213085
0.46031994,0.13747133
0.36258986,0.09785109
0.33741977,0.10332616
0.45267655,0.13806473
0.40359731,0.09695715
0.30849319,0.09183550
0.35845007,0.12550211
0.39742647,0.12718383
0.42854764,0.08927422
0.49018892,0.14731766
0.44060326,0.11566847
0.36366176,0.11425415
0.38386439,0.11961652
0.43935560,0.13499257
0.36302431,0.10407816
0.44648614,0.14109484
0.34581554,0.07889632
0.48706926,0.12969665
0.44669519,0.11534274
0.33489610,0.09376555
0.40632943,0.12487228
0.38923792,0.10151459
0.45439180,0.12635825
0.37804099,0.09729412
0.43237708,0.09326273
0.44108515,0.12443741
0.45123465,0.12319419
0.48324228,0.14194575
0.38267866,0.09315196
0.48495309,0.10988219
0.44007142,0.13305187
0.34014174,0.08925721
0.55689175,0.14464792
0.48282734,0.13888125
0.53665417,0.12054385
0.39645229,0.12536955
0.46861242,0.14216450
0.44706040,0.11579934
0.57508737,0.14855052
0.37988336,0.09317044
0.40669730,0.11058421
0.51036749,0.14441403
0.38091587,0.13073223
0.45242386,0.12790779
0.45042893,0.13588996
0.34542678,0.11397342
0.43464516,0.09498871
0.49930378,0.13474689
0.49112282,0.10831314
0.45785301,0.12396573
0.43363190,0.12881777
0.28482491,0.08213508
0.49393538,0.15164083
0.42848209,0.12724150
0.46976790,0.10270052
0.43262457,0.12792404
0.29647824,0.07278786
0.53122674,0.13352108
0.49898189,0.09827278
0.42529751,0.14255583
0.32736715,0.08779837
0.42479640,0.11429983
0.51536826,0.14925917
0.46301109,0.11791336
0.43674770,0.10383112
0.39271478,0.12037275
0.50194468,0.12819430
0.31439574,0.07358087
0.51688829,0.14725734
0.42354672,0.13140371
0.44637969,0.10418457
0.45312654,0.10855720
0.52075857,0.14070854
0.29914952,0.07661055
0.32853847,0.08407087
0.30214286,0.07722809
0.44566578,0.12646347
0.52581899,0.13217178
0.34276460,0.09179013
0.46347847,0.09833207
0.41700818,0.09320818
0.49493208,0.16910531
0.35433078,0.09309910
0.47927153,0.12949789
0.42057047,0.13692174
0.44787920,0.12847344
0.38651869,0.10721307
0.34990979,0.07882556
0.47730006,0.12709278
0.35718389,0.09515722
0.50524697,0.15633268
0.42569211,0.14417458
0.42896472,0.10332462
0.38337324,0.13101374
0.43890109,0.11673233
0.39880882,0.10445920
0.43526367,0.11201430
0.52065940,0.10793884
0.30132758,0.09721844
0.49875057,0.14052085
0.41704247,0.09493812
0.42015560,0.13511955
0.36320790,0.08926967
0.35956271,0.07211573
0.50739494,0.14790291
0.33737509,0.07873497
0.32960062,0.10440183
0.52635048,0.14055127
0.60281716,0.17073554
0.35755349,0.09421775
0.44251755,0.13008756
0.35260616,0.07438207
0.46975319,0.11846835
0.41478517,0.10858838
0.50940417,0.13809395
0.44276001,0.11396670
0.32978247,0.09215721
0.42051854,0.12559965
0.56085321,0.17101309
0.52022008,0.12805550
0.37333472,0.08858811
0.36383516,0.10979395
0.37033913,0.07665175
0.37901236,0.10569445
0.62390521,0.15767671
0.44018035,0.13712234
0.48086668,0.13692334
0.32012306,0.07973607
0.43108663,0.10057361
0.31269903,0.08178057
0.48260214,0.10831139
0.39176767,0.10002774
0.48181027,0.11506086
0.38761632,0.12186952
0.38029846,0.11290872
0.46288525,0.14274653
0.41705428,0.09958798
0.47084880,0.12765506
0.35921179,0.09967313
0.46488585,0.12435903
0.56472507,0.13915488
0.39370843,0.12887342
0.33078208,0.09723122
0.43351349,0.09143563
0.37869640,0.11594311
0.30319761,0.06915797
0.40112601,0.09622287
0.48659237,0.14632330
0.54971726,0.14690543
0.50138625,0.12947030
0.47920262,0.12439741
0.32402654,0.08929642
0.45391928,0.11569807
0.41834153,0.08920789
0.53653790,0.12609698
0.34126114,0.07997302
0.36567972,0.12232754
0.34793109,0.08488605
0.41276339,0.09887734
0.45657033,0.13576961
0.39894428,0.10882589
0.47608485,0.15120235
0.33489610,0.07401573
0.40427162,0.07915364
0.51899020,0.13276163
0.27185311,0.06379791
0.38113646,0.10657203
0.46304530,0.11592067
0.42254891,0.09740104
0.41922529,0.07792693
0.30830691,0.07811638
0.36097607,0.11851218
0.49775541,0.16349017
0.46920706,0.12293081
0.38884517,0.09986494
0.35623969,0.09360699
0.42711210,0.10459305
0.48887189,0.15509543
0.46439603,0.12095591
0.58344769,0.15604197
0.51529193,0.14724523
0.45087748,0.14280911
0.33400071,0.08594557
0.35573750,0.12198171
0.32827634,0.07155880
0.56900959,0.19502782
0.37918166,0.11087014
0.46119085,0.14406861
0.47165095,0.14512089
0.34044434,0.10770095
0.40041613,0.10237357
0.39861677,0.09485927
0.35386991,0.13064340
0.30049060,0.07871375
0.43392007,0.14798824
0.32479064,0.09885904
0.39879728,0.13245058
0.48423831,0.11513342
0.51554671,0.13289915
0.51033870,0.14395630
0.50892533,0.16439386
0.47024168,0.14723666
0.42888148,0.13481246
0.38079086,0.12781429
0.46363033,0.14093269
0.39517647,0.08348531
0.53483946,0.17237446
0.43780233,0.09034245
0.45543939,0.12329040
0.37201687,0.11597321
0.39035565,0.10254299
0.37402802,0.08417944
0.43451321,0.12245582
0.36596101,0.11944851
0.26326287,0.06736585
0.40240303,0.14231552
0.47366030,0.13907776
0.30019865,0.09553869
0.48647804,0.13863314
0.39226142,0.12229677
0.46182751,0.15173857
0.39796822,0.08379192
0.38372294,0.08420322
0.49168516,0.11924355
0.41472284,0.10919620
0.39412492,0.10139137
0.54599188,0.12547552
0.43188993,0.10446934
0.46687975,0.14990482
0.36860004,0.12669003
0.47868254,0.12777713
0.44634898,0.12299068
0.47663753,0.13739124
0.38392369,0.11244380
0.48317379,0.11257835
0.42674243,0.11761310
0.51183380,0.13282090
0.53334568,0.17226442
0.35731211,0.09184242
0.33099700,0.08811084
0.46401978,0.09046565
0.39543052,0.13635068
0.30939686,0.06706807
0.40376848,0.10359836
0.51082252,0.16068788
0.49711620,0.12699449
0.46446885,0.14288041
0.35713897,0.09627048
0.42241700,0.12479518
0.37444668,0.12657187
0.41030471,0.08876282
0.50113739,0.17387350
0.54560285,0.12154759
0.38404668,0.10939850
0.44387248,0.09542459
0.36419892,0.10000805
0.39623074,0.11112686
0.42988646,0.12295102
0.40943507,0.12659912
0.49331358,0.12371779
0.39430165,0.11727768
0.42137408,0.10390024
0.34315173,0.08368950
0.41312479,0.10607752
0.43205173,0.11223623
0.41102421,0.09492582
0.43578081,0.09707386
0.52298999,0.16894939
0.40994737,0.11681780
0.45218060,0.11484463
0.47734365,0.13138054
0.52397080,0.15006250
0.46475167,0.11977857
0.35482486,0.09380666
0.42600814,0.14367766
0.40294851,0.11722166
0.40670360,0.13426363
0.33594243,0.09598838
0.39453515,0.08832393
0.34813672,0.10853292
0.44612836,0.11145930
0.36323151,0.08627608
0.47662607,0.10361973
0.44743589,0.10796466
0.42101819,0.10222932
0.43375743,0.09600807
0.44359970,0.14734044
0.47202468,0.12288530
0.31339476,0.09384762
0.42563321,0.13062934
0.46502262,0.13261666
0.39282050,0.09375896
0.46724824,0.12027752
0.39160204,0.07410771
0.36525451,0.09527156
0.38755950,0.12434649
0.34060948,0.06963911
0.45448498,0.13132064
0.39303711,0.09138332
0.31213774,0.06487740
0.39916471,0.11610146
0.44615001,0.11200642
0.47783866,0.12810485
0.51626590,0.14741018
0.44586120,0.14300285
0.38809410,0.09317999
0.47014466,0.14620623
0.46841778,0.10158295
0.52196385,0.17661458
0.47873087,0.12431808
0.33145655,0.08941743
0.49529794,0.16420698
0.35187059,0.11455766
0.44952972,0.12499120
0.46668672,0.09388999
0.50711601,0.12473380
0.30933346,0.08958921
0.45572139,0.15304135
0.57490795,0.16018288
0.46258497,0.12042186
0.48875812,0.13604092
0.41727259,0.12073664
0.45836507,0.10913616
0.38985324,0.10148976
0.49143946,0.14810047
0.36934411,0.07986204
0.30342177,0.08088635
0.45731081,0.16279125
0.49142822,0.12003278
0.50345612,0.11754324
0.47931479,0.12441238
0.35416390,0.11090426
0.42664527,0.15149583
0.33206696,0.10486516
0.35589759,0.07979928
0.41946472,0.12460254
0.31862859,0.09694225
0.40852995,0.10641959
0.44236993,0.10206327
0.39557199,0.08885875
0.43444367,0.13804428
0.45431968,0.09828393
0.37813934,0.13678042
0.32964078,0.09223298
0.34445970,0.08321802
0.47902717,0.12585236
0.56341715,0.15220979
0.36827439,0.10694862
0.37698865,0.13872703
0.39436681,0.08797121
0.38338625,0.09166748
0.40308041,0.11130581
0.43928218,0.09401854
0.38130190,0.11695771
0.46011049,0.13153142
0.43044036,0.13387091
0.43139057,0.14026225
0.38691404,0.11591186
0.54993129,0.13930845
0.44316215,0.15359522
0.47707521,0.13982645
0.50046121,0.14065711
0.41137112,0.12898545
0.40045022,0.10500143
0.40478310,0.12371369
0.41492382,0.10014192
0.28346243,0.07372119
0.32148410,0.08224976
0.38446742,0.10186483
0.29266351,0.08940649
0.37455781,0.11334827
0.41654788,0.11985964
0.51213125,0.12021949
0.50343564,0.15714491
0.49685383,0.16538004
0.38452569,0.11335633
0.55093238,0.16115471
0.52680734,0.12681588
0.50136867,0.13018692
0.42137273,0.11972221
0.34110842,0.09824927
0.38575688,0.12122636
0.42237588,0.09997838
0.41629221,0.08492848
0.34447439,0.10657742
0.34746414,0.11029716
0.40729912,0.09517307
0.54234116,0.14674877
0.38680786,0.11665354
0.48032823,0.12690506
0.31312143,0.08745125
0.42167691,0.10631242
0.34960372,0.08313177
0.32134932,0.07206438
0.33705185,0.10510314
0.46969748,0.10183905
0.39566098,0.10610049
0.45786963,0.13124911
0.53905553,0.14179068
0.36257167,0.10482371
0.54678975,0.14080395
0.42370148,0.09883677
0.58181766,0.16551193
0.37929572,0.10609868
0.41613102,0.11094090
0.34956197,0.11085847
0.33641416,0.09307976
0.45876997,0.13794960
0.44806788,0.09940172
0.41810657,0.11204564
0.39856858,0.11237664
0.44486364,0.11640423
0.46350587,0.10814747
0.50623586,0.13545567
0.39046188,0.10802472
0.47778272,0.10356538
0.30065669,0.06385063
0.51949408,0.13783367
0.35873093,0.12859983
0.30053199,0.07357558
0.43539055,0.13220651
0.47642129,0.11495144
0.42871568,0.13023157
0.43015490,0.09285949
0.45963567,0.12669752
0.43885498,0.08622505
0.48137381,0.11639109
0.41994705,0.14624225
0.48648019,0.15644112
0.32046643,0.10587428
0.63205341,0.12171590
0.45505376,0.09982943
0.32665718,0.10566656
0.34489618,0.10284101
0.35712277,0.08526891
0.41919907,0.09854390
0.30605733,0.08013619
0.46174906,0.09459038
0.43634170,0.12066089
0.37926824,0.10537880
0.37316980,0.11837234
0.44588256,0.09923473
0.33272451,0.07402156
0.53095885,0.13106473
0.44680131,0.10965446
0.48475437,0.14623206
0.27672307,0.07866374
0.53096643,0.15709039
0.26975846,0.08290908
0.48586670,0.15373975
0.46231450,0.11667438
0.47674441,0.11524850
0.41008441,0.13493812
0.32193159,0.08718116
0.26790378,0.06555655
0.34947164,0.08541251
0.48407675,0.15011844
0.36436051,0.09166242
0.35358303,0.08610384
0.40748766,0.09282121
0.41493264,0.14516032
0.48683941,0.09583039
0.42380154,0.10994187
0.30988281,0.07891484
0.44145676,0.11558946
0.40011206,0.11571960
0.45105129,0.11436268
0.36279516,0.07901515
0.50957786,0.12543284
0.33193182,0.08251512
0.48042306,0.12917496
0.41793127,0.14863536
0.32074783,0.09239960
0.52626231,0.13486385
0.50918444,0.15095558
0.36886879,0.07897281
0.44072671,0.14480192
0.40018914,0.10936825
0.44945820,0.10932006
0.49834371,0.17158549
0.27801330,0.07899305
0.50633891,0.15672511
0.48030734,0.12418130
0.40282928,0.13094159
0.38925038,0.09429698
0.53010404,0.13497461
0.47976189,0.14613507
0.44082966,0.15032452
0.49172252,0.13132243
0.34152179,0.07755090
0.51088591,0.13127285
0.37426993,0.10045255
0.39459494,0.13950892
0.45295448,0.10738735
0.29746057,0.07124633
0.45916925,0.11792157
0.40154184,0.10530245
0.45237384,0.12261461
0.35064214,0.07809935
0.41051392,0.09039209
0.44162598,0.10537798
0.33423320,0.10851480
0.36891305,0.10182331
0.36145350,0.10843213
0.43648968,0.09825325
0.33051285,0.07677831
0.38160901,0.09534315
0.50615272,0.12777633
0.39979690,0.10494312
0.40493935,0.09549248
0.35240951,0.07539007
0.48967576,0.12485168
0.46543594,0.13896265
0.33753571,0.08859921
0.34541914,0.08400586
0.36294094,0.13131530
0.53024734,0.14374638
0.42165979,0.12315330
0.48834723,0.11033939
0.50138066,0.11132305
0.44159280,0.15024416
0.36513688,0.09172074
0.44638452,0.11448220
0.33746279,0.07640516
0.46869761,0.13868191
0.49446845,0.15260267
0.55973509,0.15126930
0.40674141,0.13520634
0.32964936,0.08914872
0.42126577,0.11735818
0.38354662,0.12002451
0.31873639,0.07163348
0.50857782,0.15515986
0.48050475,0.16743417
0.44964461,0.12534025
0.42268663,0.13475786
0.33200921,0.10172152
0.42822446,0.10653439
0.36714271,0.10208901
0.32176754,0.07650059
0.30293761,0.08730359
0.40183542,0.12026251
0.52462219,0.12500635
0.49744286,0.13090203
0.43134154,0.13096461
0.48294309,0.13169141
0.50605355,0.14938301
0.33013892,0.10750732
0.43645909,0.14424972
0.36778289,0.08891822
0.37655700,0.13827889
0.35100964,0.08314497
0.33426541,0.08028536
0.53113234,0.14036894
0.49885443,0.15637259
0.32531565,0.08043472
0.48061231,0.10887887
0.52899597,0.12092182
0.29687640,0.07190491
0.32529241,0.08404071
0.47100674,0.13853526
0.42211351,0.12072976
0.35838033,0.10620333
0.43363597,0.14580637
0.56819292,0.10615052
0.33190432,0.09556766
0.45746517,0.13256696
0.47919192,0.12045737
0.45474966,0.10917656
0.48785929,0.13603424
0.39076855,0.14662174
0.31682763,0.08018249
0.50825164,0.13100004
0.38880737,0.09705487
0.37305712,0.09145198
0.46049417,0.12226078
0.33403156,0.08941691
0.45482723,0.15709167
0.45355114,0.14377563
0.40317567,0.10424929
0.43690858,0.14429935
0.33970156,0.10167857
0.39824769,0.12692417
0.50373542,0.12284598
0.41302600,0.13803946
0.34420243,0.08375589
0.30066533,0.08440464
0.26977843,0.07304468
0.42853774,0.09352433
0.45526951,0.15999950
0.39914277,0.11927580
0.48068107,0.12854575
0.50076269,0.13151056
0.39211792,0.10702927
0.39706818,0.10770150
0.34962801,0.07789876
0.39231238,0.09148208
0.54907942,0.14834377
0.55074296,0.15893996
0.44584183,0.10828449
0.40806838,0.08802419
0.46585603,0.11754839
0.39057325,0.08097396
0.36305576,0.10714444
0.47261904,0.15177402
0.37235399,0.10453092
0.53031699,0.15114330
0.46068938,0.13708879
0.33814929,0.07943059
0.50497450,0.11473082
0.41721013,0.09463585
0.53505161,0.13547163
0.54974313,0.14688352
0.48976093,0.11618639
0.48480374,0.16644769
0.41732355,0.10563454
0.44298296,0.12313316
0.37128625,0.08027879
0.46574994,0.15033795
0.49703301,0.14148988
0.54282494,0.12363666
0.36325827,0.09615852
0.32939066,0.08836307
0.35090765,0.09726513
0.39441044,0.11154671
0.40996032,0.11311760
0.32039909,0.10216634
0.43113063,0.10071834
0.38118806,0.11375138
0.48987678,0.14449756
0.35606663,0.08903470
0.52185963,0.14889156
0.46215795,0.10101498
0.33324810,0.11138580
0.48326651,0.11539757
0.46983873,0.10425849
0.38200198,0.11190769
0.48088976,0.15569557
0.38646253,0.11414057
0.42705933,0.07696212
0.33366159,0.11754133
0.40934750,0.09770615
0.43096524,0.14763597
0.34403267,0.06896842
0.38299656,0.09874922
0.47919318,0.16122099
0.48551786,0.15706115
0.42885518,0.12643910
0.39816638,0.08881563
0.35528801,0.10012126
0.53552515,0.16819105
0.32142040,0.06308977
0.44689335,0.11349627
0.52670776,0.17977804
0.44776405,0.13483723
0.35128644,0.11752696
0.48804883,0.14521084
0.42499209,0.09850733
0.38618615,0.12612410
0.41304415,0.09156846
0.49209251,0.15905506
0.37224682,0.13175279
0.38313120,0.10013384
0.48911978,0.13435995
0.39586682,0.10315739
0.40783660,0.14346846
0.36287831,0.08865623
0.40469853,0.12298372
0.35611451,0.10614795
0.50670869,0.14777974
0.34259653,0.10679265
0.38076087,0.08953738
0.48414219,0.10355936
0.47455255,0.14046386
0.44872678,0.13708732
0.35856934,0.06736024
0.45846543,0.15281843
0.30996045,0.09795472
0.38857539,0.09976549
0.52961018,0.16631444
0.47322053,0.14174171
0.38177775,0.12802115
0.46693924,0.12229595
0.44275916,0.11978960
0.33195182,0.09985042
0.55501532,0.13547516
0.44201249,0.09904227
0.43615837,0.09994714
0.31305470,0.09607699
0.40245274,0.10269100
0.32273543,0.08071861
0.44348261,0.10913464
0.36597606,0.11026768
0.48260722,0.16079289
0.44582572,0.15564026
0.48414913,0.14433502
0.39053227,0.08238839
0.44798497,0.11115064
0.30421770,0.07237680
0.45592480,0.09580949
0.44224884,0.11476179
0.50091714,0.11131668
0.46960365,0.12142614
0.48570280,0.15623489
0.44723290,0.14534881
0.39827180,0.13306062
0.42732264,0.10498981
0.49657844,0.12685521
0.41373360,0.12234739
0.54439313,0.14341974
0.40563023,0.11772555
0.35581019,0.11601155
0.36466131,0.08288779
0.41572006,0.09858781
0.50102987,0.14942121
0.43889242,0.16249455
0.45419624,0.13842406
0.64828418,0.16756373
0.41701604,0.10785520
0.38221958,0.10582333
0.33616870,0.10803309
0.46522193,0.12886344
0.53737199,0.12849323
0.32980748,0.09157500
0.45264085,0.09843705
0.39262855,0.08544603
0.46462192,0.11784226
0.50457162,0.13375723
0.41793696,0.11536004
0.32885986,0.08029421
0.33341828,0.08071106
0.40906959,0.09143381
0.47713591,0.13990633
0.45462581,0.08763308
0.33584082,0.09962155
0.35082585,0.08065851
0.55354034,0.13261124
0.42506440,0.11149840
0.46522010,0.10325214
0.40747058,0.09616662
0.35758429,0.09529032
0.43287196,0.10464307
0.39215482,0.10756392
0.33444088,0.09659945
0.43167256,0.10927123
0.45365165,0.10614207
0.35834317,0.09096765
0.35343528,0.11529086
0.60120603,0.15600092
0.42644260,0.12709402
0.41570816,0.14385936
0.34613114,0.08996252
0.41392781,0.08556655
0.32113812,0.09085283
0.40973991,0.13748343
0.43525849,0.13583720
0.41032496,0.09109640
0.45624023,0.10192693
0.43034903,0.09445785
0.36054916,0.09963748
0.51215271,0.12217580
0.44480774,0.13148652
0.33385136,0.08463102
0.41396810,0.10900911
0.38710151,0.07519815
0.32678399,0.10668175
0.55912571,0.14589472
0.50799425,0.14475280
0.42376971,0.12359391
0.35985231,0.07356680
0.44572891,0.11282989
0.37902871,0.11996682
0.46299981,0.13273504
0.34508697,0.09837600
0.57192860,0.15699665
0.54358122,0.14713467
0.50320115,0.13604100
0.45335873,0.11858281
0.46286815,0.13100316
0.43313866,0.11429102
0.39593138,0.09450617
0.30909233,0.07738715
0.35643059,0.08776146
0.44354910,0.10627704
0.43532085,0.10347813
0.45777042,0.10120612
0.32445065,0.09390205
0.49385228,0.11996735
0.48469669,0.12849314
0.36681847,0.11141599
0.39290431,0.11967940
0.40843737,0.12623857
0.50236164,0.14111209
0.53746561,0.14860191
0.34428828,0.08872823
0.48780715,0.13747473
0.40977456,0.13047247
0.45709156,0.14486911
0.50880082,0.13290445
0.34645793,0.07083779
0.43356803,0.12199353
0.44298729,0.10339188
0.41588487,0.10815135
0.50039880,0.13550777
0.33665919,0.07930471
0.44473568,0.13301667
0.43562411,0.12518150
0.34069113,0.07105539
0.32015742,0.07976221
0.40308858,0.11381594
0.43448686,0.12039872
0.42760657,0.11238193
0.38116891,0.08915551
0.33447349,0.09020151
0.42989036,0.11608380
0.44489763,0.14355017
0.42260874,0.13018645
0.37319417,0.11925155
0.30885017,0.10101629
0.37153007,0.09078274
0.51367016,0.15858349
0.40424639,0.09055896
0.40513498,0.09924575
0.32793314,0.10775907
0.35182048,0.12955919
0.37001444,0.11211997
0.46938220,0.10891804
0.35377843,0.10864783
0.29590929,0.07840139
0.40919666,0.12679131
0.55657666,0.16545800
0.53311638,0.16110574
0.53964104,0.15122786
0.49999893,0.15947660
0.36699230,0.11926523
0.30921545,0.08230400
0.37898025,0.09315363
0.49580919,0.14900460
0.34839614,0.06704414
0.40189323,0.09400656
0.51851055,0.12627186
0.47428249,0.13161244
0.44420425,0.11825794
0.37818713,0.13078704
0.33167315,0.09554057
0.43435666,0.09635864
0.47988196,0.10578850
0.50393331,0.12910379
0.35308579,0.09934140
0.49406835,0.14597612
0.50268870,0.13790014
0.50289418,0.11243370
0.35060546,0.11215164
0.49386400,0.13638904
0.39366751,0.09566903
0.53936598,0.15576785
0.44286079,0.11913745
0.35438660,0.09832648
0.44856125,0.12721153
0.46801603,0.12358929
0.39413744,0.10442171
0.47481398,0.13198130
0.45790005,0.13028555
0.41924293,0.15238899
0.37522235,0.10474677
0.39313503,0.10806051
0.52010356,0.12109199
0.37250693,0.13201887
0.51854452,0.14578161
0.55534300,0.13523614
0.48132149,0.13379583
0.47050979,0.12242979
0.38704465,0.13504074
0.68999524,0.19856638
0.38109360,0.08204606
0.39503840,0.08855777
0.53550828,0.15542217
0.46651655,0.11068561
0.51038524,0.14760613
0.44928579,0.11037674
0.58990097,0.14776981
0.38591638,0.09900428
0.46067286,0.10970139
0.36224763,0.09894512
0.43708460,0.13909768
0.40065775,0.09611534
0.46201934,0.13401544
0.39328947,0.14554872
0.54001321,0.13829167
0.45942948,0.14167118
0.30147694,0.09668590
0.34145106,0.08099278
0.49547805,0.15475586
0.48424780,0.14306369
0.41436689,0.08903658
0.31320180,0.09788439
0.52979802,0.12225481
0.48149835,0.14146280
0.48248160,0.14982055
0.55630955,0.15621425
0.49955387,0.12327756
0.45745716,0.13194685
0.41855512,0.12016116
0.39178235,0.11224593
0.38720221,0.11043274
0.43864454,0.12267539
0.33153012,0.09841816
0.47292140,0.13916595
0.38125147,0.09501350
0.41488189,0.09941404
0.45271434,0.13157849
0.36294661,0.10611069
0.45068925,0.10417245
0.52623065,0.14277963
0.40137089,0.11763131
0.46907750,0.10901046
0.38170029,0.09339663
0.43502483,0.14787495
0.57561501,0.18091412
0.41589084,0.11576114
0.49908682,0.14957221
0.35729722,0.08416881
0.45761586,0.14729865
0.43616982,0.11238181
0.42508390,0.13073716
0.31477205,0.09741493
0.46745775,0.11386113
0.41221621,0.09276264
0.50450611,0.10469953
0.46811132,0.14267028
0.51160004,0.12427119
0.45231564,0.11656861
0.43143983,0.10228764
0.44164825,0.12907139
0.57235863,0.17412070
0.47108930,0.11726703
0.40374110,0.08081660
0.50757078,0.13891295
0.44880954,0.14674185
0.39367529,0.11248409
0.42236545,0.13460250
0.37414188,0.08596219
0.49575355,0.13222527
0.44583520,0.11420248
0.34295522,0.08488268
0.41300088,0.11081230
0.29937980,0.08579599
0.49083250,0.15397628
0.39664302,0.13215106
0.32672935,0.07714974
0.41484441,0.11540011
0.45981654,0.13101663
0.42881243,0.13857683
0.36448206,0.10924557
0.46174149,0.12348213
0.40523493,0.13671415
0.40596377,0.09190529
0.39975664,0.11393362
0.41100088,0.13553877
0.41053789,0.13867147
0.37622095,0.13049771
0.27159869,0.06545974
0.48171584,0.15635852
0.38556430,0.08322775
0.36350074,0.08068134
0.56551857,0.13434802
0.42146312,0.11810921
0.49137554,0.13683748
0.45254656,0.09892152
0.33960565,0.07986052
0.43466752,0.10263806
0.42411651,0.13651287
0.37936950,0.09529687
0.51366521,0.14743876
0.44440847,0.11891582
0.36679247,0.09423197
0.59424866,0.15845758
0.48856622,0.14741241
0.37640794,0.13111279
0.33245304,0.11353420
0.51712861,0.14106534
0.49519331,0.12664058
0.49081443,0.13042371
0.37625847,0.12482271
0.32564197,0.07397932
0.31955345,0.08268188
0.30612298,0.08280111
0.36626577,0.10266899
0.36557974,0.10361766
0.34653548,0.10653994
0.39611909,0.14321622
0.51515188,0.14205232
0.40854940,0.12032110
0.50843615,0.14865601
0.52750535,0.15290086
0.39679218,0.09585700
0.49768796,0.15862564
0.47342379,0.13234066
0.42600888,0.11695843
0.43989998,0.11233404
0.38727518,0.10143105
0.31367676,0.07607231
0.38750744,0.10698166
0.49119427,0.14238171
0.47890185,0.13807215
0.41249038,0.10432551
0.39429743,0.09890170
0.39132481,0.10296087
0.32314485,0.09054713
0.45338946,0.12925386
0.42528353,0.14736054
0.40776820,0.12680251
0.46031583,0.14719676
0.35594800,0.08595556
0.45100192,0.12950148
0.39595010,0.10230039
0.47460758,0.10747486
0.30720950,0.08649491
0.46748037,0.12763393
0.32397145,0.09048616
0.32973742,0.09370976
0.35113115,0.11677021
0.41515719,0.11747677
0.36212294,0.07702009
0.43224707,0.11527625
0.47754989,0.11654546
0.37810707,0.08750654
0.32827700,0.07419856
0.45647489,0.11459562
0.46070755,0.10987287
0.37886798,0.12441106
0.51589557,0.10733133
0.42832323,0.09696001
0.46948645,0.14765196
0.40999831,0.10338450
0.33296710,0.07651123
0.61195238,0.18520674
0.44768872,0.11909534
0.32794410,0.07823761
0.44970551,0.10737110
0.41031506,0.13831492
0.39654923,0.10031330
0.43458887,0.10301336
0.37369090,0.13776815
0.41216791,0.12775563
0.44305134,0.12028272
0.31427815,0.10105219
0.53982582,0.16318105
0.44922024,0.12512645
0.31963628,0.10801358
0.53903229,0.12810298
0.57903611,0.17088461
0.32115804,0.10947874
0.38488910,0.12318339
0.45167833,0.12724646
0.42486820,0.12237735
0.38946910,0.12874901
0.58470626,0.16391931
0.47276288,0.13127077
0.37179256,0.11212195
0.48967237,0.11086116
0.40093825,0.07617453
0.34412254,0.09087856
0.57022372,0.14559778
0.41547309,0.08178069
0.34060726,0.08030253
0.40154150,0.10486354
0.36141991,0.09780086
0.39285395,0.13359591
0.38713830,0.10944340
0.53946303,0.11865552
0.53426181,0.13597606
0.37930909,0.10778967
0.40476740,0.09195367
0.39089616,0.09056126
0.41544191,0.09194135
0.41237146,0.11482387
0.38400477,0.10533610
0.43028973,0.13694654
0.45053179,0.11030012
0.49191562,0.15457805
0.41380463,0.12296195
0.50985486,0.11657722
0.41714051,0.15693639
0.45838823,0.14072066
0.31684836,0.06552803
0.31864385,0.10549314
0.43037808,0.12919549
0.36322082,0.10266317
0.60100946,0.15458257
0.56066624,0.16182539
0.57168421,0.14339791
0.38263555,0.09556084
0.39926383,0.08845589
0.39840781,0.08905487
0.50131212,0.14691125
0.47947935,0.12026443
0.34668024,0.07697672
0.35563381,0.10100647
0.33503073,0.09095638
0.40955918,0.12090856
0.41918443,0.13598575
0.37918864,0.12492145
0.44408219,0.09678212
0.57017572,0.14106300
0.48941621,0.14597783
0.54408202,0.13140276
0.37502904,0.11732720
0.51074211,0.12904203
0.35376857,0.11770734
0.44315488,0.12742004
0.38085713,0.10897743
0.51706176,0.14907516
0.34031315,0.07905199
0.49159800,0.10701744
0.34285635,0.08939116
0.44464856,0.14134888
0.54569160,0.12901262
0.37677493,0.10501295
0.35747397,0.10259401
0.55491845,0.12973480
0.41552410,0.13480604
0.46117866,0.11643823
0.39543917,0.12774495
0.49623861,0.15612458
0.34317416,0.09279732
0.56927674,0.18280884
0.42199811,0.12098177
0.36238548,0.09185459
0.33572175,0.10026721
0.45491256,0.15842456
0.48352995,0.13936967
0.35313211,0.08648991
0.49523528,0.12118876
0.47042374,0.11021796
0.40740277,0.09072551
0.43688606,0.14588509
0.42186620,0.08750514
0.52152346,0.14059845
0.36159339,0.11739374
0.42422396,0.10738872
0.37454259,0.10521939
0.38523821,0.08616900
0.58395645,0.18233475
0.40500140,0.10183917
0.50895697,0.14135482
0.37784957,0.10171812
0.44973152,0.14481150
0.55886720,0.14527016
0.30468440,0.08697221
0.50303290,0.14971420
0.34014866,0.09701650
0.52240794,0.14174477
0.42543532,0.10399784
0.41497209,0.08752133
0.41812148,0.09357824
0.30558951,0.09696704
0.31863024,0.10413284
0.37453021,0.10726647
0.36357907,0.11517263
0.39953344,0.12258206
0.49045692,0.10631515
0.39954373,0.10644145
0.47396796,0.10839547
0.45643871,0.13710702
0.45134754,0.13146378
0.34213486,0.08131131
0.30661351,0.08362773
0.46527022,0.12076912
0.46709887,0.11359530
0.32025486,0.08989168
0.40287775,0.14375127
0.36998550,0.09409598
0.54463219,0.16222509
0.53159770,0.14049276
0.43724491,0.12484559
0.32746209,0.08380551
0.33856205,0.11071461
0.44914652,0.13347234
0.34406264,0.12014171
0.51656261,0.16814049
0.44371591,0.10477253
0.41385932,0.10068987
0.49801012,0.14113524
0.38308027,0.08981475
0.35118492,0.10199433
0.38159482,0.11825113
0.53145652,0.16841641
0.30064464,0.08508469
0.34143412,0.08829221
0.46197621,0.12865683
0.46287917,0.09819513
0.40389748,0.08576623
0.50477015,0.11927067
0.50291749,0.12509541
0.48586963,0.11993194
0.47189296,0.10841037
0.36610911,0.11732684
0.44016539,0.11142470
0.36327123,0.08231385
0.38273214,0.08034398
0.56329960,0.16838722
0.45947720,0.12321373
0.56327400,0.13416415
0.44243410,0.12719698
0.45194602,0.12360196
0.38526598,0.08594520
0.51748954,0.13173768
0.49702390,0.13287527
0.50683843,0.12072205
0.43138050,0.11402718
0.36930919,0.09038536
0.42643825,0.10300203
0.51148363,0.12595832
0.39200654,0.11151998
0.44660185,0.13250494
0.30884135,0.09599421
0.57511258,0.14222058
0.49276731,0.15440434
0.41040871,0.12451222
0.57262194,0.20152258
0.37989586,0.09117745
0.45200088,0.15601591
0.36953872,0.10414251
0.27122907,0.07620978
0.34418113,0.07371210
0.38842899,0.09234644
0.35029626,0.11201285
0.37992300,0.09225816
0.38159768,0.08815190
0.40651868,0.09404504
0.38587384,0.08956200
0.53747637,0.15549005
0.30459689,0.09725290
0.40918094,0.10624692
0.45097726,0.09703956
0.39727403,0.11461900
0.47288611,0.15004008
0.31741823,0.09651455
0.37020619,0.10968538
0.41765566,0.09644852
0.41032685,0.11062189
0.44006242,0.11692527
0.41855332,0.10449985
0.29509674,0.09517919
0.35803703,0.08923078
0.50783672,0.14091059
0.37683984,0.08664921
0.47810752,0.13753137
0.54899290,0.15377241
0.51420183,0.10985943
0.41705114,0.12846575
0.80613008,0.22251815
0.43335421,0.12502116
0.41512270,0.11737197
0.40083050,0.09298092
0.38425943,0.11223736
0.41142379,0.11149131
0.35117983,0.12181124
0.37772130,0.10219376
0.65598792,0.18465041
0.40620327,0.12530018
0.40176924,0.10754909
0.47119299,0.11430725
0.51085763,0.11738509
0.38742700,0.12074930
0.33307143,0.09433912
0.56455982,0.14842500
0.37853011,0.12419366
0.47185819,0.14865754
0.32436879,0.08255146
0.37219926,0.10000208
0.44808034,0.13281533
0.44016782,0.10164847
0.52985853,0.16465755
0.58967214,0.16705106
0.33360923,0.07733034
0.46504969,0.13511041
0.46858914,0.11848488
0.45883185,0.10623081
0.58887126,0.17236414
0.41408622,0.14354562
0.59395667,0.15797348
0.46573982,0.13957010
0.45685062,0.13063799
0.38991981,0.11640339
0.36202385,0.09352661
0.58413871,0.16381689
0.37377512,0.09843158
0.45911466,0.15350087
0.41192393,0.11002946
0.44652021,0.10499435
0.48959180,0.13004103
0.37952582,0.09354640
0.37241816,0.10319571
0.45444637,0.14316359
0.34687498,0.08479273
0.33762438,0.08348187
0.34943785,0.10681218
0.45704364,0.10765782
0.34108292,0.10667029
0.29620760,0.08916235
0.45707483,0.11488247
0.56512580,0.13315036
0.43029552,0.11742804
0.50044755,0.12524330
0.45843715,0.16058668
0.40393697,0.12953408
0.40757135,0.11889067
0.38286521,0.10930028
0.38239639,0.10815651
0.41687917,0.09233946
0.33117530,0.11865951
0.38403055,0.12173731
0.37165382,0.09585437
0.61468557,0.18207760
0.69193230,0.18888951
0.41297187,0.12558251
0.52092632,0.14893932
0.41250450,0.12108369
0.43692100,0.12682399
0.42325077,0.13642881
0.40233239,0.12636165
0.37191903,0.10614502
0.44540066,0.10024241
0.29869605,0.09897910
0.51486621,0.11958878
0.50578686,0.17834508
0.32874592,0.12231927
0.30529757,0.07709108
0.26674349,0.07907454
0.45084613,0.14154742
0.47702647,0.13157503
0.30782102,0.09478287
0.41959282,0.12751710
0.37497496,0.08413053
0.44570889,0.11532307
0.39929391,0.12454603
0.38219861,0.10660621
0.57026797,0.12845695
0.40185379,0.11608805
0.34216870,0.08865033
0.43156729,0.13281947
0.55139141,0.11463488
0.36036487,0.07595459
0.35383554,0.07778049
0.42509054,0.11521922
0.40108502,0.09891149
0.35781564,0.09259062
0.41234826,0.09402954
0.43934440,0.11213338
0.41665748,0.11689873
0.32797775,0.11236890
0.47698335,0.15370897
0.35074612,0.08833238
0.54807742,0.15746605
0.31310628,0.08941626
0.35024135,0.07700058
0.45876134,0.11080404
0.39211656,0.08003685
0.51313358,0.12765052
0.40012064,0.12221147
0.50245795,0.13375649
0.41182526,0.12387832
0.42715112,0.14283648
0.44731290,0.11132962
0.43854970,0.14099294
0.38726445,0.06937763
0.37415048,0.12638978
0.40074517,0.13418434
0.45661489,0.12253171
0.48012977,0.15484760
0.42629702,0.12966582
0.40545845,0.13086570
0.34044222,0.06809124
0.47685629,0.11063767
0.53298928,0.13126023
0.37133918,0.11848621
0.35601095,0.09244845
0.39710119,0.13021372
0.39521412,0.08751405
0.37125583,0.11140843
0.33692147,0.09241229
0.47168457,0.14576834
0.50336549,0.15039588
0.49726882,0.11906652
0.44526276,0.12441750
0.40423540,0.09829820
0.46025512,0.15634071
0.43941226,0.10142689
0.46468985,0.11842270
0.48433867,0.12941518
0.38176836,0.11104631
0.44582176,0.11581424
0.41260961,0.10827358
0.43426671,0.13091036
0.43920991,0.12149243
0.51428114,0.10639105
0.33914504,0.09983385
0.32534564,0.08383356
0.42885833,0.12527883
0.36485295,0.10342293
0.46467189,0.14879843
0.51210197,0.11853943
0.44264638,0.12338536
0.43443851,0.13873454
0.52931889,0.14615069
0.35805129,0.12391064
0.44636128,0.14044272
0.29392671,0.08228509
0.37160475,0.08992424
0.50601487,0.12477513
0.45767936,0.09885260
0.52116982,0.13390915
0.48369890,0.13524700
0.35567257,0.11538730
0.43866401,0.13295784
0.42565880,0.12552839
0.37200914,0.11404207
0.54569560,0.14231372
0.47774296,0.15397746
0.52289694,0.17095004
0.41159489,0.09103847
0.58342319,0.15715873
0.46552556,0.13185986
0.42008559,0.14604567
0.57743428,0.13085584
0.32853491,0.09496485
0.41264867,0.11331839
0.55090732,0.15961032
0.41256241,0.09836877
0.46798413,0.12646510
0.35534187,0.12231098
0.45434050,0.13202087
0.51492324,0.15345355
0.43998142,0.10715325
0.38508750,0.07386178
0.34087886,0.09476500
0.54465945,0.15248387
0.32361486,0.07949628
0.53346189,0.14218064
0.47743921,0.12631480
0.49012730,0.13489434
0.44306872,0.13073567
0.63778824,0.21004355
0.40967381,0.10086086
0.50916652,0.13829701
0.37106447,0.11423376
0.33768156,0.07583285
0.52977088,0.14212972
0.50301514,0.15806439
0.43641831,0.12647571
0.58359232,0.13312545
0.36680950,0.08647028
0.40518832,0.14359800
0.49984525,0.14542122
0.48210326,0.11538606
0.48821684,0.12244355
0.42876629,0.11334825
0.47124896,0.13308762
0.43202622,0.11345043
0.47156427,0.14741234
0.47163367,0.12118161
0.30614273,0.08484679
0.44868685,0.10792591
0.37352503,0.07817806
0.54903051,0.15946155
0.33037549,0.09008732
0.35797539,0.09828926
0.47723922,0.10572682
0.36368578,0.11796741
0.41892755,0.09559537
0.41302099,0.14159225
0.50854830,0.15256651
0.42677175,0.10170500
0.40362117,0.12284002
0.48412188,0.13416923
0.42388349,0.12559510
0.43536464,0.10143040
0.37296709,0.12194386
0.49224240,0.11578023
0.37498189,0.08478955
0.40127812,0.12936613
0.43678488,0.12852642
0.42080957,0.11255630
0.54713758,0.15097199
0.42878168,0.12235566
0.39160191,0.12650568
0.37490531,0.10515226
0.34543402,0.09062882
0.34072094,0.07766301
0.39426293,0.10496999
0.46784342,0.15297278
0.33392176,0.11646341
0.43334964,0.11876940
0.46063808,0.11762875
0.45091974,0.14318120
0.49031400,0.12396199
0.39992118,0.12984742
0.38723419,0.10527319
0.52211480,0.12093438
0.56593498,0.12808655
0.39909538,0.12736309
0.36918271,0.10296142
0.51491325,0.11929499
0.34858358,0.11350811
0.30955986,0.08038572
0.45762856,0.12321401
0.36696330,0.10877841
0.50442757,0.12383910
0.40270830,0.09945591
0.38698149,0.08384584
0.48601213,0.14932888
0.43094730,0.14828600
0.54156318,0.14192417
0.46747946,0.12990639
0.39692004,0.11928900
0.55867219,0.12327907
0.34247044,0.09076382
0.46418421,0.16420776
0.45068378,0.11771691
0.53939116,0.12951350
0.59346996,0.15141420
0.46500564,0.12386791
0.37084462,0.09614056
0.40190832,0.10040397
0.47994819,0.11568350
0.57238228,0.16871798
0.37488679,0.11492294
0.33634725,0.08928646
0.32185099,0.09040621
0.37058398,0.11685715
0.40937408,0.11507316
0.53843213,0.17168648
0.39628900,0.12599102
0.40312308,0.10435848
0.43936528,0.12989247
0.37588657,0.10725233
0.62188583,0.14785633
0.51176853,0.11837432
0.28372319,0.08893056
0.54776194,0.14633601
0.49358590,0.14395519
0.37928184,0.12381334
0.39572863,0.11220589
0.43178979,0.13425941
0.44638160,0.15854650
0.43415361,0.13842556
0.43136186,0.09786591
0.47122478,0.13290617
0.41367086,0.13193751
0.36361068,0.07927535
0.38070573,0.11807475
0.46311676,0.11207866
0.66876794,0.20284354
0.29681953,0.08773228
0.40901066,0.10764085
0.53529935,0.19219062
0.35221171,0.09247497
0.42892701,0.13035218
0.41337655,0.13873832
0.38536375,0.08926241
0.43234754,0.11130257
0.57657472,0.14202911
0.33908256,0.08481880
0.49262153,0.16425856
0.52894225,0.12537732
0.56036269,0.15542208
0.40589550,0.09306684
0.39175013,0.11115122
0.39103145,0.10245214
0.45770057,0.13366996
0.47993179,0.12903556
0.56549577,0.15757323
0.42726693,0.12954364
0.56215140,0.15827041
0.51762986,0.13951096
0.41465821,0.08316389
0.47051984,0.11427389
0.32176891,0.09456931
0.33847742,0.08031116
0.33231460,0.09341615
0.36689211,0.08645206
0.51863963,0.17385855
0.58442953,0.20274802
0.46642492,0.13677498
0.41838278,0.10238461
0.43110878,0.10209575
0.31610669,0.10505201
0.45026768,0.13411252
0.35817789,0.11562158
0.51008204,0.12936964
0.39846306,0.09396435
0.41850442,0.12895825
0.51147437,0.17249800
0.38505821,0.10260046
0.35386801,0.10450678
0.42086114,0.13360758
0.31685512,0.08967053
0.32494834,0.09764964
0.52673684,0.12291340
0.34644342,0.07036694
0.31121215,0.08514919
0.49245807,0.11510617
0.45270649,0.13009631
0.35398359,0.11580782
0.39191880,0.10578568
0.32188105,0.10871600
0.49345701,0.12086139
0.41244510,0.07627738
0.51950814,0.13847193
0.40791236,0.12878774
0.50453716,0.14084271
0.38822281,0.10043327
0.40433413,0.12993916
0.45078552,0.09143861
0.41639819,0.12510892
0.35868886,0.13051458
0.43105806,0.10895156
0.33180868,0.07708084
0.35967044,0.08681838
0.50711378,0.13207956
0.46956397,0.14321626
0.45861987,0.07895780
0.36044554,0.10572681
0.37894331,0.08058371
0.43245686,0.10306769
0.47288596,0.13575510
0.38062210,0.10666694
0.53142678,0.13782376
0.34673042,0.11732979
0.50001218,0.14981894
0.44683529,0.11553764
0.39335428,0.10890487
0.56789929,0.16901095
0.49554993,0.14828189
0.47287709,0.11472674
0.53315033,0.12412912
0.40025902,0.09490912
0.54883915,0.13438531
0.39628561,0.11131028
0.41925231,0.09987062
0.53808989,0.12676451
0.56587120,0.15177062
0.40041882,0.10474719
0.39724989,0.12160254
0.46284115,0.13065066
0.31622698,0.09188666
0.52695515,0.11202271
0.35267447,0.09208125
0.44532791,0.14524875
0.47163125,0.14355116
0.41830241,0.09753508
0.41447104,0.10144391
0.41020237,0.12757947
0.37657972,0.09437579
0.52513281,0.14230389
0.62154389,0.17244162
0.35226087,0.11786824
0.45238284,0.12079336
0.43306449,0.12547977
0.48250470,0.16069327
0.35638740,0.10777887
0.52469131,0.11458472
0.51482871,0.15192991
0.44417294,0.11509687
0.45036798,0.10362933
0.41931915,0.10900211
0.51064512,0.12639707
0.36538838,0.07722176
0.44117145,0.11707649
0.51275844,0.13909895
0.42742932,0.12001417
0.48371033,0.14681142
0.43004409,0.08321642
0.35651826,0.08779873
0.29486394,0.07047005
0.40836892,0.09057993
0.51112425,0.13576146
0.45799206,0.13590639
0.32293649,0.09907754
0.35604409,0.10686211
0.29396723,0.07616380
0.34812198,0.11214998
0.44532609,0.11217595
0.50037400,0.12770478
0.28566114,0.06621031
0.36689074,0.12131993
0.52164885,0.11910862
0.38454770,0.12250312
0.47349683,0.10518827
0.44675023,0.10784267
0.39802254,0.13052146
0.39072979,0.09082894
0.50204422,0.12487991
0.42273707,0.15287821
0.51399128,0.14350061
0.36684787,0.09031197
0.38940022,0.10532972
0.48333488,0.12026909
0.47516952,0.12479212
0.34244479,0.09492483
0.40497013,0.11015865
0.34812000,0.09116435
0.38797128,0.11757865
0.51856611,0.12001795
0.40547109,0.13958631
0.42530969,0.10082087
0.54365134,0.15182870
0.38123622,0.10680892
0.46009913,0.13285608
0.33924565,0.10121930
0.47537766,0.11522110
0.40309503,0.10703534
0.45545928,0.12470701
0.47886940,0.12461948
0.48254104,0.10145583
0.36738852,0.11036138
0.49634552,0.14134549
0.39963625,0.08951364
0.40338387,0.09307700
0.45767029,0.11246193
0.48079042,0.12134788
0.29836461,0.08899002
0.47841165,0.12563996
0.31628471,0.07927268
0.44237138,0.15519723
0.38739336,0.09003724
0.42088586,0.10328232
0.37479761,0.07758294
0.28450117,0.08374670
0.49907451,0.15346763
0.45672313,0.09318688
0.35888241,0.09818663
0.33148632,0.06887288
0.43729653,0.12127145
0.39826564,0.09226237
0.45844138,0.14553746
0.40508497,0.10480325
0.49265907,0.14142231
0.43213153,0.10110656
0.39557876,0.11483067
0.44082736,0.11425628
0.41704872,0.11278810
0.55885909,0.13830382
0.43578198,0.13544217
0.59059677,0.17874117
0.53443974,0.16335771
0.46661905,0.15133761
0.52037978,0.12359397
0.34520931,0.08341761
0.49799146,0.13942168
0.37882846,0.11172083
0.39531648,0.09192194
0.51348728,0.10524367
0.43761797,0.09166548
0.50354865,0.16018497
0.42256484,0.09113241
0.40126999,0.08008084
0.47210168,0.11563112
0.48344894,0.15518825
0.55015415,0.14838975
0.41612333,0.11067037
0.39965999,0.11113746
0.34730894,0.08008081
0.55615964,0.18541567
0.39833299,0.12387740
0.38649259,0.08599411
0.41301816,0.09596948
0.40484142,0.10741436
0.51539211,0.13120258
0.42874002,0.10197491
0.37312563,0.10160268
0.46316831,0.11295701
0.38284378,0.08322715
0.39117263,0.08958880
0.30300836,0.09466355
0.50748976,0.11079321
0.46360762,0.14272713
0.47601095,0.12212600
0.47577131,0.14782052
0.41694869,0.11419676
0.44851501,0.10642147
0.36442121,0.10721703
0.40501751,0.11556965
0.53243187,0.11192067
0.54673626,0.14591394
0.42355838,0.10304087
0.49214990,0.11592792
0.39500915,0.11373441
0.41452178,0.11909639
0.39874663,0.09487583
0.41692442,0.10761938
0.44419213,0.10475431
0.47008662,0.14974398
0.53036343,0.16769392
0.44256457,0.09763888
0.38914663,0.11315867
0.41168268,0.08409661
0.43049485,0.13896940
0.48029354,0.15452177
0.44939018,0.10191789
0.46740599,0.14801615
0.38514591,0.09348885
0.38853775,0.13949696
0.38181161,0.11697958
0.60177506,0.17634384
0.47010569,0.11611467
0.56704036,0.14395945
0.36021533,0.07466597
0.33233253,0.10879852
0.47319171,0.11181951
0.37146592,0.11385819
0.45862998,0.13919573
0.56450517,0.18676586
0.49539608,0.11159975
0.41802952,0.13723784
0.42275612,0.08851167
0.45840295,0.14645251
0.35543118,0.09551297
0.41120650,0.10279394
0.32280855,0.07221021
0.47195951,0.12776646
0.47921331,0.10146931
0.33231589,0.10264582
0.43466184,0.09738116
0.53886363,0.15975630
0.46595178,0.10187577
0.33432521,0.08489327
0.45672523,0.11667049
0.47277613,0.13848955
0.43148560,0.12109057
0.32194703,0.07480604
0.46496025,0.14357997
0.37742542,0.10306813
0.41210330,0.09044864
0.39261816,0.13570149
0.40980400,0.12839414
0.39971071,0.09514414
0.61327664,0.18092877
0.38954979,0.08884002
0.48720452,0.14000355
0.36082862,0.09713660
0.46750847,0.13913974
0.44553605,0.12369976
0.49376532,0.12101640
0.44684708,0.11715045
0.44553400,0.10499779
0.39893941,0.09272430
0.35615917,0.09677404
0.44387057,0.11946542
0.35013260,0.09678914
0.53439378,0.12646364
0.45679502,0.13623911
0.39601416,0.10843932
0.40684627,0.11593497
0.40007095,0.10468332
0.45176330,0.11514065
0.38823897,0.10053851
0.28831724,0.07396818
0.40248034,0.10853123
0.39664415,0.11198858
0.47388498,0.11528335
0.42360492,0.15988225
0.35282671,0.09134872
0.30952552,0.08404528
0.54986895,0.15412392
0.54265368,0.15736382
0.50758923,0.14999676
0.50174354,0.11588308
0.42803769,0.08565419
0.35156132,0.11804961
0.40392091,0.11706151
0.47386532,0.13508413
0.32326870,0.11556401
0.39583229,0.08229155
0.49285105,0.14321846
0.35427317,0.11051901
0.42374601,0.09645430
0.44232623,0.11082821
0.42759808,0.10075360
0.34574784,0.10973924
0.47771068,0.13343958
0.45404274,0.10474396
0.48531305,0.14432679
0.54359590,0.15163328
0.50352323,0.16895519
0.29605101,0.09663254
0.32559946,0.09850556
0.48740820,0.14819219
0.51276460,0.12431184
0.54416165,0.17469638
0.35723153,0.10666232
0.38770162,0.10591713
0.34705953,0.07691082
0.37944723,0.10250116
0.40775451,0.12382776
0.51288340,0.10096392
0.44322062,0.11175117
0.58857457,0.16664239
0.46253105,0.12586924
0.42390535,0.15147813
0.44809668,0.11701708
0.34636308,0.08902159
0.45002333,0.13160368
0.40176645,0.12207917
0.36449725,0.12279733
0.32413714,0.10005573
0.52561332,0.12074988
0.41440057,0.13263744
0.45298391,0.14696151
0.34031059,0.07739877
0.43490710,0.13181666
0.61309014,0.18501542
0.49663906,0.11947538
0.47400540,0.12838356
0.37885392,0.10018987
0.48013620,0.09840663
0.42862805,0.14105189
0.41004124,0.11144108
0.35787704,0.11811417
0.41304027,0.07495606
0.35214584,0.08342787
0.40731493,0.11213873
0.34309078,0.09865823
0.43055415,0.10163394
0.30595453,0.09740654
0.43276566,0.10111311
0.49950396,0.14080693
0.43537742,0.14416882
0.47883218,0.15683124
0.35571129,0.09867265
0.50448520,0.13505063
0.46202079,0.13972654
0.37298295,0.08514898
0.35507389,0.09305001
0.53214339,0.16440853
0.45389581,0.11997386
0.31449212,0.07687451
0.37094393,0.12978696
0.50012165,0.13363755
0.53121019,0.17699961
0.38140757,0.10154950
0.34929675,0.09914781
0.34278216,0.09118157
0.31872772,0.10221784
0.33508839,0.11680215
0.50934717,0.13941096
0.32139378,0.10105030
0.39179174,0.09102722
0.45154951,0.13062690
0.35087129,0.10548360
0.45603902,0.12929772
0.48995099,0.09390603
0.49734103,0.10560922
0.56345618,0.17353921
0.42304194,0.08590609
0.38721048,0.09564100
0.60611940,0.17580433
0.35278107,0.08355941
0.45902250,0.13487194
0.48687527,0.16026021
0.53604792,0.12798604
0.44133498,0.10715955
0.39300483,0.12812288
0.41345398,0.11086721
0.28719503,0.07997538
0.46599963,0.13918229
0.41184138,0.14640775
0.34291801,0.08870192
0.41860231,0.09633005
0.41901137,0.11356404
0.43092483,0.11980837
0.58525050,0.14208339
0.45338550,0.13360425
0.38798576,0.12910848
0.33575531,0.07131436
0.41147513,0.11820493
0.39097103,0.09215985
0.38007177,0.10485354
0.48829900,0.14466171
0.45118760,0.15437011
0.44941121,0.15848839
0.46065701,0.16022923
0.42386266,0.12770345
0.49107315,0.12375326
0.35457157,0.11816185
0.31759978,0.06938083
0.44073270,0.14216144
0.49668346,0.14849812
0.50167352,0.15366098
0.40245812,0.11308931
0.39044586,0.08194353
0.31460215,0.06971811
0.42379304,0.11225552
0.38540605,0.12704143
0.46803259,0.14969228
0.33675449,0.09498452
0.50343383,0.13010637
0.35415940,0.10823463
0.40011574,0.09219769
0.32912971,0.08684315
0.46281522,0.12422461
0.33529763,0.07341544
0.50736000,0.14325671
0.44965916,0.12324498
0.51741897,0.15462471
0.43314381,0.13506352
0.38576076,0.08643362
0.43967062,0.13174220
0.62929648,0.17223580
0.38287903,0.12067750
0.45866819,0.14086967
0.32628604,0.09884656
0.49142620,0.16199665
0.41371542,0.09246454
0.39939443,0.12423564
0.54318541,0.12114734
0.41908716,0.12790253
0.47625620,0.15038139
0.38857468,0.11852059
0.33716188,0.10620826
0.42923172,0.10606625
0.38766617,0.12800040
0.53120472,0.12693510
0.48302497,0.15160907
0.52361853,0.13053115
0.40047921,0.12043861
0.30843001,0.09756386
0.41245567,0.12720631
0.37879233,0.11245789
0.34950567,0.08495212
0.43103365,0.09202435
0.46173755,0.12114428
0.33833180,0.08464944
0.46752663,0.17807124
0.45892161,0.11821208
0.36463359,0.09893847
0.37687130,0.12041333
0.37282515,0.08937868
0.50410939,0.13859556
0.46701181,0.11246244
0.38048796,0.10526965
0.36987429,0.10848083
0.38986254,0.11669296
0.38294621,0.10033704
0.51813824,0.16341272
0.50948959,0.14270008
0.30713017,0.07346360
0.39218170,0.12984701
0.48754455,0.11613129
0.38778107,0.09543049
0.38775749,0.12554578
0.47631503,0.11113160
0.28994797,0.09030277
0.42911104,0.08839357
0.50141063,0.14802639
0.43295994,0.09388114
0.48075937,0.12820785
0.46855215,0.14414709
0.48769849,0.11428457
0.36570480,0.11879851
0.38571582,0.09590628
0.45161441,0.12408278
0.41423985,0.10830447
0.45170637,0.14223420
0.42086428,0.11785381
0.38924474,0.12673794
0.42293279,0.09855490
0.47676540,0.12532247
0.47334315,0.10782509
0.44082176,0.12615348
0.46908684,0.15590078
0.48717918,0.12314457
0.50882610,0.15703784
0.38507197,0.09150555
0.39330620,0.10938707
0.39511340,0.12876739
0.41507598,0.11976222
0.35946856,0.09130543
0.47797015,0.15195889
0.40665033,0.08237043
0.33003669,0.09107082
0.43216552,0.11749687
0.48295158,0.11309392
0.38371500,0.08421185
0.35601010,0.11424223
0.35170912,0.08308755
0.28677181,0.09133833
0.38770965,0.13315428
0.42204850,0.12877350
0.52833262,0.12689699
0.51590009,0.14301736
0.34005568,0.09279777
0.52348883,0.13096116
0.31904900,0.09928181
0.51620300,0.10756082
0.46614231,0.13328368
0.41648671,0.11796326
0.46875872,0.13696256
0.54639350,0.13383798
0.43428559,0.11296120
0.33346555,0.11739158
0.39009961,0.13075311
0.58078703,0.15938061
0.45485422,0.10050569
0.31574800,0.06957595
0.47439008,0.16218038
0.32766732,0.10377948
0.46448969,0.09630194
0.38416594,0.10788755
0.38650439,0.09821925
0.47629817,0.15308150
0.31978538,0.10640253
0.36885345,0.08705214
0.56848401,0.15070575
0.37307238,0.09409469
0.35531719,0.08390115
0.41738485,0.10521011
0.38061062,0.08601370
0.39550130,0.10206414
0.52661270,0.16561109
0.50408235,0.16329918
0.44370137,0.13498094
0.32046020,0.07355783
0.36875842,0.11517358
0.53172332,0.12510467
0.36404354,0.11065012
0.29442590,0.06748374
0.46870729,0.12042480
0.44058218,0.10051413
0.34849966,0.07043459
0.34511448,0.09533382
0.47129291,0.12011898
0.48905792,0.13450247
0.43394961,0.13133683
0.46245822,0.12045691
0.35920957,0.10993479
0.42962137,0.11401318
0.38400737,0.08092595
0.49566171,0.13216842
0.37533404,0.11903720
0.28450530,0.07114995
0.37642178,0.12175512
0.50908001,0.14923852
0.38884553,0.13355256
0.36567079,0.10624737
0.38306674,0.10614547
0.28801608,0.08530720
0.37866031,0.12118853
0.44341222,0.09908034
0.42054719,0.08693596
0.35789269,0.11643485
0.47574219,0.11254307
0.41935951,0.13263171
0.42003315,0.12558609
0.49595744,0.16352242
0.40880495,0.11750310
0.34743267,0.09393402
0.30347816,0.07271962
0.35207247,0.09147493
0.49118416,0.11478550
0.45086130,0.12813466
0.47370354,0.16321362
0.43341477,0.11394617
0.34034246,0.11903393
0.36275125,0.09209601
0.49337037,0.12663718
0.46994306,0.13666987
0.57504464,0.22059329
0.30384716,0.08619946
0.53068179,0.16236109
0.38766829,0.10375337
0.44179255,0.09056088
0.41534649,0.12295425
0.39518609,0.15286857
0.51054900,0.16232944
0.50413724,0.14693368
0.43078934,0.09979810
0.39195869,0.12627522
0.42522770,0.13732823
0.53744027,0.15492873
0.55183086,0.13832761
0.41726438,0.09137130
0.50867518,0.15993264
0.51179385,0.11418032
0.33330108,0.09842122
0.46525832,0.10443782
0.39436579,0.13044122
0.39347788,0.12683951
0.44667611,0.08150416
0.45038620,0.14467927
0.40873934,0.12338133
0.54609289,0.14811614
0.35214577,0.08870139
0.42674810,0.12955645
0.41917083,0.08490042
0.30307074,0.08594054
0.39421246,0.09114265
0.42457090,0.09487790
0.49373657,0.15850971
0.62449633,0.17718391
0.30010411,0.08247811
0.32461695,0.08422272
0.41250237,0.12554470
0.33318015,0.09677262
0.44163170,0.10424176
0.41990237,0.11636784
0.46927693,0.11421520
0.39174275,0.11133436
0.48775001,0.14960372
0.35897928,0.08982831
0.58410849,0.16816366
0.43571996,0.08907165
0.48360083,0.10725847
0.49734137,0.13250621
0.42850217,0.11439598
0.47956835,0.13493677
0.42796818,0.11429062
0.43636139,0.11023067
0.50570122,0.12394943
0.42701686,0.10102842
0.34912655,0.10486444
0.36152753,0.10035654
0.52683933,0.11701024
0.40067971,0.09756125
0.46472698,0.12138099
0.43724938,0.13013276
0.54048845,0.14055861
0.38735229,0.09440763
0.51552690,0.17684103
0.35236822,0.08967096
0.37054427,0.09287991
0.43255966,0.14078815
0.51910715,0.11986792
0.25860158,0.05891259
0.39556465,0.08983317
0.46143885,0.10937394
0.55692978,0.14563932
0.49960014,0.11458854
0.42592343,0.12298161
0.45892665,0.12189853
0.45202335,0.13390398
0.42215895,0.12515602
0.65089981,0.18438946
0.51076392,0.15708822
0.49224379,0.15991462
0.44764789,0.16285257
0.37092679,0.10138002
0.30995924,0.09602649
0.35020902,0.07906873
0.36184376,0.07730983
0.44213724,0.15024880
0.42146419,0.11536623
0.47801763,0.14613129
0.45884547,0.12920088
0.43380083,0.11687712
0.42346957,0.11492861
0.40841358,0.09383040
0.57068512,0.20105859
0.55992692,0.17762262
0.47635482,0.15294792
0.36340813,0.10747397
0.28566608,0.06723799
0.56684151,0.16789755
0.38545364,0.11493167
0.34262297,0.09723904
0.33913818,0.10180532
0.41173943,0.10753403
0.53005844,0.15488405
0.47808170,0.11152580
0.35007350,0.06763552
0.43211947,0.10576897
0.35588681,0.10263511
0.52274502,0.11568964
0.31923822,0.08427279
0.48927268,0.11023210
0.32696732,0.07431568
0.33217329,0.09575017
0.33901003,0.09637746
0.44761093,0.12969343
0.44868784,0.12495674
0.32076995,0.06508360
0.42830734,0.10802280
0.45093679,0.12681273
0.33917712,0.07285431
0.50681250,0.15859016
0.50129996,0.15236643
0.55868580,0.14667760
0.35196249,0.09076184
0.40038231,0.11947785
0.40142379,0.11991604
0.44803050,0.13182806
0.45843930,0.14765886
0.53834236,0.12360392
0.37836825,0.08747061
0.45050949,0.12837553
0.51562158,0.18643304
0.35787059,0.11769427
0.42781830,0.09827995
0.46935516,0.10791764
0.64743942,0.17109418
0.35767904,0.07402025
0.42024049,0.11919473
0.45871782,0.13966646
0.49936100,0.11645163
0.50244500,0.16214088
0.43894290,0.09921319
0.39754176,0.09387320
0.38149154,0.09996604
0.34285858,0.11113874
0.53914534,0.15285792
0.36674043,0.09631740
0.37131173,0.07967126
0.45553121,0.11281513
0.45968822,0.10470331
0.59397895,0.16119991
0.34138024,0.10138446
0.33178916,0.08243928
0.36394957,0.11319085
0.55657363,0.14376151
0.53145266,0.11066537
0.52566516,0.16821712
0.55898805,0.14561386
0.47888682,0.13782317
0.27530238,0.06910945
0.36258012,0.10393943
0.36366441,0.07768393
0.48635870,0.13233178
0.32269022,0.08346728
0.45414947,0.13841574
0.41886781,0.11957518
0.39716080,0.10585404
0.40537574,0.09006308
0.45841378,0.12770771
0.50009815,0.14153795
0.40310337,0.10359508
0.36368559,0.10778367
0.44224765,0.14534564
0.30563727,0.07917059
0.31812134,0.08201336
0.48610454,0.15875423
0.46727807,0.10763458
0.33166925,0.07037355
0.34640111,0.09291868
0.58818785,0.15465063
0.53632082,0.16970342
0.45389180,0.10182128
0.46997573,0.10617000
0.39244468,0.09721861
0.33193823,0.08959060
0.41626078,0.11327090
0.32875587,0.09343843
0.56611217,0.14618508
0.51087483,0.13109743
0.42683539,0.10936188
0.43459068,0.15448215
0.55240804,0.14259142
0.56402700,0.15180091
0.28527404,0.07446241
0.39621765,0.08762364
0.38751029,0.12637396
0.44292882,0.12236570
0.27338394,0.06651553
0.46020102,0.10152495
0.43668453,0.15326076
0.39114650,0.10614866
0.46332237,0.13125224
0.45031448,0.09072413
0.49272519,0.16425120
0.34991725,0.12218841
0.45221101,0.12693928
0.33682428,0.08810376
0.40584360,0.09733697
0.41767141,0.11837852
0.41869939,0.13108118
0.30946363,0.09037006
0.46462965,0.10530209
0.32058911,0.10376392
0.52449064,0.16362351
0.35113396,0.07626474
0.35818609,0.11523219
0.38637061,0.08240739
0.35787971,0.10565675
0.48349945,0.13598864
0.47694844,0.12247006
0.33060045,0.07462649
0.46340321,0.12013989
0.33199275,0.08331368
0.29634527,0.10526753
0.36735653,0.08540577
0.37520173,0.09396312
0.40707978,0.10693295
0.42763310,0.14693613
0.34171801,0.10874144
0.29072944,0.08771747
0.57749475,0.15595843
0.37153891,0.11050894
0.39912155,0.13636816
0.41670016,0.12329491
0.32407822,0.09118750
0.39310739,0.08634427
0.49423343,0.11838475
0.37018408,0.09869092
0.35778365,0.10033176
0.41750527,0.11562259
0.38069376,0.07626402
0.38499124,0.12076480
0.56991251,0.15444852
0.51981842,0.12283366
0.45571325,0.12653597
0.36591443,0.10830406
0.46963349,0.11726527
0.37284587,0.10412406
0.41222456,0.13512231
0.49286733,0.12539102
0.26697351,0.08992713
0.37624590,0.11823682
0.36349667,0.12759106
0.41693177,0.12376731
0.41711447,0.10172917
0.36409917,0.08608776
0.44982467,0.10825078
0.50611725,0.15876586
0.34941345,0.07533993
0.42980784,0.08577378
0.42173877,0.13482277
0.38040710,0.08194689
0.48568942,0.12035207
0.27492765,0.08608906
0.46874254,0.16441626
0.50771176,0.15078714
0.45360420,0.13757627
0.45595040,0.09985369
0.47344798,0.11570400
0.56737238,0.15450989
0.36177461,0.08762425
0.40596265,0.09467329
0.46466944,0.12146141
0.50151195,0.11633387
0.47067343,0.15753655
0.35118058,0.06968719
0.43136542,0.14873664
0.37978530,0.13360138
0.36188784,0.10483079
0.50397550,0.15318596
0.45821509,0.10369686
0.37536336,0.12696813
0.48963163,0.15524285
0.48635428,0.15830976
0.40137842,0.08968374
0.31680608,0.11067475
0.41307255,0.11164156
0.52985203,0.17576011
0.47987016,0.11131325
0.53343263,0.13964165
0.46256834,0.12107145
0.48328159,0.12718523
0.46789644,0.14049357
0.44469589,0.13584532
0.38974881,0.13280021
0.34127917,0.07996740
0.36779967,0.11344754
0.40593576,0.12809806
0.38666769,0.09911638
0.44383149,0.14195588
0.45410713,0.11803171
0.41210614,0.13631166
0.51357634,0.14757011
0.44106580,0.14572544
0.33352775,0.07204491
0.44544952,0.13942070
0.43960702,0.10789984
0.50008261,0.15198293
0.47443796,0.09491754
0.40663954,0.11192979
0.44723492,0.10174194
0.35358940,0.12171390
0.48748187,0.10668488
0.35126445,0.10056902
0.55456787,0.13022189
0.36919353,0.08766276
0.39642964,0.11995356
0.45477499,0.10155325
0.32808509,0.09353296
0.45886058,0.13154491
0.32731847,0.07708396
0.38157446,0.10184853
0.41925388,0.11686750
0.37863978,0.11776539
0.48136448,0.13099175
0.32990584,0.08274304
0.43800727,0.11698279
0.38089623,0.09162236
0.40312835,0.10313891
0.49361170,0.15666100
0.40050969,0.11044833
0.54883967,0.14440660
0.50969002,0.14120246
0.53290063,0.14798313
0.47263514,0.15879159
0.33595743,0.09453060
0.49581427,0.14100183
0.44114831,0.11373461
0.29791168,0.11161383
0.42904769,0.09686874
0.33566133,0.11153079
0.40667342,0.08978599
0.40449944,0.12074130
0.38725982,0.09259263
0.55477574,0.13685547
0.52644985,0.16239153
0.39836491,0.12951578
0.34323717,0.08370261
0.46919350,0.15483977
0.39548018,0.08874964
0.42371552,0.12288240
0.42563899,0.13746576
0.46543701,0.09187873
0.43837814,0.12316669
0.45395912,0.13207214
0.40091160,0.12698045
0.33911413,0.07696678
0.50684505,0.16020104
0.34564249,0.10168553
0.37837646,0.13357041
0.44724408,0.12903250
0.39374867,0.10941381
0.53281193,0.14054366
0.46475798,0.11136240
0.47790207,0.11966431
0.51283541,0.13918020
0.48729198,0.12809027
0.42980961,0.14634694
0.42796628,0.13880085
0.45648642,0.13282530
0.56369304,0.14901770
0.47845043,0.12271087
0.30638656,0.09276506
0.44900969,0.14186264
0.44892380,0.10350479
0.41342946,0.10288820
0.41098779,0.10148474
0.58536311,0.12267026
0.33256415,0.07771841
0.32471030,0.08038369
0.35193141,0.08642751
0.44907256,0.11291387
0.47821656,0.15729518
0.32355679,0.09918701
0.39491361,0.08472728
0.43230610,0.11412405
0.49366052,0.13148834
0.38061223,0.11397758
0.56147060,0.13981388
0.38197086,0.08046799
0.33211425,0.08528389
0.49201742,0.11780024
0.36041293,0.09520452
0.43368267,0.12877989
0.54030072,0.11510305
0.39299919,0.13857205
0.41801532,0.09839476
0.48256287,0.15953900
0.42655476,0.13431290
0.34139542,0.08031805
0.51239693,0.12403204
0.43636721,0.09528133
0.39065560,0.09439519
0.36373716,0.07399199
0.40121616,0.09553151
0.38917639,0.10499634
0.41577955,0.12854444
0.35163014,0.09471982
0.41837464,0.11702346
0.35425206,0.12855862
0.43074394,0.08727169
0.55510725,0.14459607
0.47187986,0.10547808
0.43541075,0.12365180
0.45994322,0.10075658
0.45226423,0.14415739
0.34931681,0.11659690
0.29970698,0.10611657
0.53807254,0.14927834
0.30931258,0.09494712
0.40618669,0.09652381
0.46727140,0.10674176
0.46620255,0.13433485
0.45575386,0.12982275
0.50362445,0.11149837
0.36804678,0.09767065
0.46653302,0.15257695
0.36166745,0.08561657
0.32101401,0.08394878
0.46241638,0.12889506
0.42980738,0.11148410
0.41257706,0.09703412
0.46212371,0.12262529
0.49797731,0.13222549
0.52042088,0.12086966
0.42466231,0.12937358
0.45611148,0.09687866
0.43665653,0.09971752
0.50236008,0.16456633
0.42692405,0.12191654
0.42544551,0.10903875
0.50910414,0.11033828
0.49592570,0.13015740
0.44662203,0.11966502
0.34282592,0.07756540
0.50221309,0.13488453
0.37126939,0.10443775
0.36266976,0.11777633
0.49130366,0.14934744
0.42129824,0.10684160
0.46621099,0.13344206
0.43747600,0.10318942
0.50180914,0.13491792
0.41595561,0.13338101
0.38274851,0.11314554
0.33507229,0.09933607
0.35627444,0.08278458
0.40805111,0.07773790
0.55005592,0.18795039
0.46150126,0.14748886
0.36729202,0.11556397
0.41773087,0.11356166
0.42460669,0.11260488
0.43187900,0.08983287
0.42487458,0.14671477
0.44219320,0.13679007
0.43699036,0.09166709
0.50021924,0.14264713
0.46707769,0.12585507
0.44431522,0.14649530
0.49507361,0.16047503
0.55289744,0.15010013
0.33478694,0.08717779
0.40916842,0.12690190
0.46682711,0.12942942
0.51459731,0.16281024
0.47306156,0.10613440
0.43757214,0.10372809
0.39843495,0.08135032
0.45513082,0.14411262
0.43455544,0.10783856
0.55998564,0.14654248
0.34811161,0.12377614
0.45558585,0.11737347
0.44579045,0.09791115
0.47394280,0.12451293
0.53082943,0.15984586
0.51318045,0.16461287
0.46852158,0.14762601
0.38414033,0.11836711
0.42805807,0.11836027
0.44798250,0.12377632
0.45207942,0.13086285
0.38675612,0.12145023
0.37286776,0.09888627
0.30336406,0.08445499
0.46247784,0.15008215
0.42836529,0.10371821
0.44828931,0.11605583
0.37252909,0.11420479
0.39561258,0.12668564
0.33618267,0.09770958
0.37675965,0.08225306
0.42801161,0.10573541
0.36621493,0.11047717
0.39219514,0.08862931
0.52627120,0.12370553
0.45854336,0.09965672
0.52322620,0.16593169
0.35977442,0.07518919
0.40419650,0.10990394
0.42597024,0.12670379
0.41235112,0.12796211
0.33058614,0.07695876
0.39359258,0.11528900
0.35807020,0.11998516
0.39793868,0.11552402
0.58437967,0.15804628
0.37244420,0.10514393
0.47831933,0.10984646
0.29877724,0.07540309
0.35587598,0.09166706
0.45512423,0.13164836
0.31110943,0.08115791
0.39874946,0.12642483
0.50406858,0.14885638
0.54139412,0.15189747
0.40496838,0.10084281
0.46626085,0.11131886
0.37371767,0.10264275
0.37484223,0.09891519
0.46710229,0.12885127
0.47985636,0.14193339
0.50340100,0.11934763
0.34561528,0.07622785
0.50041275,0.12715961
0.43346986,0.09557927
0.55543088,0.13199777
0.45800137,0.10507757
0.43075521,0.14684022
0.42230921,0.13684560
0.42563631,0.11475618
0.43412010,0.10272090
0.56102018,0.17003702
0.39596431,0.08919366
0.38332380,0.09652625
0.34623067,0.09943920
0.40197608,0.10063429
0.46400798,0.11066427
0.53983610,0.17682512
0.39496400,0.09032666
0.49957796,0.16310797
0.45078209,0.12672727
0.37767779,0.12390405
0.49793738,0.14717131
0.40950144,0.10338806
0.26938919,0.07794408
0.41493626,0.10787390
0.33349729,0.10934681
0.53113887,0.13903428
0.39572142,0.11509463
0.38958099,0.08625730
0.34845866,0.07331938
0.48166069,0.15698576
0.42173138,0.10692012
0.46914295,0.10683821
0.37283361,0.07774293
0.41229272,0.11601438
0.44801304,0.15521050
0.34046451,0.10495762
0.44900083,0.11330090
0.36071438,0.10092868
0.48060095,0.12385491
0.38176351,0.10282918
0.35274710,0.10425597
0.45116125,0.13674325
0.43759950,0.12299068
0.53998378,0.17990913
0.38880435,0.09668413
0.51319941,0.12982939
0.39584263,0.09900653
0.54885736,0.17198837
0.29924769,0.08709608
0.42567500,0.09155804
0.35140419,0.11761438
0.41931653,0.13689282
0.48089050,0.10208461
0.42800863,0.14236625
0.47619772,0.14059291
0.40523171,0.11778982
0.52186884,0.12352357
0.47235265,0.14578765
0.43831620,0.15028247
0.38012462,0.09607971
0.46081887,0.10025479
0.38332771,0.10785701
0.33969585,0.08892719
0.49187284,0.14047101
0.52925389,0.14068581
0.50546793,0.11788267
0.42386615,0.08733348
0.46140860,0.10965366
0.51182889,0.16620075
0.33780067,0.08762810
0.38401250,0.13160720
0.56648650,0.17072649
0.44344604,0.14126169
0.29913062,0.06941792
0.46869382,0.16103928
0.39304837,0.10663011
0.34781411,0.12296186
0.50772037,0.13589100
0.51527598,0.15526669
0.55240596,0.13958000
0.53273210,0.14679902
0.55840393,0.16777340
0.40551250,0.10684654
0.34485103,0.06571270
0.58869023,0.15780553
0.40687422,0.09592371
0.59341988,0.16892021
0.37364612,0.08840000
0.52069870,0.15483631
0.56648100,0.17566453
0.58817543,0.17992105
0.42880141,0.08613663
0.38328850,0.10644489
0.42644900,0.12921754
0.48337456,0.14145198
0.41441868,0.13226688
0.53385566,0.12879293
0.49090237,0.13676800
0.42069680,0.09418239
0.44784143,0.13143731
0.47578494,0.15507100
0.51335011,0.15696094
0.44976220,0.12997201
0.38281790,0.11652032
0.39476807,0.14153219
0.40835074,0.09901675
0.43937935,0.13716836
0.37312059,0.09592421
0.51426423,0.14103250
0.37371817,0.08423015
0.57896466,0.14770888
0.32763681,0.10191446
0.37925550,0.08401394
0.39736879,0.12833115
0.43281849,0.12782044
0.55946411,0.15615883
0.35533075,0.08253113
0.39283597,0.14360706
0.51861428,0.11813066
0.38514514,0.10191231
0.38189453,0.08194988
0.46310561,0.12206887
0.43198766,0.11656402
0.43830816,0.11812125
0.30585153,0.09880269
0.38536217,0.12525808
0.42173655,0.09779451
0.44236366,0.13319246
0.43014467,0.12668308
0.46863540,0.10257165
0.43613658,0.10271838
0.37024251,0.08819719
0.43244546,0.15358088
0.42066742,0.10786695
0.40079307,0.08523887
0.32927589,0.07633572
0.33636058,0.11213258
0.58929267,0.20195053
0.53093661,0.17458874
0.46107432,0.08849171
0.35523841,0.11816471
0.48310211,0.14936207
0.54581963,0.14642933
0.49949367,0.14548065
0.41966544,0.13722774
0.42779256,0.09282498
0.43902623,0.10447125
0.31911947,0.10598233
0.27345363,0.07934951
0.29109616,0.07509982
0.41150537,0.07927932
0.55708426,0.17221134
0.31300985,0.08767515
0.51036650,0.12795793
0.37836513,0.10754703
0.47465859,0.09651875
0.45160818,0.13770296
0.35452684,0.09696404
0.56119655,0.12033005
0.50039742,0.13822812
0.48258270,0.10391230
0.34236926,0.11670671
0.44467136,0.13990291
0.49790399,0.10990225
0.43296841,0.14663867
0.50905932,0.11410033
0.38869977,0.09360545
0.33098517,0.09200133
0.42333249,0.15000801
0.39549569,0.13663907
0.45436836,0.15607308
0.36331506,0.09882569
0.43952380,0.15472748
0.39266859,0.11727960
0.36859103,0.07958594
0.39998333,0.09235318
0.52368045,0.13546648
0.40208804,0.09158007
0.44129027,0.12722127
0.50381726,0.14139804
0.46916040,0.10235348
0.41447349,0.12907800
0.33743564,0.07681728
0.37548570,0.09524313
0.59169563,0.15835667
0.29213766,0.09546680
0.53691830,0.14803601
0.35556913,0.08477937
0.38816394,0.09108606
0.58996619,0.13872493
0.51942701,0.10328286
0.44401478,0.11802880
0.51634600,0.15683791
0.40582152,0.13247247
0.44303923,0.12026460
0.33881635,0.08439401
0.49051223,0.13492983
0.44823367,0.08409512
0.51173045,0.14667418
0.39808765,0.09381159
0.50465189,0.16152829
0.36902880,0.08367717
0.31465090,0.09322727
0.34215150,0.09577293
0.33512744,0.12232905
0.51224353,0.11165077
0.48493625,0.14551267
0.45074482,0.10910552
0.57943876,0.16563094
0.37133053,0.08710843
0.46291285,0.13938379
0.48249249,0.13695516
0.35745353,0.10313166
0.43576324,0.12129549
0.56229155,0.17187871
0.33189706,0.09955271
0.32967335,0.06870775
0.33583878,0.10210207
0.42906447,0.12037040
0.38913328,0.11121172
0.45099415,0.11298418
0.47529231,0.11549088
0.33280650,0.09306013
0.42857736,0.10645299
0.43235068,0.10483891
0.38976610,0.09293517
0.65557001,0.18172128
0.48208382,0.14800555
0.36036426,0.11040724
0.47784221,0.12884453
0.55142216,0.16026254
0.44739379,0.10394933
0.49133874,0.14636718
0.46264865,0.12670889
0.41567113,0.13539431
0.36396826,0.11018914
0.40891374,0.11672664
0.48079661,0.11224415
0.48693334,0.10500236
0.47074519,0.13222228
0.47903602,0.11410084
0.45470726,0.14493257
0.42769103,0.12905500
0.30842774,0.08215079
0.50101920,0.15451884
0.54921427,0.14606642
0.42365874,0.10499507
0.45854586,0.14379154
0.33873042,0.08750523
0.43160721,0.11496317
0.34823535,0.11529732
0.49030406,0.11554430
0.36215936,0.09623678
0.38679262,0.08221825
0.42678240,0.13388611
0.43791375,0.08987352
0.46515190,0.10994573
0.37921637,0.07982264
0.36499874,0.09949685
0.49538333,0.12146766
0.41843792,0.13528900
0.46952715,0.12529067
0.43327566,0.12056586
0.42526376,0.11123211
0.48193511,0.14061147
0.47273918,0.15160729
0.30155830,0.08450166
0.49361805,0.14147980
0.33068176,0.07409499
0.48902554,0.14784164
0.35329190,0.09492752
0.34415700,0.09673788
0.42618163,0.09972832
0.36715700,0.11030151
0.44124444,0.11855477
0.38482300,0.10473845
0.36986469,0.08871744
0.41408085,0.10306659
0.47178451,0.13055643
0.51929040,0.14807541
0.42029412,0.12471736
0.47059040,0.12088593
0.40938602,0.08952238
0.36288516,0.09041753
0.32412585,0.10070347
0.39454516,0.10851489
0.31420297,0.08019465
0.36800162,0.08847553
0.42777808,0.12816490
0.31777033,0.07716219
0.44064368,0.14570189
0.39775620,0.11182273
0.45383578,0.09125743
0.54490210,0.13205795
0.43565687,0.11192579
0.50259736,0.13277506
0.48614653,0.17406903
0.39002431,0.12339166
0.49480629,0.10743310
0.38669456,0.11770521
0.46818826,0.15658963
0.39643768,0.08506807
0.41020318,0.11131496
0.40980231,0.11865792
0.28807984,0.06500914
0.28737725,0.10012795
0.44456875,0.10601778
0.55353509,0.12370991
0.39821127,0.12270848
0.41820562,0.09597814
0.50411883,0.11898273
0.38378142,0.09877993
0.52842211,0.15479961
0.49856217,0.14088034
0.39186141,0.13203210
0.37186509,0.09322653
0.55355944,0.16079948
0.37293568,0.10380790
0.48912802,0.11431647
0.38689614,0.10301954
0.45565716,0.12369033
0.38995237,0.12706810
0.49503322,0.11972189
0.58115548,0.12596572
0.43832918,0.14893560
0.43369132,0.15763276
0.49628817,0.13574772
0.35932290,0.10563288
0.35361615,0.07441101
0.30642022,0.07638273
0.43681360,0.10196087
0.35738444,0.08931524
0.47278076,0.10815679
0.52670313,0.11085205
0.51044545,0.15299819
0.46708767,0.12864176
0.41410661,0.13699179
0.50121201,0.15004652
0.35631809,0.11274444
0.57712333,0.16897678
0.37733320,0.11400993
0.39217238,0.13042548
0.41912088,0.14364331
0.46059750,0.13284548
0.47633092,0.12267957
0.38091152,0.11551487
0.39371964,0.10258329
0.32082820,0.06836758
0.36089560,0.07184889
0.51877028,0.13001404
0.55389620,0.16838923
0.61889755,0.14970093
0.39311722,0.09550646
0.34375399,0.07260812
0.36631284,0.10722263
0.37740781,0.08135128
0.38134516,0.12443416
0.30235133,0.09677099
0.29496123,0.07845826
0.39933084,0.08398920
0.39370175,0.09828290
0.39976002,0.11741820
0.32821655,0.10881481
0.45177254,0.12684345
0.48279040,0.14581135
0.49684221,0.13777606
0.41531291,0.11120602
0.52412598,0.14756782
0.36474188,0.10647183
0.41532804,0.09479736
0.46582741,0.09703313
0.42493125,0.09728598
0.32204862,0.09228405
0.40061015,0.10139923
0.39733261,0.09190556
0.43439193,0.11465823
0.49533092,0.12488656
0.44144942,0.12679321
0.43631227,0.14086286
0.58257734,0.15002834
0.39254379,0.12726671
0.46697079,0.13746088
0.47195204,0.14536784
0.38200951,0.09634436
0.42235687,0.13176812
0.50968821,0.12998868
0.41418711,0.12209421
0.34381016,0.07868449
0.31812744,0.08620271
0.37133986,0.07731014
0.30528525,0.07598721
0.44261756,0.14307872
0.43572117,0.09074910
0.47665697,0.16039555
0.52939943,0.13987049
0.47065913,0.11962567
0.58107753,0.16219172
0.45309378,0.12884717
0.46364554,0.12039420
0.39569927,0.12917635
0.34807811,0.12268115
0.32113690,0.07823565
0.30039685,0.08466578
0.40714378,0.10406222
0.38240680,0.08696885
0.53573521,0.16053374
0.38003883,0.10302320
0.56205790,0.16654209
0.49763076,0.15870597
0.36867430,0.07960540
0.52849877,0.16822292
0.37794744,0.09268239
0.53218269,0.17414930
0.44843253,0.12616056
0.60550259,0.14785696
0.30542416,0.08679571
0.42079411,0.12628587
0.46145769,0.13547350
0.45594023,0.10365934
0.36486493,0.12650464
0.43602466,0.13822142
0.34908051,0.08375358
0.38017297,0.11790266
0.48875323,0.14161969
0.33862730,0.10653648
0.43159866,0.10402586
0.37458562,0.09925128
0.49216124,0.11048541
0.39239427,0.12579179
0.49128229,0.13880963
0.46887622,0.14720500
0.33227259,0.10538396
0.54163513,0.17516990
0.38145467,0.12560275
0.37148478,0.09096541
0.40179876,0.09785191
0.45327446,0.10899639
0.40446598,0.13486847
0.50702018,0.16297783
0.44946336,0.13176998
0.35285577,0.10930497
0.42798071,0.12506941
0.44777567,0.11198321
0.57524572,0.15285037
0.46847220,0.16004330
0.37224484,0.11333153
0.54710956,0.17500090
0.43711568,0.10281039
0.37080687,0.11100442
0.56511739,0.16403138
0.45834350,0.12592588
0.35220394,0.07929184
0.47689954,0.12755065
0.41507840,0.10863517
0.37591260,0.11638158
0.48356618,0.13139518
0.48854675,0.16058591
0.50907599,0.17411701
0.32858547,0.07184869
0.37967497,0.08719115
0.41181654,0.11041903
0.35357650,0.10671329
0.40393989,0.10300022
0.41286252,0.12001507
0.55954148,0.12377103
0.34449311,0.09438604
0.43761486,0.12978784
0.33610675,0.09979693
0.44365029,0.09409401
0.35053379,0.09299005
0.60229381,0.17425460
0.38581164,0.12315248
0.52776550,0.14532619
0.41936056,0.08455706
0.27345541,0.09381055
0.35390233,0.10726692
0.56843487,0.17593994
0.40916690,0.08548760
0.47253143,0.11839764
0.44891642,0.13819110
0.54604743,0.15421819
0.48153645,0.12039681
0.44863108,0.14052233
0.36935735,0.09127678
0.41981055,0.10345407
0.46972877,0.13530303
0.39331929,0.12552418
0.41290782,0.11797035
0.53718465,0.15615731
0.38890992,0.11697140
0.30878528,0.09281823
0.38474618,0.11673178
0.47367759,0.12874018
0.55620553,0.15842937
0.44435202,0.13084556
0.40039972,0.13166637
0.36608872,0.12011342
0.40931761,0.08593439
0.39778659,0.12960078
0.49796333,0.09595486
0.41957245,0.13417415
0.58027593,0.15122415
0.41183226,0.12334534
0.37484249,0.10382074
0.54403729,0.14266103
0.44156106,0.10527724
0.34134969,0.11564141
0.39831053,0.12002971
0.38222305,0.10029287
0.50175468,0.12157634
0.38496711,0.10107977
0.38366795,0.10062476
0.41350358,0.11930619
0.52703732,0.14351225
0.52625818,0.15550974
0.45599143,0.13337131
0.41102691,0.13307781
0.35300775,0.08314675
0.47459796,0.16049916
0.43469350,0.12481353
0.53983170,0.15261614
0.53083194,0.15705010
0.54617930,0.17040756
0.37376767,0.11814367
0.42315687,0.12711810
0.39000229,0.10637028
0.34090435,0.08891063
0.43070158,0.10699016
0.58087983,0.15939012
0.38483397,0.09131365
0.45625112,0.11224258
0.45163157,0.10785302
0.50729003,0.14071555
0.37917772,0.08103619
0.31779975,0.07504747
0.29703462,0.08535607
0.39785609,0.13232748
0.45677824,0.09377135
0.36528367,0.08191553
0.36207445,0.08287771
0.32562318,0.08492854
0.37417811,0.11699312
0.35168708,0.09705411
0.52602453,0.11306726
0.36093625,0.10509786
0.39939867,0.08121301
0.32578267,0.07139661
0.42662494,0.10197234
0.34375790,0.08798832
0.40805223,0.12791293
0.43727168,0.13327791
0.37220384,0.08397615
0.37747194,0.09304986
0.42452360,0.13198780
0.53078413,0.14455261
0.44018068,0.12369630
0.32332525,0.09605196
0.44615022,0.09157583
0.40060283,0.11966892
0.42657241,0.12439443
0.31844116,0.08480939
0.32081585,0.10168530
0.39533882,0.11978239
0.44587910,0.10335289
0.47030674,0.14207969
0.36059306,0.09897184
0.38871219,0.10605120
0.40983645,0.10067575
0.34908761,0.10886100
0.40544807,0.11632108
0.49733888,0.11460716
0.39907376,0.10024376
0.42523222,0.10671741
0.35596356,0.09701556
0.51007327,0.12646582
0.32920016,0.10024880
0.61357378,0.16214382
0.31865537,0.07785572
0.47621614,0.12353748
0.50135845,0.12310367
0.44727452,0.09768881
0.37484417,0.11547404
0.39520602,0.09181368
0.41162987,0.14102912
0.39850771,0.10419514
0.44292990,0.11341690
0.35425473,0.10311601
0.35199216,0.08448507
0.36503654,0.10866735
0.50996538,0.15431936
0.38180366,0.12421342
0.44752652,0.11201134
0.46548592,0.15579044
0.54917370,0.15160352
0.41017005,0.13582916
0.31232990,0.07558141
0.29230601,0.07842947
0.47133961,0.11089838
0.36846663,0.12354738
0.43938530,0.12750667
0.35741915,0.09152968
0.51184688,0.12220567
0.50868357,0.16265441
0.37368159,0.08435778
0.35751451,0.11609004
0.43304473,0.10415455
0.37926887,0.07750043
0.36439271,0.09814207
0.39005283,0.12359808
0.35206096,0.09756482
0.38092665,0.11855005
0.39310697,0.12253136
0.35138851,0.10012476
0.52019493,0.17514653
0.33717192,0.09190314
0.41124553,0.10136364
0.34655994,0.12712285
0.32072230,0.07662463
0.43489882,0.10637773
0.44376213,0.11335519
0.68523078,0.17154540
0.48339708,0.12298833
0.39907717,0.10123383
0.33393207,0.06837534
0.30358449,0.09389010
0.44141047,0.09534324
0.44369865,0.12138608
0.52820504,0.14181773
0.37434831,0.09347453
0.36246832,0.14452622
0.37721918,0.10704227
0.32935186,0.07287689
0.44359994,0.12533045
0.43707874,0.10622495
0.37774439,0.09933208
0.46342261,0.13268263
0.42053864,0.14472722
0.42084568,0.13042374
0.47684109,0.15931497
0.37121514,0.12735269
0.50381959,0.12020820
0.34645395,0.08957826
0.40092741,0.11286907
0.39600924,0.13032843
0.61985227,0.14485255
0.35316785,0.08604639
0.32091510,0.08916004
0.35275171,0.09316160
0.36332634,0.09407284
0.46617024,0.15664005
0.34075251,0.09386582
0.36351037,0.10679187
0.45886688,0.11933201
0.48923857,0.14096567
0.51184414,0.11763214
0.36115413,0.11537315
0.29019110,0.07666361
0.38826145,0.13611877
0.46509495,0.11929073
0.36892233,0.09840716
0.29463116,0.07892305
0.31535468,0.10844789
0.34015657,0.07759503
0.43597460,0.12326171
0.37105320,0.12241574
0.37300856,0.10614142
0.43195139,0.11618711
0.36293377,0.10813099
0.37177998,0.10249826
0.50255670,0.13605173
0.45896375,0.11425928
0.44774994,0.13033350
0.46074631,0.11242497
0.44895226,0.14357709
0.37761036,0.09522852
0.43801217,0.12981044
0.43079370,0.10178022
0.41819135,0.09871385
0.33980894,0.07120413
0.36759477,0.10124331
0.36401699,0.09900936
0.43102341,0.09574622
0.48751729,0.15254380
0.50306761,0.14383684
0.37985475,0.12454759
0.37734677,0.12527981
0.56871020,0.16940663
0.34731144,0.08869694
0.48857111,0.14755956
0.46388340,0.11055513
0.35448258,0.08098328
0.33401774,0.08289856
0.50513307,0.10364848
0.41473307,0.09546520
0.35715941,0.07928488
0.48828612,0.14448104
0.38477716,0.10509631
0.32897098,0.08167137
0.42600386,0.13532442
0.29454611,0.09115516
0.41576371,0.08967833
0.40853114,0.13963920
0.50514057,0.12027110
0.55114228,0.16728314
0.46648235,0.13039259
0.49388582,0.11689256
0.46668698,0.11065964
0.48744656,0.14522576
0.36320648,0.09815028
0.40846888,0.11413322
0.50239429,0.15148629
0.45491514,0.09672814
0.51074753,0.14979825
0.43982199,0.11080112
0.43708448,0.11452302
0.40028147,0.09930690
0.51760231,0.11783633
0.42020177,0.14218646
0.35257218,0.08429225
0.46979677,0.12587143
0.48139286,0.13719796
0.38735187,0.13515247
0.46001146,0.15878688
0.56430300,0.15492436
0.45439147,0.11749404
0.43807603,0.14588259
0.51334295,0.13877692
0.49826339,0.14196532
0.46875816,0.15145190
0.47000322,0.13731087
0.46631031,0.14378207
0.48579446,0.10475659
0.32692916,0.08337554
0.48913659,0.11377510
0.46575570,0.10948230
0.30483832,0.09077925
0.62214416,0.17505190
0.52920221,0.14003952
0.39155097,0.13479647
0.52268073,0.13748695
0.51925622,0.15627813
0.46161817,0.14176435
0.37738183,0.11500956
0.47867812,0.13254203
0.32906760,0.09190135
0.43431555,0.10164285
0.36408757,0.08186754
0.35773485,0.08118559
0.36720189,0.07598224
0.50308000,0.11134098
0.49091203,0.12230255
0.38327150,0.14425607
0.35320890,0.07561867
0.50792461,0.13806746
0.45280797,0.12780033
0.42767800,0.11219261
0.59081579,0.15644262
0.43923799,0.11220337
0.34134194,0.10681340
0.42467934,0.10302714
0.35509684,0.11208243
0.45016797,0.11140236
0.34344744,0.07730564
0.55524536,0.15293609
0.38940113,0.12416636
0.39288581,0.09418036
0.34230501,0.08889161
0.38233034,0.10437071
0.43283912,0.11182358
0.36578633,0.08385368
0.46570186,0.13132464
0.59715670,0.15117928
0.41092020,0.09691231
0.34881260,0.09804357
0.33368141,0.10164895
0.40726735,0.11290801
0.46684861,0.13803040
0.53030311,0.16239108
0.42965013,0.11519149
0.48397517,0.14220980
0.40623709,0.08706181
0.43928919,0.12694406
0.43100964,0.11588206
0.48810841,0.09902349
0.44539124,0.12821310
0.36819178,0.12223463
0.52655297,0.15927421
0.33808355,0.10999713
0.39421144,0.12055344
0.38033776,0.12654709
0.45487815,0.12490170
0.50029061,0.14905770
0.40807503,0.10043241
0.41124096,0.15197108
0.59296443,0.15506499
0.33249322,0.09163965
0.38179472,0.12997513
0.34002904,0.09172298
0.55768326,0.14706319
0.63370294,0.17398140
0.36462575,0.08924160
0.37232700,0.09375883
0.47226285,0.14742155
0.41453118,0.09893826
0.37989034,0.10850545
0.40621304,0.12923462
0.45761968,0.15213468
0.32968808,0.09149934
0.62156274,0.15879027
0.39299936,0.07914843
0.57548531,0.13948966
0.37949489,0.08963748
0.47134003,0.13631851
0.39738530,0.09054715
0.40825785,0.09290014
0.32274366,0.08283819
0.44940854,0.09381248
0.38854167,0.11261842
0.31986809,0.08121595
0.47376651,0.15511876
0.33783816,0.11177470
0.46367354,0.16025457
0.37990794,0.09605835
0.62222755,0.15738337
0.46965134,0.10425086
0.53588581,0.13408382
0.47764866,0.10110765
0.37474542,0.13678855
0.36753628,0.10604232
0.44230501,0.15771078
0.45135061,0.15796939
0.41726728,0.09366047
0.44039683,0.09328848
0.45888622,0.11699158
0.36825486,0.08406014
0.58222629,0.14187093
0.41887075,0.11630128
0.31628799,0.09065709
0.38470149,0.09212494
0.47668039,0.11022183
0.44054751,0.13399791
0.52656744,0.15703065
0.44203139,0.12704127
0.57536584,0.17119164
0.55367705,0.13875607
0.36497878,0.10171090
0.46979322,0.15582298
0.34408178,0.11476401
0.33113269,0.08394675
0.46053828,0.13029076
0.48733411,0.15470942
0.52529802,0.12238123
0.40574565,0.10603705
0.46549898,0.14625651
0.37246551,0.09118928
0.48934896,0.10036426
0.60197502,0.15402504
0.29515091,0.07174138
0.50635893,0.16488014
0.35106501,0.07510974
0.35653712,0.10025257
0.48778151,0.15152429
0.39969303,0.12325999
0.51306537,0.13064449
0.37754979,0.09254583
0.56123466,0.15664425
0.40292603,0.10364161
0.44905602,0.12766389
0.36716022,0.12802344
0.48576390,0.12861064
0.33678464,0.09893425
0.48335793,0.12030158
0.43600487,0.12140079
0.52792174,0.14398702
0.44519487,0.12947998
0.44841277,0.12940316
0.36704210,0.07912516
0.41218410,0.13223064
0.44737587,0.08715118
0.33065279,0.07680418
0.44519679,0.12842685
0.42285059,0.13416612
0.36740066,0.12334365
0.36413518,0.06827630
0.45826188,0.09892150
0.47190115,0.13498984
0.36812234,0.11562624
0.37780693,0.09006370
0.50391067,0.14020986
0.50100268,0.15167136
0.27494121,0.08879606
0.50104961,0.14028185
0.40396738,0.08153922
0.46402171,0.10710433
0.52983000,0.15359033
0.44218582,0.10846402
0.51592011,0.14948402
0.47211068,0.15323834
0.46550103,0.12461391
0.40334404,0.11033451
0.41067503,0.09461477
0.36621148,0.08557139
0.31013239,0.10726551
0.32929228,0.09487320
0.42040640,0.08645692
0.38128583,0.12323860
0.36589822,0.12354114
0.40065982,0.08023890
0.44169547,0.11792718
0.37321189,0.07981440
0.46741926,0.11275070
0.47618028,0.14868865
0.38804357,0.12059411
0.32821947,0.08637474
0.52437968,0.16523442
0.50742101,0.14184676
0.48302307,0.15159446
0.36069926,0.08828198
0.34463801,0.11739548
0.45693385,0.12500200
0.41890683,0.13197576
0.35270612,0.12719268
0.49094692,0.10080708
0.43203447,0.11945067
0.45064199,0.13133309
0.50580438,0.16440025
0.53099720,0.13415256
0.40532066,0.12329977
0.40910756,0.08861555
0.37321127,0.12938932
0.50409108,0.15391677
0.40948237,0.12644702
0.35181352,0.11216397
0.51438883,0.13221814
0.40451832,0.12173004
0.41909750,0.11873540
0.44208642,0.10981232
0.36135035,0.07430921
0.31120964,0.08903311
0.41585416,0.10883135
0.43477626,0.10685224
0.48965140,0.15536818
0.36001939,0.07342101
0.43835931,0.12232118
0.46080139,0.11516301
0.33763307,0.08875601
0.32795690,0.11873604
0.34292047,0.08596909
0.46027247,0.12653432
0.41988641,0.09484849
0.57494363,0.17930260
0.43497155,0.13663679
0.29420781,0.07519516
0.46646829,0.12317208
0.43239798,0.13974761
0.44783113,0.11503998
0.39273645,0.09259022
0.36921012,0.12237143
0.45547631,0.12916365
0.42348239,0.12876370
0.35633958,0.12051134
0.50437042,0.09781545
0.35680495,0.07452216
0.42690074,0.11468923
0.41617978,0.12686767
0.46099689,0.11215507
0.33534029,0.09080038
0.41539837,0.15046419
0.54234538,0.15025614
0.37889700,0.10871568
0.52282012,0.16450047
0.58301945,0.14424778
0.59437915,0.14708756
0.41919402,0.13769412
0.37527605,0.11815020
0.40557860,0.10966619
0.50470550,0.14963497
0.41108208,0.11422612
0.37836656,0.08725498
0.35375909,0.08453842
0.34678098,0.11258468
0.38526814,0.10943783
0.37599741,0.10639395
0.43069021,0.14973295
0.41374899,0.08719086
0.54373812,0.17337668
0.38017208,0.09084018
0.40779688,0.14122568
0.47761462,0.13275044
0.43183077,0.12860054
0.42796099,0.12230959
0.34657436,0.07796669
0.51009541,0.12287763
0.31623840,0.07878322
0.39408704,0.10115008
0.60774249,0.16447848
0.32442445,0.10547847
0.40771835,0.11868507
0.37637689,0.08179784
0.39247254,0.10637967
0.34914659,0.08420968
0.41056054,0.10765018
0.47026472,0.10927534
0.37493724,0.12038864
0.38518573,0.12512655
0.28655943,0.07084835
0.56416128,0.15020478
0.49281522,0.14261240
0.45223901,0.12066692
0.55837096,0.13427274
0.41630371,0.13507753
0.39798415,0.10312806
0.39481058,0.12127905
0.52645453,0.13884670
0.41759951,0.11080511
0.29809221,0.08948988
0.54434152,0.15268531
0.37595289,0.09791135
0.40489600,0.10745152
0.47078851,0.15354949
0.31255802,0.07978547
0.37477494,0.09606575
0.44837736,0.12099076
0.43384627,0.09047284
0.36848559,0.09714085
0.42030341,0.08861345
0.40028625,0.12048045
0.53607265,0.15328750
0.36552488,0.09435938
0.46570742,0.14876914
0.46560872,0.12741892
0.50155823,0.16390253
0.44533434,0.12086643
0.41724240,0.10498540
0.29419860,0.06233786
0.44702076,0.09286839
0.35374140,0.08499793
0.42007361,0.10117147
0.42088745,0.09414903
0.41306985,0.12817311
0.56280221,0.16234719
0.41987243,0.13988313
0.50631840,0.13884709
0.50355642,0.12970564
0.35538253,0.08800409
0.39690969,0.09237668
0.33951657,0.08951189
0.37482358,0.08389669
0.43227779,0.10668723
0.37969490,0.09809151
0.39606747,0.10007210
0.37559837,0.09541491
0.45275153,0.09612478
0.48386346,0.14707130
0.38424107,0.07839047
0.41130093,0.13092580
0.49236099,0.13463613
0.42668569,0.09767969
0.54437209,0.14803489
0.44179251,0.12949626
0.49284072,0.13901035
0.38981796,0.08482903
0.41590898,0.13628401
0.38141381,0.11072221
0.54136143,0.10751465
0.45810192,0.10594488
0.40575895,0.12521116
0.62399211,0.20193317
0.40638274,0.12993662
0.49811709,0.15197087
0.46873518,0.12357395
0.40647402,0.10086365
0.56478593,0.14329610
0.44031122,0.14757434
0.42336006,0.14116712
0.42532605,0.08678191
0.43765491,0.10937584
0.39986723,0.12203128
0.34137180,0.08942127
0.35622246,0.08274616
0.41448743,0.13449300
0.31779687,0.09550454
0.47149232,0.11824272
0.42322384,0.10345969
0.43368804,0.08948588
0.43993952,0.13396834
0.45395449,0.12127032
0.49792992,0.14649579
0.41830734,0.09148877
0.50881686,0.11823533
0.46969787,0.11295974
0.48260638,0.12968925
0.41001855,0.08192405
0.49981411,0.11946025
0.49582450,0.15002274
0.31779062,0.08765755
0.26803819,0.09212580
0.38914747,0.08516759
0.42484447,0.10132377
0.46025651,0.10389722
0.58436577,0.14982705
0.47148168,0.16724318
0.63899408,0.15671595
0.47437979,0.10190940
0.27576628,0.08708966
0.47465175,0.14617160
0.45250472,0.12343654
0.51479772,0.15524649
0.44725104,0.13673988
0.49448293,0.13695937
0.48676621,0.12388930
0.39535724,0.14137890
0.45338268,0.11443732
0.41152778,0.11665023
0.41088116,0.10588989
0.51892096,0.18990042
0.36754875,0.12478518
0.44614254,0.14381300
0.28786359,0.06912662
0.44948608,0.15715809
0.42744006,0.12903968
0.45589162,0.13506550
0.46217143,0.13298445
0.43145101,0.13143240
0.40756123,0.13297566
0.44884131,0.11939116
0.30831689,0.09155287
0.38007511,0.11974505
0.41346794,0.11592613
0.39609543,0.10412306
0.28279905,0.07668961
0.42618148,0.12625122
0.37273904,0.12582150
0.33034949,0.08516855
0.45659572,0.11790333
0.39926821,0.13688289
0.53978105,0.13564055
0.41351157,0.13029049
0.42543648,0.10763182
0.35430665,0.11567427
0.34646305,0.10390203
0.49789000,0.16344947
0.32838570,0.09067634
0.46231607,0.14267557
0.50794448,0.14363511
0.38728947,0.13649058
0.38055036,0.12738600
0.50523244,0.10467665
0.48150838,0.12822795
0.39955119,0.12649065
0.36856433,0.09981612
0.51148848,0.14618778
0.58678658,0.16427357
0.48833228,0.11885237
0.37346448,0.08239374
0.41189941,0.09596341
0.40793646,0.13530064
0.35649113,0.11034871
0.45205971,0.10961096
0.45639951,0.12682315
0.43227814,0.10834114
0.53382423,0.14923386
0.34987426,0.08495293
0.41963340,0.10173755
0.53682121,0.14320876
0.49877973,0.15495392
0.52888154,0.13499776
0.38089533,0.09136286
0.32467313,0.08097933
0.42954558,0.13641968
0.57443272,0.11557436
0.37619966,0.09274777
0.50231852,0.15339350
0.40616938,0.11187316
0.51575700,0.11929959
0.51094600,0.13379611
0.44305358,0.13190789
0.37609489,0.10122791
0.52208185,0.12783828
0.38813958,0.09172219
0.43710601,0.13198320
0.36634610,0.09999097
0.37875605,0.12883125
0.39855709,0.08346567
0.44190973,0.13770811
0.36084474,0.08358046
0.37743145,0.07984441
0.42432083,0.09539032
0.46027854,0.13761907
0.39233038,0.09281102
0.39551206,0.12102097
0.47132884,0.12671292
0.34078192,0.08433488
0.45821635,0.10816479
0.43938589,0.14105139
0.46040269,0.13768823
0.35588800,0.08288206
0.48735904,0.14229806
0.45266336,0.08674233
0.30966674,0.08501317
0.29625446,0.07410127
0.57942385,0.13640760
0.44826696,0.11419580
0.46732957,0.11719114
0.34312353,0.09371347
0.47598285,0.12599505
0.43690181,0.10026182
0.39382838,0.11021113
0.62533504,0.17796954
0.39394951,0.11900065
0.46628134,0.12534823
0.35863341,0.09575345
0.43324814,0.13011129
0.39613983,0.11376981
0.39069687,0.08458332
0.52086514,0.16675773
0.32595070,0.07660467
0.45507777,0.12461222
0.46903000,0.14177308
0.33678061,0.09708366
0.38137007,0.08838231
0.43773368,0.12632819
0.35570739,0.09286068
0.31942380,0.10812980
0.47592325,0.12524266
0.37693266,0.10227292
0.47508054,0.10062862
0.42473811,0.13345218
0.39360711,0.10978974
0.47618622,0.11565126
0.48742260,0.13310225
0.57383145,0.15125324
0.45705802,0.12381543
0.29805896,0.09855456
0.31836578,0.08394117
0.40443684,0.14136230
0.39419796,0.11947085
0.33068692,0.08151701
0.45607257,0.12230746
0.36772399,0.09375105
0.32128052,0.07762604
0.42532547,0.11814542
0.43966386,0.09590946
0.41428338,0.11215590
0.46897373,0.14491924
0.50308433,0.10894271
0.30837924,0.06457015
0.48214062,0.11534325
0.48648858,0.14874398
0.37526588,0.08336407
0.43125136,0.14297368
0.32157341,0.07321575
0.46647117,0.13826184
0.44053662,0.10749516
0.46815196,0.11884196
0.47293403,0.15447623
0.45732331,0.15789312
0.38739992,0.11929216
0.34675107,0.08361620
0.42610768,0.11272570
0.41853219,0.13563988
0.46284800,0.10791000
0.39335520,0.12610154
0.36150460,0.10353704
0.54636605,0.11042355
0.41789653,0.09704611
0.37255722,0.12695461
0.39109251,0.12678870
0.47842257,0.14108122
0.44842453,0.12339055
0.40997473,0.10023952
0.34078425,0.10469303
0.44297644,0.11966969
0.58891316,0.15662575
0.47734434,0.13211056
0.52434207,0.13324141
0.40446285,0.12847034
0.41428686,0.14937723
0.43348186,0.11787693
0.37045573,0.12417169
0.43227842,0.12372413
0.27665528,0.07993450
0.39755235,0.14155958
0.44449965,0.15577622
0.46047915,0.11938244
0.43629020,0.11947197
0.44553301,0.13197672
0.61483036,0.14731510
0.36058002,0.08519067
0.33467065,0.09316583
0.44506059,0.09434801
0.55514877,0.14438812
0.39455019,0.10505567
0.49913138,0.15540546
0.50217710,0.12734516
0.47204209,0.13181282
0.42641350,0.12239238
0.34615234,0.10818033
0.46540269,0.12070129
0.46029813,0.11076529
0.37967394,0.12082719
0.43155210,0.11432292
0.40255651,0.13641694
0.49077648,0.10955076
0.33663377,0.11385149
0.49552081,0.10037334
0.44417311,0.12035798
0.34560850,0.09616965
0.41795432,0.14629810
0.53449872,0.14206645
0.57219679,0.16598142
0.39138776,0.10623580
0.44042885,0.14155639
0.44751444,0.13769127
0.41314503,0.11755063
0.45446023,0.11513122
0.49492909,0.14905165
0.33263585,0.09568378
0.37687331,0.08647049
0.48547682,0.13226041
0.33690602,0.10199993
0.37230415,0.10063922
0.47114445,0.15557768
0.31277033,0.07948181
0.42882514,0.13590871
0.36611371,0.10338158
0.34202298,0.09179036
0.38793823,0.08839990
0.41154796,0.09772820
0.50651762,0.16081119
0.48510623,0.15159620
0.36590606,0.10772336
0.55660407,0.14543341
0.39849234,0.12917855
0.58304381,0.15810702
0.36438559,0.09624753
0.43202900,0.11963144
0.48043259,0.08979290
0.33637056,0.09128410
0.35437322,0.07447533
0.45062115,0.13227930
0.47015805,0.12938382
0.35648684,0.09106523
0.40410247,0.13150619
0.52158565,0.15078317
0.41796892,0.13152998
0.52828942,0.13409272
0.56062499,0.14845584
0.33231364,0.07112805
0.48287607,0.12116219
0.47370999,0.14363487
0.56141282,0.12690415
0.30706783,0.08587292
0.43898772,0.12458200
0.55388605,0.14332197
0.51414562,0.15102939
0.48604979,0.13009320
0.44146459,0.11466811
0.45219113,0.11568666
0.46663459,0.13771258
0.55342963,0.13927474
0.31421734,0.08331726
0.38851749,0.10645798
0.52949125,0.13649726
0.36046089,0.07548766
0.50410369,0.14238293
0.51801604,0.09914155
0.39880826,0.09513036
0.46796996,0.14926183
0.38712363,0.12207156
0.46050172,0.09400609
0.34057809,0.09076886
0.39977573,0.11814432
0.38923229,0.09547649
0.45606279,0.11897993
0.39023631,0.10146618
0.37300664,0.10906464
0.41779445,0.14381996
0.28631041,0.06944615
0.43857388,0.09927194
0.41915050,0.10997537
0.42995937,0.15258801
0.25932009,0.08233559
0.40967365,0.09489347
0.48362448,0.15720637
0.31328040,0.09036419
0.51580739,0.12011617
0.34469622,0.10994370
0.40302127,0.10541439
0.52986664,0.12177427
0.40957108,0.11047641
0.46932413,0.12885668
0.44917743,0.13729668
0.38753586,0.10810714
0.38785389,0.08893432
0.37123159,0.11338928
0.54611566,0.18765479
0.48120538,0.14821887
0.47530367,0.15466477
0.38691487,0.10249192
0.40665127,0.12039539
0.37194374,0.10715972
0.44077704,0.08522808
0.37668798,0.11008314
0.49977407,0.15291527
0.39202915,0.09302015
0.38770212,0.08768192
0.47605345,0.11797917
0.40476908,0.12220328
0.46429904,0.16423444
0.49089786,0.13441890
0.45165276,0.09257781
0.26591705,0.08149002
0.49636074,0.13189458
0.33300775,0.06924555
0.42990463,0.11299702
0.53257176,0.10931563
0.40730949,0.08832574
0.41770096,0.08814261
0.46021288,0.14078910
0.49391070,0.15559699
0.54233080,0.13136142
0.56466581,0.13107366
0.35505820,0.09281138
0.32191924,0.08737185
0.41131597,0.09017490
0.48292753,0.12911307
0.51604669,0.12336738
0.27913228,0.07105854
0.33524673,0.07705895
0.50825915,0.13246648
0.50703755,0.15845789
0.40028169,0.09903830
0.37234923,0.13213041
0.46991035,0.12227159
0.44891747,0.12422217
0.31231439,0.10142078
0.37845159,0.11984632
0.35145322,0.10901498
0.52559496,0.12469035
0.33218371,0.06679178
0.45491436,0.13141248
0.45509598,0.11035667
0.40030064,0.11301117
0.47101891,0.10857001
0.57557452,0.14609702
0.43553227,0.11673151
0.34419555,0.11391900
0.43510715,0.10388411
0.52507353,0.17315689
0.43291780,0.11327498
0.30734807,0.09039531
0.40038385,0.08436014
0.38055925,0.10386387
0.44533809,0.12414735
0.53045440,0.10795635
0.42488785,0.11383964
0.36822275,0.11814988
0.41775504,0.08796898
0.51325670,0.13552423
0.39931165,0.10304864
0.37465931,0.11776512
0.39741630,0.07716579
0.41762632,0.09979939
0.42442969,0.09108344
0.37523740,0.08865223
0.39688839,0.10824218
0.41109493,0.09193690
0.37718530,0.09679156
0.47374352,0.09603433
0.43925796,0.13025914
0.46577403,0.11437190
0.41127646,0.13169121
0.36722257,0.11971444
0.51554231,0.13604790
0.43619032,0.11982330
0.45692155,0.11604682
0.40288625,0.13873132
0.37368794,0.09012826
0.55593864,0.15355842
0.39412794,0.13539449
0.46511750,0.10585129
0.52375630,0.14240071
0.45690325,0.09688970
0.33120206,0.09100953
0.50249813,0.12261024
0.44332438,0.12940041
0.42012972,0.10024369
0.45320196,0.11176751
0.33536533,0.08898979
0.39920032,0.11537518
0.52699021,0.15176128
0.38924889,0.08973922
0.36477407,0.10516793
0.47710454,0.13012689
0.42265417,0.12682566
0.47876107,0.11283344
0.41231466,0.12843506
0.48022981,0.12928289
0.32865922,0.09932097
0.32529545,0.07171521
0.51890481,0.14455968
0.44914742,0.11997441
0.42950343,0.10596037
0.45727837,0.11961191
0.40101106,0.12634247
0.57505338,0.16308257
0.42035783,0.10771779
0.48799508,0.12569061
0.33366411,0.06795003
0.41572157,0.10160956
0.53653884,0.11997817
0.42526541,0.11174020
0.51466936,0.12133264
0.38660987,0.08968134
0.45832339,0.15027224
0.50909490,0.13062943
0.41819385,0.08177985
0.39093799,0.09979315
0.36428202,0.10096592
0.38125331,0.12338565
0.44937353,0.11695671
0.35979925,0.11818171
0.37243344,0.12860793
0.44137846,0.10267905
0.35639024,0.07356671
0.45700074,0.12461828
0.36753810,0.07542261
0.44682413,0.10198237
0.52214721,0.11234296
0.43221933,0.12598163
0.48396535,0.10031129
0.49185832,0.09849954
0.48070742,0.14313960
0.49939066,0.11290617
0.39534825,0.11115117
0.33848290,0.11512118
0.46998433,0.12290294
0.36914361,0.10361881
0.47169387,0.12989994
0.42631433,0.10010954
0.38704714,0.11903852
0.29275133,0.07234006
0.38660610,0.11716135
0.40597913,0.11179431
0.51542685,0.12220505
0.38587208,0.12579459
0.44132899,0.12546508
0.51058597,0.15002197
0.37235298,0.09659940
0.47510973,0.13224867
0.51143923,0.14137748
0.30698840,0.06777802
0.42917187,0.13164858
0.29288430,0.08034522
0.31177591,0.08113841
0.52956801,0.15749390
0.36063645,0.07606342
0.49330953,0.14342671
0.33694551,0.11236635
0.33941339,0.09777630
0.50736653,0.13040781
0.39742717,0.13178705
0.37244613,0.09241377
0.41642403,0.08267281
0.35181945,0.07911674
0.39580299,0.14057700
0.41141198,0.10293667
0.40425428,0.10401665
0.47246656,0.15554043
0.54560669,0.15265539
0.43883075,0.11833794
0.44464311,0.12734915
0.52065057,0.15274906
0.46013871,0.09940813
0.47513287,0.10216240
0.41191516,0.13946282
0.34617972,0.09834323
0.48248960,0.11007042
0.35885042,0.08749687
0.54996837,0.15953826
0.45100355,0.10198792
0.44291527,0.13095617
0.48262240,0.13531709
0.31796398,0.08157808
0.47500005,0.12885047
0.35392450,0.11209101
0.35886489,0.09480310
0.37175188,0.09546560
0.41301075,0.11459033
0.40971707,0.09958220
0.60219086,0.16989256
0.48130048,0.13805289
0.46686062,0.11546031
0.53604982,0.16173457
0.39289946,0.10406006
0.44832889,0.12550755
0.49995278,0.12751782
0.51513893,0.14640914
0.47597834,0.13206997
0.48237454,0.14852203
0.32355372,0.07065105
0.44399089,0.09604310
0.37490371,0.08240613
0.40283702,0.12482636
0.41496951,0.13347509
0.47691554,0.09764057
0.38518672,0.08033043
0.44835263,0.11334548
0.52945440,0.12806051
0.46029111,0.10008421
0.34386223,0.11229015
0.38143342,0.13045493
0.33865878,0.09163775
0.39281200,0.10703489
0.35792268,0.10624448
0.32593242,0.11327984
0.52387869,0.12172158
0.39587482,0.09554853
0.54069543,0.15234387
0.50094185,0.14021524
0.44619519,0.11063476
0.36646799,0.07814518
0.38378649,0.09599959
0.38884101,0.14394927
0.53146517,0.13378620
0.37372070,0.09589671
0.48290416,0.14521709
0.54740881,0.15786215
0.37674490,0.12556894
0.50024943,0.10525503
0.42402377,0.13548732
0.50015129,0.14447982
0.46902710,0.14855578
0.45966133,0.15216529
0.45278967,0.14826876
0.41545551,0.10962607
0.41449107,0.13635224
0.40427102,0.12776834
0.40819354,0.10109810
0.36843963,0.12822146
0.31730132,0.08791564
0.36491248,0.13345816
0.37398448,0.09420540
0.54975427,0.15640224
0.60767839,0.14594816
0.41576769,0.09468100
0.36282025,0.10427077
0.48962632,0.16211872
0.37320987,0.09252521
0.40057872,0.12581070
0.41346783,0.12116709
0.43909923,0.14977738
0.42099514,0.11130716
0.28559792,0.08127377
0.49730442,0.14739458
0.34710899,0.12717078
0.37241997,0.09317200
0.45231526,0.14390106
0.41111430,0.12794547
0.46242725,0.13629566
0.49122459,0.13714619
0.44690603,0.12712048
0.38573724,0.08989043
0.34171198,0.09948777
0.40250460,0.12340879
0.40486672,0.13264663
0.40048808,0.09723842
0.45098370,0.13230092
0.43880326,0.12288430
0.50843128,0.14403629
0.37052515,0.10514995
0.41794190,0.14120320
0.43289751,0.14599513
0.51099481,0.16250757
0.41074676,0.13521708
0.42484745,0.10605714
0.46932509,0.11333855
0.51054750,0.15826492
0.54837368,0.16207478
0.30604003,0.08433725
0.48407955,0.11579422
0.40134664,0.11601497
0.40822389,0.09402788
0.36054172,0.07533321
0.50049275,0.11313375
0.48104602,0.15374998
0.31608459,0.09355273
0.29527977,0.08904854
0.28062644,0.07418152
0.58753176,0.17264636
0.45052425,0.11417912
0.41480441,0.13582142
0.38600385,0.10240293
0.42727319,0.11048781
0.42090350,0.11053905
0.36001169,0.10769975
0.49114043,0.14608249
0.47844767,0.15402084
0.40167058,0.11759494
0.39570554,0.07662117
0.50854518,0.11956708
0.48166204,0.13025538
0.52152917,0.13723867
0.49721938,0.13481993
0.35580725,0.10494893
0.46267140,0.11668383
0.42566261,0.13364315
0.56333385,0.13088770
0.27834665,0.08601597
0.38312618,0.11351673
0.38839230,0.09490989
0.61973034,0.15199851
0.55892579,0.15959400
0.39236215,0.11841050
0.48569767,0.11363989
0.46239553,0.13251440
0.41696166,0.11906234
0.39195260,0.10364689
0.48144888,0.13555362
0.35452092,0.08719694
0.53659532,0.14756817
0.44972188,0.13175982
0.42276825,0.12798180
0.43707728,0.09753175
0.47042767,0.09378193
0.40001732,0.12143283
0.39907197,0.11965427
0.38308491,0.10669953
0.58208580,0.19314341
0.57892378,0.14918192
0.54645645,0.13294654
0.35627841,0.11929495
0.57802026,0.15289934
0.44443403,0.11053308
0.53882437,0.15058068
0.52010800,0.14473907
0.39076296,0.12194212
0.55423895,0.15127920
0.60610149,0.18700363
0.34022749,0.09862911
0.44250689,0.12272945
0.38920597,0.08709859
0.39379992,0.13066043
0.39343114,0.08365549
0.44834818,0.09376900
0.45440699,0.10195833
0.32052440,0.08907939
0.32610410,0.11158739
0.35058485,0.06796721
0.54266013,0.14327121
0.41361723,0.09086652
0.30686429,0.06844557
0.46149015,0.09002408
0.42077955,0.09987843
0.46045394,0.11260982
0.38672312,0.10551474
0.57132269,0.19259876
0.38020661,0.09122497
0.50972479,0.14403865
0.37964233,0.11631271
0.39186984,0.09793596
0.38285700,0.09810032
0.40080262,0.10538312
0.51000652,0.11859124
0.35835162,0.09876547
0.37504290,0.07302364
0.44356083,0.10199063
0.34205394,0.07369679
0.41477479,0.10897554
0.52445606,0.14605687
0.36820435,0.11454008
0.61306263,0.17741323
0.46911936,0.13641294
0.47231174,0.14946555
0.54057882,0.14874015
0.51713480,0.15199913
0.37630880,0.13245405
0.62419957,0.16606673
0.36472533,0.09254999
0.43614848,0.13826913
0.35855864,0.08239382
0.49057743,0.15197336
0.48093073,0.13917622
0.35470968,0.08173838
0.42560638,0.12343629
0.40550681,0.10021030
0.52381811,0.15212370
0.33610103,0.10543283
0.48154097,0.12589437
0.31392013,0.11213418
0.46440064,0.09954631
0.49046392,0.14349839
0.39988440,0.12399121
0.45362222,0.12570077
0.46038652,0.12537917
0.47841115,0.12891402
0.51627227,0.16288808
0.37442424,0.12152158
0.47853677,0.09855584
0.46909193,0.12380663
0.30542449,0.07912671
0.45077488,0.14637670
0.44998780,0.09427767
0.59505201,0.15820667
0.52130092,0.15690069
0.36774234,0.09261696
0.37229847,0.11178845
0.38689632,0.10587938
0.45947032,0.10705845
0.29063653,0.08030407
0.37813432,0.10251462
0.44625136,0.12891628
0.40905076,0.08596492
0.64109520,0.14644381
0.39237434,0.12238880
0.37679062,0.10263936
0.36281668,0.07582959
0.43779014,0.12903247
0.44660105,0.10801041
0.29744421,0.09316741
0.40041594,0.11035405
0.37906411,0.11252072
0.51553317,0.11414318
0.49235637,0.13923365
0.31793548,0.07919798
0.35007640,0.09108528
0.35277904,0.11049810
0.51464643,0.14608955
0.44474535,0.09874820
0.53951619,0.13739889
0.39082602,0.10267549
0.36829287,0.11647309
0.61916978,0.18510510
0.50172197,0.14326585
0.38985227,0.11465882
0.34032743,0.10821775
0.46009216,0.11783108
0.56616263,0.14487707
0.35751343,0.10900557
0.51935317,0.15838797
0.46753713,0.13047466
0.39105500,0.11518743
0.38571507,0.11616766
0.29891103,0.09179974
0.34410647,0.07804327
0.41145407,0.11956455
0.40282318,0.13862333
0.39861903,0.08511049
0.43621164,0.13326795
0.27924420,0.09595797
0.42743130,0.10749851
0.39952942,0.10625651
0.46634856,0.14048862
0.44181317,0.11967846
0.31864982,0.09366890
0.38432903,0.11342207
0.37832711,0.06859993
0.45085231,0.12110016
0.43537350,0.09870775
0.46328910,0.09667443
0.42478511,0.10482763
0.40540794,0.12318247
0.49472509,0.12864034
0.39255248,0.13360204
0.40780798,0.12657760
0.39495578,0.14915756
0.32211040,0.10086956
0.44156820,0.13548715
0.31311364,0.08312314
0.46941762,0.10546287
0.35684871,0.10532313
0.45856329,0.14668846
0.48733745,0.15477814
0.28314372,0.06560449
0.47156245,0.14483639
0.36227504,0.10013577
0.49596159,0.10464496
0.40491144,0.11375645
0.51922975,0.17511331
0.40397964,0.11182237
0.42734233,0.10134976
0.46917748,0.10719465
0.35917852,0.09349723
0.41423588,0.13797728
0.36526778,0.12045343
0.42663847,0.12887732
0.36280287,0.09805159
0.51984473,0.12098147
0.36173532,0.11959184
0.48253978,0.15644877
0.41537030,0.09403484
0.29147958,0.06888894
0.43733874,0.11602649
0.38814072,0.12553137
0.41550901,0.11562495
0.43158523,0.10145487
0.43443231,0.13330333
0.45613219,0.12374026
0.48896373,0.12182876
0.40804214,0.10646320
0.42758862,0.11791700
0.48356148,0.14427842
0.39112588,0.09969713
0.43913855,0.13931801
0.28773159,0.07862828
0.37949325,0.08418535
0.39064283,0.08462397
0.40585062,0.08062420
0.40161974,0.13025133
0.48488226,0.10995239
0.43020059,0.10350366
0.53219532,0.16893474
0.52649172,0.12336915
0.39705166,0.14079417
0.32443906,0.08786727
0.53171415,0.12600960
0.47887249,0.11093951
0.45738874,0.16446115
0.41992513,0.09505886
0.49452838,0.13022342
0.50446823,0.14379785
0.47545388,0.11955108
0.33734570,0.10807954
0.35304956,0.09817544
0.47380612,0.08955885
0.37549219,0.10173464
0.37070709,0.09279807
0.49156426,0.13024927
0.39799131,0.10166638
0.46212497,0.14239986
0.35122939,0.10934049
0.49302230,0.11962347
0.32733856,0.10364410
0.47046833,0.11768939
0.37767406,0.12012016
0.32409817,0.10320495
0.48173903,0.13861732
0.37959738,0.11872808
0.46584848,0.09937901
0.38430854,0.10341019
0.28721950,0.10129491
0.31939827,0.11787114
0.37087494,0.10548857
0.33829229,0.08872694
0.28550341,0.09091867
0.30659699,0.07327267
0.45162384,0.11835611
0.57966367,0.15736671
0.56562048,0.15549971
0.52028666,0.14943391
0.33042477,0.09073463
0.51921544,0.14406881
0.42554797,0.10315287
0.37808411,0.08887399
0.38096652,0.07763695
0.40055531,0.08858765
0.40191331,0.11605701
0.40563202,0.10473574
0.38945910,0.09508849
0.48775397,0.12104913
0.47368567,0.12345387
0.45125127,0.12209784
0.26958148,0.07049310
0.46492815,0.10034209
0.60205411,0.19244917
0.48178189,0.11156682
0.37695211,0.09609606
0.39524346,0.11501447
0.38752481,0.12799124
0.33413438,0.11601064
0.51230962,0.12939036
0.49236894,0.15388125
0.45323627,0.11819503
0.40229715,0.08436323
0.52021674,0.11609242
0.45679199,0.11235233
0.42969922,0.10950563
0.35754833,0.09829874
0.46418158,0.14803890
0.55027805,0.12052514
0.35288271,0.09160635
0.52356641,0.13273073
0.35485522,0.11619355
0.45170075,0.13973881
0.45131708,0.13733980
0.37186925,0.10397124
0.37033280,0.07620871
0.47601318,0.12155684
0.35501770,0.08335778
0.47564007,0.12535543
0.54870556,0.17410458
0.33161716,0.08294527
0.47899592,0.12762824
0.42608147,0.11853211
0.39555454,0.10843031
0.35457545,0.10280862
0.49949574,0.12898471
0.42008745,0.12489076
0.49625441,0.12726132
0.45313026,0.13230690
0.48823909,0.12022498
0.46802213,0.10243052
0.39877834,0.10845466
0.30104951,0.06599516
0.50300137,0.14881881
0.31888727,0.07157808
0.44847764,0.11943705
0.40010038,0.13484657
0.45743946,0.12284684
0.34692454,0.09027310
0.49490592,0.16965294
0.47270680,0.12847628
0.51630080,0.15180759
0.38729314,0.08165947
0.36436825,0.12072520
0.35260975,0.09059298
0.49372688,0.13485758
0.31731224,0.08732459
0.43896782,0.12677408
0.40751043,0.13820911
0.31515894,0.09259632
0.49619705,0.11371425
0.41943815,0.08230042
0.40004842,0.09842809
0.36623765,0.09965818
0.32580378,0.10370451
0.48623114,0.12417668
0.31273041,0.09129627
0.38681195,0.10934091
0.51755013,0.12818246
0.40577960,0.13500314
0.45754264,0.14427023
0.26064228,0.07082447
0.46781060,0.11015709
0.30182628,0.07827938
0.29715702,0.08402808
0.34373594,0.09605741
0.36172155,0.10219871
0.55718219,0.18972631
0.46118423,0.10711429
0.56952320,0.13642851
0.42412489,0.13238217
0.37805147,0.08219873
0.35936340,0.08042647
0.54508321,0.15259676
0.43293750,0.13922616
0.49598153,0.13297142
0.42429732,0.12339047
0.48667230,0.14267864
0.40184395,0.12310485
0.46043287,0.13108311
0.34204621,0.09423852
0.34519570,0.10264792
0.37925707,0.11342870
0.34374602,0.07919241
0.29802266,0.09450937
0.36859812,0.12155313
0.40589456,0.12769607
0.43032655,0.10531123
0.54835829,0.12641538
0.51402105,0.14038759
0.34114764,0.10533122
0.33452091,0.08021124
0.34075359,0.10427582
0.43034383,0.11245741
0.39513224,0.12089157
0.38523952,0.10057531
0.41609553,0.08931642
0.39176845,0.11777948
0.55712451,0.15987715
0.36360421,0.11198303
0.41121438,0.10583131
0.49798446,0.14884418
0.44922025,0.12585008
0.41710406,0.12106009
0.37403773,0.09026811
0.39714293,0.10252027
0.49443971,0.14930292
0.46618135,0.13815847
0.48509277,0.12894334
0.48446897,0.10731023
0.62566790,0.18408343
0.40577954,0.13001393
0.37204964,0.11309324
0.38841892,0.10553961
0.38674312,0.14323736
0.56868494,0.13762982
0.48233915,0.14995083
0.34243347,0.10386155
0.48551947,0.11803199
0.37838623,0.08660701
0.58258317,0.12803849
0.39772043,0.12640859
0.39617224,0.08092633
0.50624094,0.16812844
0.52281886,0.13020151
0.33391310,0.11463713
0.40928349,0.10185412
0.37117199,0.09964966
0.31988528,0.07396137
0.42083581,0.10279282
0.46096696,0.13392983
0.38741121,0.07895384
0.37589251,0.10582512
0.47677715,0.13228337
0.51286717,0.17052976
0.38737786,0.08319371
0.43950154,0.12293252
0.49621126,0.14439788
0.47335771,0.11491931
0.40953336,0.12669063
0.32677907,0.10179364
0.43121945,0.12627977
0.29210415,0.07103253
0.35549620,0.08730952
0.30347697,0.08232441
0.32752208,0.10107006
0.53668761,0.12117284
0.42654646,0.12821572
0.41153507,0.10098435
0.31207095,0.07059803
0.41341213,0.11713034
0.42930990,0.11511733
0.48151089,0.10854430
0.44100016,0.14338283
0.45949877,0.11826840
0.46165644,0.12182985
0.37946912,0.09413037
0.46396661,0.11609832
0.36176853,0.11536092
0.36573347,0.08410598
0.39960293,0.11058199
0.33616461,0.09011784
0.37952082,0.12161670
0.43603861,0.10882944
0.33056804,0.09066452
0.57430823,0.17260021
0.44767602,0.11620372
0.44803756,0.13042378
0.42691158,0.13481824
0.44864552,0.14451442
0.41391071,0.10518697
0.39150903,0.08899258
0.45166728,0.14350602
0.48546694,0.11562665
0.56220227,0.15945708
0.53125018,0.13099140
0.37966133,0.12630270
0.55423193,0.15551442
0.50346265,0.14194489
0.31622418,0.10262479
0.45829173,0.13462281
0.30837846,0.06726085
0.35211775,0.09005453
0.46948261,0.08685372
0.39867450,0.10626767
0.47816019,0.10802231
0.40337301,0.11208607
0.57632416,0.14871469
0.35747005,0.08331468
0.42258721,0.13223449
0.37303805,0.12364127
0.45730688,0.11209193
0.34011555,0.08887614
0.39184569,0.08880119
0.40788282,0.10119592
0.41249432,0.12711418
0.43332270,0.13933924
0.40178431,0.12700332
0.52937877,0.11605751
0.47812749,0.10155675
0.50327386,0.13908076
0.32153116,0.09234706
0.34641861,0.10166856
0.55466031,0.16012604
0.37349977,0.08812919
0.41722093,0.10168103
0.38252917,0.09663451
0.39151619,0.10089166
0.49032793,0.13689649
0.48891164,0.10393683
0.50674572,0.16408707
0.46531185,0.11382654
0.44486133,0.14801620
0.47071605,0.13945357
0.44092311,0.11889002
0.41836917,0.13258944
0.37373846,0.10806912
0.35544737,0.09468754
0.38334477,0.12572949
0.42553317,0.12721940
0.38840863,0.11989386
0.30268405,0.09337265
0.47734002,0.12336630
0.52227778,0.10420263
0.59222890,0.14223063
0.45387381,0.11408352
0.41265263,0.12220026
0.44873103,0.13831472
0.49735394,0.14629022
0.42975849,0.13382687
0.44501214,0.15479366
0.37720926,0.09410445
0.37276294,0.09714013
0.49399212,0.13162128
0.34922426,0.10393236
0.45725684,0.12406871
0.50387996,0.15022806
0.40472356,0.09094315
0.35771475,0.09189809
0.51595244,0.17772521
0.27084044,0.07527094
0.56183114,0.15414887
0.48436587,0.11499066
0.44193230,0.08824968
0.42514785,0.12744519
0.31893598,0.09053629
0.43505845,0.11980191
0.48124630,0.10954833
0.39028556,0.09877406
0.39743481,0.09489967
0.33255745,0.09917032
0.41314637,0.10058761
0.39035037,0.09206105
0.37993535,0.07904904
0.37665136,0.08024152
0.54005142,0.13992111
0.53186570,0.17082385
0.53747344,0.14042501
0.37157825,0.10851695
0.45312737,0.14198300
0.40392110,0.11317415
0.41959565,0.11623780
0.41531762,0.11704504
0.40102803,0.11219229
0.38236671,0.07826243
0.40617554,0.12834204
0.33659778,0.09134461
0.31016041,0.08396604
0.40636838,0.11982485
0.44409392,0.14381362
0.44379469,0.11635161
0.47003728,0.13257956
0.28005678,0.06897474
0.33875155,0.10808559
0.43376284,0.15741346
0.35624674,0.08107062
0.43461316,0.10376844
0.40354623,0.10535397
0.36866297,0.13141114
0.46833177,0.13773549
0.39453149,0.13469523
0.46023680,0.12264566
0.40154401,0.09812630
0.31573571,0.11266888
0.41163606,0.11282766
0.43742163,0.14397241
0.38750358,0.09690700
0.32839923,0.11445218
0.41021616,0.13920915
0.36602262,0.12629010
0.45180838,0.14329792
0.41417626,0.10444192
0.37492143,0.13249923
0.48525459,0.13824802
0.41440989,0.13221842
0.41430079,0.12445381
0.41578720,0.13973105
0.35030993,0.10633291
0.46701389,0.10532709
0.36508160,0.10381179
0.37573089,0.07910814
0.33805255,0.09678581
0.41489645,0.10773557
0.29090231,0.07014516
0.49236296,0.13964361
0.49919273,0.12872683
0.55504184,0.11438175
0.44075314,0.11053203
0.49374777,0.10335648
0.34637367,0.10650073
0.34413138,0.11013835
0.50908375,0.12367644
0.51446743,0.10849801
0.35984841,0.08013750
0.47814929,0.14573709
0.38648060,0.11050441
0.52750973,0.12649570
0.49843622,0.14240498
0.52127488,0.13929728
0.33396563,0.07846397
0.38637688,0.10197605
0.38627823,0.10918934
0.45414401,0.11979928
0.31788683,0.07796362
0.52172185,0.14398123
0.33263356,0.09409042
0.32461341,0.07114170
0.53586762,0.14356746
0.47580283,0.10622717
0.36537623,0.07698608
0.38464426,0.08951359
0.44993105,0.14965731
0.48804115,0.12178433
0.42847188,0.11050295
0.41093389,0.09326857
0.38737414,0.09801430
0.30285668,0.08643028
0.39146898,0.10435322
0.51382661,0.14920480
0.37496505,0.13030235
0.44867361,0.09282215
0.34281388,0.08365642
0.43891127,0.10016391
0.40013825,0.10125028
0.35608057,0.08487687
0.50547775,0.15689994
0.49531221,0.14999296
0.43863565,0.13173372
0.40446936,0.13021850
0.51517632,0.13844596
0.38055787,0.09673945
0.44609969,0.11756993
0.38210048,0.07123408
0.34871858,0.07915977
0.63098757,0.17810949
0.31965191,0.07666750
0.43765828,0.13550120
0.47109388,0.12525833
0.54251777,0.11429336
0.42515513,0.12737367
0.40373197,0.10107136
0.50199914,0.14487554
0.33282678,0.07204829
0.39529884,0.10730691
0.53163663,0.15017342
0.43041764,0.11825831
0.36593664,0.07113957
0.51848226,0.13733512
0.41517740,0.11122844
0.41878060,0.14097790
0.44614475,0.13736769
0.40239345,0.11822155
0.54615011,0.15024707
0.42654953,0.11840246
0.35858098,0.10008635
0.45574415,0.10507010
0.44562179,0.14121510
0.39219344,0.07400498
0.29047123,0.08990783
0.44323468,0.12267645
0.54016007,0.13392741
0.43637504,0.13739708
0.42483525,0.14015357
0.29473609,0.09508251
0.41357563,0.12380512
0.45373468,0.11993455
0.50584605,0.12377454
0.46766492,0.12539136
0.35440775,0.08099457
0.45618502,0.13388335
0.35391399,0.07877620
0.43477378,0.08913267
0.41528442,0.12241954
0.53493279,0.13594194
0.43171215,0.15255435
0.45487725,0.11836262
0.40817681,0.09566408
0.38529870,0.09709221
0.32498155,0.09364024
0.40573596,0.12199955
0.42733788,0.12745258
0.42000551,0.12379901
0.40805835,0.11171120
0.34877057,0.08418481
0.32657245,0.08520923
0.38929473,0.13154343
0.55086878,0.13678740
0.52505101,0.12020281
0.44631766,0.14933765
0.46232833,0.15140367
0.44949757,0.13838189
0.36340256,0.08905756
0.33937538,0.10685076
0.40485818,0.09527554
0.30017360,0.09587502
0.47820263,0.14965209
0.53230344,0.16001136
0.41973884,0.11097659
0.41344401,0.09019085
0.38796894,0.09245625
0.42441278,0.13908975
0.45956073,0.12575267
0.37576079,0.14380174
0.33665876,0.10342701
0.45491123,0.10926547
0.48349892,0.12019277
0.54493302,0.17497250
0.43451147,0.10703200
0.43736636,0.12069550
0.40938750,0.09183219
0.48529266,0.14142052
0.38921586,0.12899793
0.49667745,0.11331090
0.44260039,0.09094922
0.37146288,0.11611028
0.44945909,0.11176444
0.52815299,0.16301217
0.49834711,0.14923913
0.36777796,0.11314580
0.42438800,0.10583149
0.39263290,0.08467855
0.50160790,0.16187675
0.33808317,0.07271397
0.50812089,0.16802222
0.35270659,0.10920750
0.42382965,0.11122031
0.43209847,0.11733729
0.45034788,0.14750561
0.31872853,0.09154495
0.51138165,0.14812668
0.35471421,0.11670715
0.30894814,0.09175174
0.31124532,0.07856119
0.39706482,0.13571299
0.36888033,0.10755783
0.50175723,0.11077353
0.34777803,0.07779162
0.37629846,0.09466653
0.45204886,0.14594897
0.43827946,0.09863605
0.46172261,0.14286194
0.35648986,0.08392627
0.52941776,0.13483490
0.42838822,0.14401525
0.41408028,0.10305348
0.40830191,0.14776419
0.39940719,0.08595257
0.50543158,0.13373241
0.44623792,0.10404656
0.37052541,0.11508859
0.45183176,0.14401908
0.39943758,0.11141199
0.43836015,0.10242854
0.43506767,0.10902632
0.42872537,0.08794144
0.54414257,0.16408711
0.38567106,0.07568741
0.36132142,0.08943881
0.43362615,0.11119137
0.44917422,0.09512601
0.45389668,0.14671855
0.38501137,0.08890472
0.46520810,0.15069797
0.33014407,0.11024885
0.53760887,0.17892834
0.34003374,0.10212700
0.34241468,0.09170535
0.39400917,0.09861901
0.52841078,0.12429243
0.30014648,0.07451343
0.39713635,0.09907680
0.49496496,0.15974217
0.43501613,0.09509585
0.40029607,0.11070224
0.45150885,0.10148916
0.56184155,0.12753160
0.43224971,0.12039161
0.41287637,0.11311455
0.43170202,0.14212373
0.39957235,0.12235926
0.41458500,0.11968200
0.39861870,0.14431423
0.42974046,0.10440536
0.41317321,0.10967146
0.48757008,0.10417783
0.31126800,0.07468145
0.38393482,0.11276878
0.44147756,0.10630659
0.27706348,0.09244464
0.33340506,0.08740179
0.36703960,0.11074882
0.44065628,0.13241479
0.48421417,0.15189390
0.45035209,0.10120688
0.38245274,0.08150184
0.41255060,0.10139032
0.53362151,0.18436785
0.46680478,0.10637844
0.34191228,0.07843426
0.38107933,0.12491898
0.31557354,0.08651987
0.42553467,0.13680920
0.49084233,0.13831370
0.30460013,0.07737989
0.37945027,0.11499472
0.45947906,0.09772719
0.51815034,0.13161029
0.46934263,0.13412595
0.40682884,0.11505632
0.49184171,0.13462401
0.35156249,0.09879753
0.44640543,0.11588462
0.36189368,0.11078752
0.40665421,0.10380958
0.52677963,0.14270581
0.38066673,0.12823705
0.50923660,0.15782516
0.38997306,0.11827084
0.44169445,0.15285286
0.52409836,0.14027492
0.57867844,0.14178492
0.47132598,0.11539191
0.43796096,0.10307667
0.37308940,0.13729640
0.43137061,0.12824735
0.53012081,0.14585209
0.51764889,0.10835156
0.49446831,0.14910326
0.49519516,0.15838785
0.40720646,0.07796749
0.45862232,0.11666989
0.38928405,0.09320067
0.52562356,0.13440886
0.38255022,0.09162337
0.46464301,0.11459135
0.43217439,0.11349411
0.36063437,0.09136380
0.26494079,0.06964617
0.34002327,0.08645615
0.43019858,0.14931705
0.36886412,0.07875295
0.42750499,0.09998092
0.53214389,0.15786157
0.40734405,0.12908891
0.30750276,0.09282852
0.35542675,0.08395849
0.30842744,0.06393341
0.40325781,0.09140373
0.46982154,0.11096448
0.39646931,0.11556161
0.37833177,0.08048992
0.46234170,0.12204481
0.31793817,0.08998890
0.35429600,0.11407025
0.42049923,0.09212889
0.45423859,0.11637592
0.49269496,0.14770286
0.37630249,0.08879933
0.33630364,0.08245204
0.47223902,0.15714703
0.48631253,0.12500591
0.48517396,0.10872504
0.46952250,0.10351795
0.46217442,0.09059425
0.38113526,0.12984965
0.36094508,0.11335570
0.46587488,0.12906471
0.53984015,0.15267399
0.37027403,0.09864062
0.40044147,0.13159922
0.56903584,0.15805234
0.30958880,0.07823151
0.43528506,0.15145891
0.43022632,0.12070374
0.43802329,0.09873241
0.44213596,0.10105856
0.45779989,0.09399788
0.36392077,0.12111352
0.42580053,0.15644873
0.36576484,0.12306080
0.38982405,0.11428612
0.55540119,0.14167337
0.60611451,0.16956278
0.45796502,0.13578208
0.45954639,0.15074230
0.46531740,0.11249151
0.42201619,0.09939840
0.39825403,0.11682014
0.42490725,0.11067055
0.42631702,0.11111851
0.47501875,0.14871077
0.43149602,0.15507493
0.38101935,0.10967700
0.45551819,0.13887570
0.43913281,0.13553321
0.40705783,0.10104288
0.47252523,0.14198297
0.53770575,0.15143548
0.45256568,0.11998718
0.42241423,0.10553752
0.42242293,0.09611091
0.48750049,0.13033146
0.37769397,0.12910310
0.57569149,0.14865760
0.46737003,0.10916155
0.44195205,0.11931059
0.49719875,0.14126489
0.49646880,0.18360493
0.52285384,0.11295038
0.37154949,0.09072510
0.39635164,0.10432978
0.37518418,0.09202286
0.37229795,0.09156445
0.44690646,0.13926621
0.34111128,0.08235121
0.41590877,0.08114964
0.46659288,0.11213118
0.38182112,0.13282402
0.46362329,0.15700660
0.36163979,0.08997123
0.46064147,0.14529905
0.36733023,0.08725638
0.51553947,0.18268144
0.43002417,0.11479346
0.36123477,0.08498261
0.57226601,0.14965879
0.37040953,0.11994770
0.43054182,0.11269866
0.41363833,0.14195332
0.46642927,0.14702847
0.39644626,0.09581446
0.39173127,0.09085315
0.49466671,0.15147120
0.34938696,0.08684198
0.46571053,0.12210702
0.37059164,0.10594468
0.54291077,0.14049467
0.36549893,0.10003594
0.49990160,0.12092032
0.51266188,0.18042127
0.46741911,0.11053706
0.46207056,0.14949620
0.43200867,0.13594747
0.34526212,0.08149337
0.34684526,0.07862812
0.51021768,0.14609749
0.51774226,0.15110294
0.32428796,0.09531114
0.52093597,0.13770520
0.31240332,0.09220027
0.34929142,0.09302381
0.32937939,0.09152308
0.42225635,0.12576491
0.39508326,0.10499313
0.43995358,0.12453113
0.45881634,0.14345918
0.58791572,0.14648388
0.27992994,0.07927040
0.38528454,0.09844928
0.45987723,0.12161287
0.47044396,0.14578195
0.41398195,0.13008832
0.36761638,0.07923308
0.49216886,0.11108406
0.41757774,0.10282194
0.52517321,0.11062997
0.40374183,0.09534007
0.44419053,0.10877448
0.34548729,0.07399230
0.41356017,0.12724457
0.51303341,0.12126979
0.41063571,0.09201210
0.39689799,0.09873947
0.36396629,0.10170188
0.43848440,0.13679500
0.32897682,0.09452963
0.48826611,0.14040478
0.47561220,0.14406855
0.48180720,0.13023190
0.45411220,0.10562898
0.35533305,0.10592517
0.37667761,0.10662130
0.44364871,0.09172308
0.42877147,0.08783058
0.48103956,0.13519408
0.42934492,0.12619741
0.44869445,0.12437869
0.38348588,0.08546685
0.43590022,0.12838189
0.44868088,0.12514910
0.42934781,0.11970493
0.43242821,0.12544362
0.31897435,0.09407752
0.30019558,0.08066760
0.45324951,0.14355879
0.43905182,0.11160473
0.38632280,0.09847763
0.40079223,0.11120516
0.35611753,0.08485833
0.41109009,0.09012837
0.38456404,0.11449121
0.33408411,0.09176615
0.46358805,0.12920635
0.40397189,0.10373233
0.48598488,0.16026070
0.32032505,0.08788933
0.46488048,0.11033198
0.42841676,0.11863243
0.38371353,0.09960308
0.44183568,0.11732425
0.48036205,0.11944653
0.42712501,0.10596029
0.39601003,0.07946791
0.35214658,0.08539887
0.42249540,0.14303542
0.33679152,0.10010605
0.35061656,0.09594786
0.34946823,0.08191000
0.43512808,0.10711751
0.33516904,0.09957551
0.35263061,0.12540309
0.51396916,0.15991195
0.49120992,0.11983002
0.42462896,0.09934025
0.41742484,0.12382477
0.34616513,0.09377576
0.44873213,0.09079324
0.50584278,0.14215493
0.29274611,0.08091242
0.40829544,0.12753577
0.49656635,0.16054527
0.43606103,0.13851977
0.42154600,0.12983962
0.42721459,0.10879405
0.50086932,0.14121066
0.51347256,0.16304385
0.38769633,0.07796641
0.42646273,0.11858685
0.37027676,0.10116359
0.38758919,0.07911728
0.36132367,0.10507748
0.47240071,0.15359217
0.35600314,0.06924166
0.34511006,0.09207799
0.53615074,0.13852994
0.57740020,0.17897721
0.36481338,0.09024838
0.37928952,0.10236550
0.41394490,0.13774922
0.38584800,0.09675605
0.49022909,0.11656124
0.50344768,0.13743709
0.45290493,0.10420822
0.36205501,0.10092639
0.46651405,0.12046725
0.53601522,0.11329006
0.37316489,0.08172111
0.54115428,0.16436739
0.49980620,0.12517803
0.43287372,0.13364658
0.35863814,0.08071747
0.58920303,0.15921165
0.48973923,0.13511500
0.40680815,0.10441466
0.40259472,0.11223007
0.56580783,0.19065615
0.34594805,0.11307256
0.33111970,0.07812512
0.39419455,0.12601427
0.35405666,0.08249318
0.42249641,0.10406639
0.47103113,0.11061606
0.45717655,0.12630011
0.38352715,0.09790347
0.37252868,0.11240437
0.39635430,0.12856646
0.31765223,0.09561152
0.55565710,0.13787754
0.55896572,0.16074610
0.41607623,0.12360159
0.47350523,0.14793937
0.41756757,0.10613532
0.56397273,0.14532790
0.45891745,0.12412494
0.46369275,0.14617541
0.42405102,0.10032738
0.36411132,0.10248948
0.43079730,0.14478425
0.41801968,0.10412430
0.35976412,0.09279249
0.57842435,0.15129058
0.43165610,0.11409692
0.37536441,0.09672842
0.39428033,0.10194442
0.56818325,0.15816231
0.45458261,0.10391995
0.36174669,0.09611958
0.25861116,0.07940766
0.36497402,0.09655687
0.50556830,0.11297867
0.44097566,0.13447284
0.47356981,0.11828617
0.42654507,0.11115377
0.42603923,0.10869035
0.35757459,0.12227371
0.42346390,0.13642851
0.44696795,0.13014155
0.46710833,0.11318441
0.44153079,0.11598887
0.45874960,0.11801870
0.38413805,0.11192026
0.40625455,0.12454230
0.44911592,0.10703853
0.45826115,0.11167513
0.39812484,0.08630650
0.38044878,0.09728233
0.30580304,0.07925420
0.50464436,0.11750385
0.41200986,0.10709765
0.34915059,0.08019695
0.42090802,0.12078589
0.42714708,0.13291162
0.43914867,0.13821598
0.44382393,0.11224906
0.36476352,0.08960858
0.40602099,0.10482034
0.47120331,0.14531719
0.48329710,0.13630836
0.32023091,0.10209000
0.35024691,0.10932483
0.53487761,0.14122552
0.53570956,0.13077083
0.38391166,0.08776072
0.46248629,0.11460765
0.38669697,0.09028103
0.37934617,0.08154141
0.44229859,0.13150339
0.37606928,0.10248371
0.45288169,0.10246696
0.50944613,0.13602134
0.45995972,0.14973437
0.41864107,0.09997406
0.39941611,0.11749824
0.50158386,0.13543946
0.33441113,0.07818003
0.44387754,0.11050998
0.40047851,0.08807447
0.43976348,0.13231519
0.33139288,0.11516735
0.42546375,0.11581337
0.38405654,0.09072518
0.39594911,0.12798683
0.51872849,0.14800147
0.40834425,0.12652369
0.43663945,0.10807988
0.44622708,0.11534839
0.42989658,0.14518948
0.44615374,0.13256288
0.40853470,0.12975530
0.37633706,0.08363627
0.46036273,0.12760294
0.32619439,0.06761947
0.42281658,0.10718145
0.38476881,0.11863914
0.46319470,0.15981573
0.39655118,0.12487186
0.37923606,0.08745757
0.35104357,0.08542679
0.51813129,0.16704320
0.46829981,0.11467647
0.42831943,0.15150095
0.34110962,0.08485807
0.43040081,0.11382688
0.48723939,0.11955440
0.43552244,0.11797345
0.47657862,0.14846510
0.42295925,0.08674673
0.48010266,0.15913039
0.36157806,0.09685035
0.38152893,0.09283596
0.38543695,0.11370873
0.45395679,0.14341050
0.30267353,0.09566548
0.29629763,0.06778733
0.63000396,0.14262943
0.50461855,0.14457729
0.40543711,0.11933892
0.39786280,0.10280335
0.51289960,0.13477873
0.57676208,0.13134084
0.40272094,0.11852300
0.27138369,0.08930368
0.29035436,0.07470348
0.44241445,0.12503594
0.49260693,0.09740495
0.37946831,0.11756990
0.45625243,0.09491900
0.46309410,0.10936759
0.33272230,0.06603654
0.37300631,0.12014353
0.36495688,0.10652079
0.46950026,0.11595213
0.43811700,0.10652695
0.52865049,0.14714029
0.43282299,0.11304348
0.42715236,0.11340153
0.39300947,0.07925770
0.52289965,0.13719951
0.36495873,0.08780040
0.46793556,0.14075623
0.43891347,0.10310972
0.40854845,0.13966902
0.37857428,0.09157623
0.38474835,0.08135814
0.32328920,0.08714359
0.41192381,0.11653111
0.36310551,0.07437756
0.37739302,0.10608898
0.35239403,0.09307223
0.40913939,0.11612103
0.39737265,0.11644366
0.42883624,0.12654905
0.33456291,0.10747698
0.42727879,0.12000689
0.38676296,0.11610554
0.43831368,0.13666806
0.59737514,0.16253096
0.37027499,0.10975476
0.47199922,0.12266681
0.41017743,0.10781469
0.42803862,0.12456827
0.40815525,0.08053952
0.42339572,0.12587201
0.44355292,0.09961442
0.40858631,0.11130875
0.54988927,0.16757813
0.52185523,0.17091764
0.39356929,0.08721255
0.39145810,0.11104618
0.34287895,0.07148867
0.40943993,0.12001173
0.47845597,0.10415841
0.42249257,0.09900110
0.30622663,0.07990672
0.42960765,0.09376333
0.32356832,0.08515778
0.39998078,0.14587469
0.45469989,0.14485064
0.30621794,0.07530658
0.33531814,0.08769206
0.40678447,0.11287032
0.63391711,0.15467336
0.43336278,0.08205596
0.42437092,0.10342834
0.44095720,0.12193770
0.63171773,0.14141215
0.47414392,0.09816267
0.47777602,0.14040921
0.37173193,0.11092472
0.38053739,0.12687223
0.47381186,0.15810471
0.34053355,0.08487976
0.43047932,0.11240421
0.37804679,0.07785566
0.40003663,0.12833836
0.35632314,0.10323629
0.43700434,0.14164663
0.48155800,0.12239249
0.41660394,0.10603723
0.52337655,0.12886358
0.52710893,0.16296066
0.43699634,0.12321526
0.41778661,0.11610248
0.47359977,0.12776571
0.38912511,0.09949538
0.44732756,0.14081063
0.46115445,0.12508808
0.46600817,0.17467356
0.40833199,0.10803966
0.44430562,0.08590949
0.42304443,0.12439382
0.38067481,0.07832599
0.33297653,0.09933709
0.52332336,0.14612122
0.48884946,0.11109254
0.48040369,0.13988153
0.34885066,0.11337718
0.51006770,0.12706260
0.34515345,0.08237808
0.45127477,0.11364393
0.50741232,0.13717611
0.37055162,0.11966561
0.33285686,0.08470162
0.42905005,0.09424763
0.52820421,0.14348921
0.48209359,0.12423165
0.44220786,0.12314329
0.40598205,0.08751967
0.43328274,0.09485386
0.46076308,0.14498040
0.35682509,0.09655415
0.52564820,0.12486428
0.47750273,0.15518359
0.41399668,0.13352160
0.43524104,0.14195959
0.32632948,0.09819893
0.37293638,0.09803653
0.44780084,0.14111014
0.32830336,0.06805549
0.31530227,0.10753452
0.43900502,0.09844685
0.39907155,0.14877823
0.38681886,0.11976633
0.49428485,0.15705322
0.40514841,0.12296791
0.49855746,0.11572211
0.48466156,0.13469272
0.47306461,0.13237090
0.50480130,0.13348781
0.44992379,0.13111395
0.48005902,0.09910578
0.37375731,0.08881164
0.42087954,0.10806738
0.39384521,0.09434571
0.43950306,0.11777398
0.43485959,0.11963719
0.43412103,0.14327825
0.37113884,0.08798861
0.54833448,0.15832768
0.50791932,0.13412690
0.56923408,0.13678674
0.36624307,0.10097279
0.32779616,0.11264522
0.33936113,0.11504530
0.48478406,0.15276513
0.53616079,0.15339013
0.33265044,0.08748983
0.40128759,0.11550769
0.42022778,0.09789932
0.51414918,0.16071086
0.37102777,0.08846173
0.59206078,0.17419308
0.36623718,0.12661212
0.33497536,0.09297359
0.44013153,0.11046764
0.34403615,0.09925815
0.44253349,0.11028645
0.30480069,0.07252976
0.51912217,0.12881150
0.53476625,0.15067985
0.36533680,0.08125288
0.40321207,0.10704027
0.52376106,0.15331295
0.39233425,0.11329203
0.46899897,0.14869978
0.47115013,0.15507915
0.41688715,0.10334650
0.34760019,0.08147184
0.48812277,0.11004601
0.47857752,0.14272623
0.49978457,0.15358605
0.44218308,0.15064814
0.46846070,0.15312509
0.56389160,0.15160772
0.38813925,0.09442227
0.48831619,0.15568823
0.43109146,0.14862812
0.40389180,0.10737885
0.31168845,0.08426076
0.32408743,0.07540271
0.47844245,0.09868943
0.31619825,0.07124120
0.56799968,0.16085868
0.35840216,0.08922186
0.33541224,0.10361025
0.48180396,0.11784939
0.48811402,0.14969657
0.56756098,0.14524091
0.28233724,0.07952636
0.58226132,0.13772712
0.38191585,0.12087925
0.44869005,0.15004501
0.47501287,0.13321492
0.48740922,0.12526998
0.48746889,0.11097421
0.33948177,0.08642428
0.44677602,0.09993760
0.43999430,0.13843945
0.45611756,0.10905160
0.54152800,0.17374131
0.42718382,0.10812782
0.44387308,0.10800166
0.40992481,0.10409816
0.36017668,0.08304800
0.34416055,0.07485077
0.35179464,0.09553041
0.43034639,0.12859644
0.33996935,0.09234022
0.53434777,0.16401472
0.51429788,0.14827179
0.36381112,0.07607410
0.50365281,0.12668759
0.44179307,0.12860843
0.39307325,0.10340353
0.34741130,0.08303783
0.50168232,0.17074423
0.40760937,0.11566456
0.35605369,0.08044171
0.58361383,0.18491225
0.38370092,0.11125687
0.27734150,0.07827856
0.40317158,0.10809696
0.40320964,0.13325482
0.36436852,0.10234589
0.33712293,0.07116112
0.37686403,0.09914418
0.37037708,0.10728163
0.33581673,0.09887906
0.31553412,0.07260050
0.44190743,0.13413422
0.38532753,0.11483121
0.33125248,0.08190299
0.45470270,0.11096930
0.45414688,0.15037676
0.32117561,0.07382717
0.35535573,0.07624244
0.38128787,0.13476485
0.35091866,0.13211018
0.32763431,0.08157703
0.42016851,0.09035297
0.44627496,0.12501084
0.38563246,0.12254686
0.43683573,0.13737544
0.46903536,0.13054137
0.45894793,0.15994769
0.35983588,0.11620167
0.45474131,0.11776406
0.36257929,0.08323104
0.43386835,0.10804007
0.44081282,0.10024777
0.52771065,0.17961910
0.41034288,0.13933304
0.38031229,0.07370167
0.44805511,0.13507137
0.39452331,0.12538512
0.36145750,0.11160119
0.34493608,0.09878608
0.42912696,0.11392424
0.53234015,0.15653311
0.52714423,0.15024813
0.38527801,0.09893528
0.40467241,0.10686091
0.50415535,0.12306704
0.43939100,0.10383399
0.44914555,0.12662370
0.32571948,0.10961539
0.35492636,0.08450788
0.45288205,0.10772156
0.31613569,0.10111144
0.41185822,0.10652125
0.44553964,0.15775503
0.59836308,0.15605352
0.45918483,0.10279403
0.46617571,0.13226472
0.44825144,0.10430526
0.40005485,0.08011164
0.36634484,0.08208487
0.46748745,0.10734106
0.38868798,0.07985909
0.44259650,0.14230049
0.35716932,0.10796862
0.45940826,0.10342062
0.48100726,0.11966026
0.45893105,0.11005439
0.35980286,0.09830913
0.31182298,0.11341683
0.36710969,0.11756370
0.39626703,0.10948458
0.39296737,0.11131521
0.48462336,0.16447861
0.46892047,0.12011366
0.42901364,0.12220947
0.34825980,0.08011405
0.25608721,0.06976273
0.47261901,0.11118666
0.50605653,0.13850681
0.33986337,0.10557702
0.37919490,0.13297322
0.39396941,0.11615064
0.52056407,0.15084955
0.41278965,0.09572523
0.47154912,0.12687856
0.34958507,0.10025551
0.38286127,0.11825054
0.37276192,0.10653983
0.41889513,0.09788723
0.43338172,0.13162180
0.39408537,0.08755110
0.41985434,0.11985481
0.38659754,0.10467993
0.38230231,0.12257718
0.42573334,0.11088945
0.42264158,0.10650109
0.35210561,0.11868433
0.39454822,0.11849772
0.58089665,0.13462154
0.41066334,0.12401745
0.49972519,0.10863991
0.34701054,0.09967912
0.37367859,0.09612323
0.44688286,0.12078935
0.49440705,0.12538035
0.47603054,0.10597438
0.47671500,0.12395848
0.31603253,0.06395476
0.37466859,0.08734365
0.53638935,0.16177561
0.51375601,0.10779873
0.37616704,0.09354432
0.42425802,0.09718543
0.47510815,0.12947226
0.46458917,0.15125191
0.54481639,0.16178833
0.42818391,0.08299697
0.45861681,0.13780324
0.51282094,0.14047315
0.45422762,0.10736156
0.45598829,0.14210668
0.37893778,0.09091707
0.40881054,0.10579774
0.35534340,0.11375615
0.36040353,0.07126130
0.41699229,0.11932141
0.40921856,0.11756815
0.40344108,0.13251868
0.47456274,0.12642602
0.54168433,0.11529146
0.49102741,0.12876314
0.34498869,0.08944771
0.53857275,0.15202169
0.53173253,0.17486758
0.35230165,0.08627590
0.40932706,0.10351307
0.36020265,0.09231512
0.49295011,0.12994914
0.37467824,0.13580382
0.48346254,0.12071280
0.35208317,0.08173821
0.45450364,0.14563931
0.46424171,0.11798305
0.40428039,0.13840873
0.37640371,0.10585968
0.47904161,0.15200354
0.48686368,0.14699285
0.37098537,0.07894784
0.42138343,0.12616115
0.34254016,0.09975358
0.49046669,0.12680697
0.42030289,0.12241436
0.46545823,0.10786423
0.39221636,0.09012809
0.44078253,0.10532081
0.49940919,0.13371118
0.42948645,0.10197281
0.38131996,0.09023221
0.55768837,0.15224531
0.36528098,0.12138263
0.40994290,0.10192292
0.38104806,0.10521933
0.41121191,0.13943628
0.45835647,0.10360419
0.30731112,0.10111396
0.46963194,0.11226003
0.31718687,0.10138503
0.29481514,0.07319071
0.47844968,0.14505921
0.52030708,0.12806397
0.33728858,0.09739787
0.47651886,0.11183663
0.34693988,0.09856425
0.32973696,0.11215236
0.32811836,0.09931775
0.44173710,0.12818576
0.35852727,0.12240152
0.38971064,0.08618796
0.42952101,0.14477335
0.41198702,0.13422031
0.50588652,0.12908880
0.48710824,0.16600052
0.32875739,0.10557413
0.42270207,0.11430157
0.28473242,0.08024792
0.36959261,0.08925868
0.46572747,0.11708447
0.43981094,0.12616782
0.32101337,0.06291514
0.38641279,0.11234527
0.33465336,0.08257585
0.46374954,0.11096658
0.39513448,0.10805995
0.35215853,0.10338652
0.41608767,0.08984265
0.55696577,0.16867741
0.54220588,0.11966065
0.31748211,0.09738041
0.31816716,0.06716172
0.45330697,0.12658212
0.40442720,0.08898879
0.39546387,0.13209366
0.34735096,0.07317651
0.43145058,0.09912936
0.44499293,0.14347534
0.46801172,0.11933282
0.37755306,0.10641082
0.44160291,0.14026237
0.47130056,0.12333128
0.42849063,0.09724237
0.47190375,0.13873222
0.56571892,0.15047924
0.31710310,0.08005716
0.38316894,0.09344961
0.46076091,0.11939279
0.43193746,0.08866108
0.47284907,0.11382521
0.41497985,0.13873583
0.45033679,0.10752340
0.49431610,0.09806491
0.45363736,0.12934945
0.47895900,0.13355057
0.41595213,0.11387361
0.58366751,0.17003093
0.36031701,0.09797373
0.42998313,0.13084441
0.36044699,0.13419147
0.41386192,0.08713203
0.55728772,0.17401592
0.50183830,0.12440373
0.42758659,0.12998554
0.53330090,0.17463951
0.28328448,0.07940942
0.49280346,0.14620944
0.34988328,0.10531344
0.42574658,0.11123544
0.48432368,0.14129418
0.40963390,0.10508265
0.48315706,0.15551634
0.44653477,0.11008780
0.30170299,0.07564081
0.48722684,0.13785396
0.37930651,0.11885955
0.42816598,0.13089434
0.30867387,0.07087169
0.36072640,0.08480375
0.35423160,0.07779807
0.36424279,0.11379987
0.42804945,0.10033270
0.45113399,0.11395647
0.54156223,0.12500302
0.46690294,0.14215522
0.42353500,0.11223981
0.38461530,0.13439100
0.39543864,0.07276339
0.38858155,0.11371145
0.43275552,0.10499825
0.47956484,0.10971694
0.33993090,0.09597148
0.47491473,0.12597507
0.33873576,0.10174335
0.36302320,0.10672667
0.43174991,0.12790447
0.40868951,0.12243115
0.39044169,0.10398252
0.40956527,0.10795253
0.37662884,0.12462460
0.44894572,0.15972572
0.34254048,0.09406289
0.41521010,0.10967414
0.40120716,0.09223599
0.41053243,0.13866667
0.46412745,0.11355313
0.59667196,0.13851311
0.36425839,0.07367999
0.62852917,0.17707872
0.43871571,0.12168458
0.40470392,0.12529142
0.32140465,0.07168363
0.37918314,0.11734471
0.39874666,0.12670749
0.49858709,0.14499684
0.35734664,0.09493108
0.38298690,0.09068495
0.48446522,0.11944396
0.28791015,0.08557511
0.56778663,0.14040854
0.51589302,0.13846514
0.48370108,0.12705431
0.41851531,0.11069251
0.37330467,0.06910432
0.32827703,0.08903759
0.39344931,0.09412124
0.41554196,0.13207086
0.36813818,0.11322178
0.35801853,0.11136400
0.49186328,0.15725150
0.42750831,0.12509723
0.43768369,0.10953419
0.39600870,0.12294593
0.38703347,0.09829804
0.48882509,0.12258658
0.37483926,0.11554041
0.36849594,0.08235534
0.49399820,0.14575484
0.41601945,0.09977395
0.45618423,0.12848784
0.48644499,0.09636065
0.48554715,0.13630166
0.46603312,0.10507077
0.42301201,0.09210475
0.37034404,0.11738119
0.50402782,0.10243228
0.48109097,0.13148181
0.42174963,0.10899985
0.55237899,0.12441489
0.39056670,0.10573387
0.42146568,0.13416447
0.51846979,0.12891718
0.38492948,0.08102642
0.31714078,0.09721599
0.45991703,0.10168471
0.39272054,0.10436948
0.34182988,0.08616333
0.43979663,0.11294694
0.29890518,0.07889520
0.38798835,0.12102444
0.34134929,0.08895471
0.49879119,0.13407879
0.47871416,0.13451129
0.49085145,0.13744317
0.41683566,0.14878164
0.46010076,0.15382839
0.35541589,0.08126244
0.41710314,0.08874566
0.49813569,0.13755789
0.47344921,0.11241724
0.47442880,0.10828545
0.49956865,0.13625830
0.33323967,0.07379050
0.46871271,0.14241100
0.45006195,0.13267908
0.45464177,0.11072743
0.32751042,0.10132559
0.41503060,0.10850543
0.34955334,0.09941008
0.45990001,0.13527172
0.46757864,0.10486586
0.50274213,0.12422348
0.35019173,0.09615865
0.63873432,0.17540041
0.47052495,0.11705914
0.36234346,0.08994526
0.54830866,0.16048222
0.42643155,0.13107098
0.56850747,0.16267567
0.40481491,0.08441871
0.40213777,0.09630328
0.30414884,0.10314714
0.39324895,0.10387126
0.47957721,0.14435240
0.48920111,0.13187656
0.42572318,0.10107150
0.42122337,0.09006865
0.35158667,0.10948388
0.46940354,0.16297340
0.63254509,0.18483456
0.42498531,0.09660280
0.38263253,0.09027430
0.45066158,0.14269094
0.52770197,0.15639227
0.36377734,0.07719159
0.37560920,0.11269335
0.48918827,0.17977434
0.38698472,0.11785861
0.52748924,0.16120581
0.42142820,0.13732061
0.38537648,0.09306081
0.31330932,0.07781364
0.50963148,0.15152403
0.45642309,0.13820825
0.50184240,0.16184076
0.41997755,0.11007658
0.34361629,0.06775100
0.37305596,0.08757180
0.45234124,0.10738370
0.36217404,0.07530134
0.40769300,0.10196598
0.41688043,0.09338020
0.44190156,0.08772738
0.43699251,0.09695583
0.45104398,0.13147587
0.47245429,0.09991251
0.27181986,0.07946723
0.34681484,0.10617312
0.46415437,0.11362877
0.40498675,0.11250534
0.44728580,0.14363431
0.44245683,0.12610274
0.39638273,0.13307167
0.49682890,0.12155298
0.49408732,0.16512196
0.39315763,0.10365480
0.39462849,0.10512510
0.35396913,0.12676125
0.43944612,0.12126377
0.31175119,0.10641543
0.68118570,0.17808041
0.37043892,0.11936918
0.56278570,0.13705498
0.48704554,0.15215230
0.52683112,0.13243663
0.49022296,0.14258660
0.40212305,0.12649650
0.45395373,0.12116503
0.47044377,0.14109220
0.41982583,0.07973180
0.40724506,0.10829569
0.39617278,0.12974225
0.39437532,0.07876018
0.43838997,0.12027660
0.38630829,0.09494169
0.47150482,0.10834064
0.39980677,0.11412720
0.29003279,0.06112092
0.47367559,0.16228975
0.50011528,0.13770796
0.46113065,0.12358919
0.48540104,0.11136603
0.33083110,0.08089285
0.54593966,0.16229505
0.41393610,0.08718869
0.36394528,0.11497997
0.50861754,0.11297966
0.58846799,0.15787546
0.46525346,0.14986848
0.35529750,0.08960128
0.36195533,0.07540560
0.40973437,0.10405970
0.42336802,0.10231940
0.33139476,0.08877543
0.47125740,0.13910277
0.49770699,0.13254564
0.37176855,0.10769641
0.40612614,0.13472494
0.48477315,0.09443549
0.34178840,0.11506828
0.48115922,0.13189702
0.48761282,0.14917738
0.52147750,0.11942680
0.33410125,0.08129625
0.45526528,0.12710560
0.42205907,0.09843414
0.47091886,0.11642962
0.51070802,0.14179120
0.46857553,0.14868341
0.41134644,0.12354798
0.55209348,0.15670438
0.43797256,0.11714965
0.40008617,0.10894016
0.30685434,0.09333504
0.41036468,0.09783350
0.39624203,0.09632739
0.51673572,0.13958641
0.32901429,0.09950276
0.40653463,0.11369876
0.43029952,0.09926340
0.44037181,0.12014765
0.40137009,0.08949021
0.29093927,0.09558956
0.27869820,0.06624895
0.30103667,0.07797307
0.33957799,0.09191063
0.42645692,0.10967006
0.44340368,0.11171031
0.35799125,0.10520617
0.46216444,0.13590662
0.42037236,0.09896765
0.46923644,0.12644047
0.32178008,0.07574036
0.30980805,0.09449450
0.51404295,0.14353763
0.41522014,0.08409109
0.43789568,0.13384123
0.55853014,0.14179819
0.34689846,0.08198872
0.36568762,0.09124008
0.35946925,0.12435890
0.39702364,0.13336943
0.27673478,0.09552884
0.41242266,0.12007378
0.37891765,0.09011993
0.45037463,0.10376134
0.38112159,0.10663067
0.51822283,0.11789371
0.48591851,0.11342699
0.46431452,0.11899835
0.52571708,0.14319426
0.42767339,0.12805376
0.37427460,0.12688738
0.35100555,0.08055241
0.37343441,0.09183379
0.42038012,0.12410685
0.38506224,0.11642012
0.37704235,0.10976129
0.46658347,0.12388255
0.35830605,0.11203786
0.39274346,0.09945823
0.34583156,0.09097958
0.43806159,0.10023244
0.39012725,0.11593688
0.42926010,0.08481691
0.45665850,0.10676190
0.41984844,0.10095412
0.41544097,0.12277961
0.52194686,0.12799835
0.38489750,0.10159788
0.55076378,0.11349719
0.32674657,0.07473360
0.55559564,0.11630772
0.55729717,0.13942896
0.56060927,0.15443035
0.37495706,0.09322671
0.38189776,0.09483531
0.49164264,0.15654615
0.45222490,0.10474170
0.45014245,0.13768027
0.56639284,0.13539552
0.40176736,0.10374174
0.35314917,0.09354601
0.34243021,0.09846406
0.47856073,0.10023791
0.37435318,0.12121428
0.35244335,0.08128382
0.45161469,0.12546193
0.49773110,0.12683403
0.40457954,0.10621219
0.42235889,0.09641891
0.31656365,0.06961603
0.43628528,0.13224751
0.34590434,0.10214302
0.36808195,0.12173967
0.27366214,0.07914530
0.45030001,0.11397688
0.43977867,0.13443316
0.34965670,0.08975536
0.35032820,0.10155960
0.56265608,0.14810166
0.36472329,0.10706565
0.44789656,0.11105506
0.50238816,0.16727909
0.47555007,0.12100368
0.38597600,0.08498478
0.47660643,0.12836198
0.43155258,0.13308875
0.47931760,0.11213885
0.34444593,0.08432127
0.32622284,0.09386881
0.37807046,0.07928463
0.37931752,0.08042782
0.46746751,0.14332009
0.41313460,0.11765135
0.47646580,0.13457500
0.41687200,0.09430218
0.39902046,0.12404024
0.58296742,0.16502757
0.56106065,0.15752684
0.42928820,0.11226940
0.48328055,0.14011831
0.32642951,0.09290345
0.47307511,0.13836560
0.32657765,0.09658165
0.38665888,0.09698435
0.51656058,0.14118841
0.50451357,0.13389033
0.35201742,0.09643396
0.46132972,0.13183251
0.37051690,0.13282691
0.46926985,0.11733646
0.52658963,0.15463607
0.38611349,0.09560052
0.43755203,0.12857881
0.53832491,0.12990068
0.30988587,0.06842513
0.42398266,0.11637636
0.47581999,0.14314818
0.43161030,0.09355546
0.37609055,0.11175968
0.36938209,0.10116034
0.53987062,0.13062765
0.40145997,0.10671993
0.35149268,0.10579702
0.50793311,0.11512650
0.40962675,0.10993127
0.44722928,0.14156401
0.49053636,0.11661557
0.47424046,0.12847688
0.36256485,0.09393535
0.46215997,0.12835266
0.40367066,0.12145931
0.40172003,0.11411508
0.47501753,0.12512271
0.56490768,0.18834286
0.34426802,0.10260763
0.37215874,0.12184770
0.32566039,0.11310648
0.49327298,0.13133461
0.42075135,0.11033997
0.45145654,0.10995056
0.52865583,0.13685606
0.47405615,0.10820820
0.37880668,0.10806233
0.44024303,0.12887864
0.36420219,0.13186929
0.46672325,0.12617260
0.54682123,0.15984556
0.40211442,0.10605498
0.32530364,0.09167410
0.53691675,0.15590237
0.47847127,0.15136812
0.37140919,0.10186351
0.41116741,0.14124716
0.49764750,0.13435058
0.44348951,0.09238441
0.45318953,0.09861798
0.36604136,0.09496867
0.39561324,0.12048241
0.32832606,0.07454661
0.47964143,0.13121673
0.26538745,0.07473670
0.44806048,0.08730516
0.39524582,0.10111408
0.36739070,0.12250772
0.39541952,0.09142421
0.42618150,0.10789378
0.41317879,0.08939195
0.57045706,0.14836173
0.54055905,0.12930713
0.46910017,0.13362299
0.45027036,0.09562241
0.42420066,0.13183624
0.59669428,0.13450517
0.41047653,0.11780142
0.43343762,0.13474069
0.45821329,0.09666239
0.51108937,0.14744022
0.47864194,0.13104107
0.48040784,0.16271653
0.39000564,0.13148620
0.45010574,0.14754500
0.34567908,0.11097428
0.50642549,0.13258297
0.40774595,0.10226031
0.48903238,0.11455727
0.47117934,0.14531520
0.48267717,0.11957067
0.50926581,0.13055735
0.40833652,0.10498737
0.35063373,0.12461326
0.33024141,0.08923265
0.43531804,0.12871361
0.34496133,0.09013248
0.40083054,0.08517007
0.36074522,0.11513674
0.40390359,0.10447162
0.45924421,0.11509798
0.44142757,0.09267323
0.48331769,0.12432840
0.43812221,0.10261342
0.52876553,0.15353928
0.37596332,0.08762692
0.62756736,0.13765547
0.39377617,0.12797620
0.39235842,0.10215259
0.52336987,0.11136078
0.43489188,0.12551492
0.52050329,0.15582339
0.37344803,0.09685728
0.28925287,0.07327531
0.34280069,0.10248518
0.44524599,0.11339410
0.35543931,0.08006133
0.46667407,0.11543687
0.48385103,0.13491684
0.42038901,0.09706774
0.51726974,0.12118722
0.51705248,0.13153666
0.30948264,0.10633903
0.46516358,0.13870761
0.44445120,0.12407701
0.38179866,0.09121378
0.40674384,0.11374026
0.49510036,0.12608361
0.53239156,0.16048989
0.49154996,0.12546150
0.52605484,0.13676086
0.45310049,0.15373540
0.27222911,0.06427462
0.40597677,0.12684326
0.40683887,0.10250585
0.43492950,0.12273102
0.38435915,0.09126810
0.49024714,0.15370128
0.41753957,0.10614801
0.55929152,0.16674173
0.44025609,0.12207490
0.37310625,0.10145650
0.40672087,0.13132782
0.39849915,0.11993215
0.35477460,0.08960187
0.40476514,0.11644545
0.49798943,0.12441362
0.40087649,0.11015203
0.43909698,0.12133780
0.48574535,0.14537324
0.48270156,0.13162329
0.40922163,0.11196156
0.41134011,0.12841841
0.48291681,0.11683844
0.30620599,0.10505858
0.36721366,0.07339123
0.53574551,0.16687349
0.52213443,0.15162004
0.33963881,0.08477537
0.42217353,0.13657460
0.35610191,0.07021963
0.37679635,0.10331988
0.47842845,0.14514484
0.34434815,0.08222419
0.37427380,0.09447331
0.38024934,0.09975515
0.36576195,0.08581393
0.46315256,0.10033800
0.48397455,0.11014618
0.46509517,0.12470169
0.35662570,0.10658276
0.40672197,0.14650386
0.36801270,0.08962510
0.45654816,0.16012623
0.44089969,0.10439079
0.28030655,0.08220680
0.37168733,0.07717198
0.47624058,0.15161961
0.33692563,0.09255063
0.40454952,0.09238076
0.38670213,0.10269267
0.46432403,0.13862211
0.53559935,0.14945343
0.28985103,0.08838621
0.43775225,0.11320135
0.49209794,0.13826525
0.44126698,0.13359975
0.37738708,0.10691710
0.40441494,0.08236946
0.45166563,0.09959046
0.35215393,0.09416207
0.52202019,0.16231431
0.32133810,0.07851445
0.31618530,0.08596042
0.41547570,0.07528973
0.56979700,0.14411974
0.34289965,0.10668634
0.48654239,0.13589799
0.38472277,0.10435953
0.40458262,0.13890478
0.32017871,0.07985931
0.44496264,0.12230209
0.49091715,0.11769542
0.43589147,0.12565060
0.45781612,0.12807909
0.45206909,0.14324968
0.43431388,0.08927051
0.59540433,0.14596417
0.31670870,0.07968750
0.54775752,0.14732221
0.34465709,0.09351123
0.31677983,0.10254615
0.40245103,0.14323004
0.56519484,0.15164303
0.52599091,0.13413219
0.34417715,0.06966683
0.44299197,0.08909467
0.41293414,0.12847605
0.57520547,0.16295754
0.38082605,0.10519295
0.59693965,0.15865057
0.47457493,0.12022815
0.37432620,0.12985270
0.41086811,0.13953997
0.47745798,0.15703293
0.29499934,0.08841370
0.44862902,0.12747362
0.50952676,0.16334864
0.40986081,0.12312931
0.50459533,0.12856857
0.41571873,0.10816851
0.40331867,0.11108990
0.43016813,0.10722321
0.47994251,0.10313039
0.45839713,0.14405585
0.35938886,0.11875796
0.49622546,0.13571043
0.48387487,0.10639026
0.33436841,0.09416647
0.43255970,0.12422617
0.41473232,0.13278224
0.46721328,0.14216817
0.37499270,0.12757363
0.57169832,0.16096831
0.41294035,0.14807329
0.42108145,0.08868207
0.29643263,0.10685129
0.50910262,0.14134023
0.44328107,0.10969969
0.36273806,0.09413872
0.46685822,0.15003345
0.36311575,0.09828359
0.33347291,0.09389973
0.28426199,0.07365608
0.29372994,0.06395537
0.40824805,0.11341105
0.38063143,0.09163566
0.38140528,0.09333853
0.35969671,0.09533202
0.48704436,0.14271353
0.43534581,0.11113887
0.42067089,0.10615936
0.47021696,0.13243112
0.52569601,0.13032881
0.42522718,0.11376468
0.34229304,0.07518933
0.35212590,0.12400989
0.43795061,0.13160817
0.36540670,0.11702443
0.49421537,0.13003652
0.35968163,0.10058068
0.38493922,0.10762079
0.39675141,0.11888394
0.35382237,0.10576284
0.33072150,0.11428357
0.50301757,0.16467481
0.38142502,0.11962731
0.39126210,0.13571734
0.39063666,0.09756196
0.40548135,0.08949107
0.34923367,0.08751375
0.44572478,0.12182588
0.32660107,0.06610975
0.46557065,0.15696536
0.44375989,0.10669455
0.43168474,0.13652995
0.35946495,0.11037045
0.42050810,0.11985244
0.49918216,0.10734968
0.56239428,0.17977260
0.35051919,0.09559855
0.42993098,0.10437210
0.41468397,0.12798625
0.41253719,0.13344124
0.33184863,0.07728478
0.44045796,0.12343507
0.39203463,0.08772463
0.43562861,0.10909317
0.44881634,0.15883392
0.50866297,0.14258862
0.36101742,0.08360160
0.43484621,0.11660003
0.46008017,0.10816721
0.49248545,0.13631575
0.39196852,0.10871442
0.54287146,0.17904824
0.45982686,0.13625215
0.42835057,0.11249845
0.55295923,0.13968396
0.45522072,0.14129268
0.51847095,0.15316754
0.57710703,0.15669989
0.39498856,0.13935044
0.45222712,0.09022514
0.38408305,0.12341120
0.41636382,0.08131072
0.38807715,0.09255148
0.46612726,0.12467111
0.37595456,0.11302114
0.48385721,0.13984735
0.56274684,0.15026216
0.41011534,0.14100775
0.57586972,0.14904386
0.34418860,0.08467357
0.31544385,0.12328286
0.48624339,0.11079972
0.34698343,0.06650074
0.43763470,0.14703574
0.43909250,0.13277085
0.46304026,0.11374035
0.46015971,0.10600705
0.40452685,0.08910111
0.40046792,0.13552258
0.42534141,0.14190485
0.42438474,0.09237026
0.41748648,0.12440188
0.36098449,0.08130966
0.43600639,0.14309211
0.41048859,0.09062622
0.34176888,0.07920085
0.43429470,0.15135468
0.49277988,0.15200756
0.31764095,0.08957864
0.40452097,0.14275373
0.31309195,0.10001564
0.47176700,0.12212438
0.35306961,0.10934160
0.44796192,0.13340174
0.34176464,0.07998862
0.31670487,0.09042706
0.47460423,0.12869262
0.48550723,0.14493308
0.50386369,0.15959156
0.35274890,0.11027047
0.47874660,0.13695329
0.41705171,0.11507153
0.34223073,0.09173441
0.46350645,0.15404891
0.52416273,0.15177392
0.36185778,0.11441939
0.33074041,0.08702368
0.33637361,0.11629676
0.42529897,0.14123199
0.52141151,0.14259230
0.43058319,0.11842069
0.33962934,0.10212990
0.42468114,0.08499604
0.41084966,0.11846499
0.36290434,0.08257031
0.45866766,0.09834172
0.34337441,0.08193376
0.46876181,0.13563359
0.33567065,0.06716535
0.38687817,0.10897293
0.33946050,0.09584474
0.35922702,0.12108884
0.40375266,0.09759483
0.34956716,0.07502910
0.27761235,0.08719664
0.58950202,0.14576283
0.51751312,0.16106576
0.35534592,0.10829724
0.35824472,0.10206225
0.50964083,0.13268171
0.53480893,0.13926784
0.37817041,0.13403652
0.40646437,0.11821937
0.32681425,0.10435323
0.42476749,0.15398913
0.42733512,0.12384709
0.35344083,0.10272848
0.59545363,0.14969591
0.30453608,0.08623502
0.46943217,0.12360504
0.45217472,0.13155824
0.32660260,0.07590380
0.49258793,0.13431794
0.38338851,0.07253542
0.51203645,0.12139311
0.30656794,0.09770220
0.55502360,0.17787130
0.57247184,0.14159775
0.35748676,0.09642609
0.51059056,0.13469663
0.35167681,0.07998393
0.45387417,0.11862010
0.46927214,0.14311346
0.44007738,0.14449132
0.42083385,0.10908532
0.44033565,0.12587133
0.28006331,0.08090872
0.33538110,0.07479066
0.33793391,0.07720244
0.48248759,0.11907345
0.40205332,0.12158844
0.48548775,0.12002635
0.55615931,0.13736266
0.48759133,0.13762322
0.49795378,0.14553155
0.40655476,0.08352463
0.38842556,0.13103565
0.39440556,0.14523219
0.40557141,0.13236266
0.36952875,0.08514481
0.37225609,0.09708924
0.45322377,0.13279381
0.37175122,0.10048018
0.42945347,0.13487972
0.47471412,0.11827490
0.33737019,0.09009069
0.43449434,0.13851329
0.38250145,0.10844958
0.51756790,0.11668704
0.44208851,0.12535757
0.33441364,0.10030508
0.28997710,0.05871464
0.39653608,0.10619994
0.49364404,0.12646113
0.36844214,0.09401289
0.39632295,0.10826721
0.42838556,0.13474720
0.53568155,0.12432406
0.32557075,0.09231041
0.26588947,0.06716514
0.45943701,0.11862148
0.41983213,0.09551338
0.42801061,0.08825800
0.42619960,0.12169654
0.43805297,0.12910187
0.41004682,0.14221656
0.40261554,0.10996359
0.44594086,0.11998501
0.40261111,0.10013471
0.39508153,0.08547798
0.42650370,0.10190829
0.47543491,0.12226686
0.44684707,0.13395483
0.41608104,0.10004764
0.45472324,0.15414759
0.31469331,0.08012910
0.51275349,0.10566045
0.41089520,0.10341603
0.45660234,0.13840088
0.39476051,0.11431158
0.46270929,0.13583110
0.43106796,0.12956471
0.40792669,0.10933771
0.49306406,0.13588729
0.31835882,0.07461287
0.37589231,0.08343301
0.40188097,0.10411185
0.44560222,0.11554087
0.37230604,0.12074391
0.29388929,0.08041538
0.43322632,0.15387957
0.40065018,0.12948311
0.31649969,0.07340775
0.35687882,0.08070235
0.39076491,0.08252615
0.44540593,0.10651348
0.34086852,0.08295802
0.62636311,0.15906468
0.53541729,0.14633832
0.36808525,0.11680420
0.41154678,0.08091480
0.47316999,0.12660435
0.53000604,0.13782303
0.50830564,0.16750786
0.49331566,0.10710153
0.39773868,0.08792424
0.50071015,0.12370011
0.35684101,0.13097559
0.45496210,0.11210561
0.43650730,0.12209108
0.50354975,0.12434294
0.42697925,0.08419316
0.45773068,0.12581132
0.39097105,0.11370906
0.49833584,0.11239345
0.46444148,0.12327841
0.41021987,0.09936488
0.51003051,0.11555524
0.46587285,0.15781410
0.45616421,0.13768970
0.40615123,0.09446847
0.29961350,0.09323479
0.46366570,0.13335486
0.41933376,0.10495891
0.56415572,0.12422555
0.59984553,0.15537141
0.56244675,0.14404916
0.49792151,0.12263676
0.49413403,0.14795127
0.50505198,0.12882455
0.51155103,0.11332545
0.39166025,0.10343657
0.41817592,0.10045051
0.34506459,0.09707529
0.37173611,0.08097942
0.35943991,0.09046263
0.38794459,0.10286723
0.32588522,0.09612318
0.39843373,0.11913507
0.43080107,0.10773147
0.36344641,0.08045956
0.32817292,0.08685845
0.33937659,0.06647521
0.50132900,0.13292344
0.35100312,0.10677895
0.32988818,0.11082941
0.45351413,0.08822194
0.48788795,0.10059710
0.40190975,0.08446042
0.45467398,0.13612610
0.43751803,0.11658786
0.40492177,0.09754168
0.40233463,0.07836364
0.45762299,0.16504577
0.42060138,0.08600680
0.47448458,0.12747224
0.43379360,0.14513083
0.46977225,0.11895642
0.34676407,0.10777395
0.42525353,0.12249828
0.40526803,0.11389385
0.43053347,0.12581105
0.48537474,0.11866811
0.45547908,0.15410300
0.49406530,0.13761885
0.42824084,0.09423032
0.46225741,0.10565835
0.44580517,0.15597236
0.37027403,0.09385751
0.45952425,0.10126423
0.54307000,0.14455741
0.45765487,0.10310021
0.51590271,0.10668892
0.34143907,0.07732630
0.53266399,0.15662755
0.41928380,0.08766151
0.55669876,0.17393110
0.46116090,0.12685085
0.54379260,0.12096772
0.42067968,0.10473303
0.40150373,0.11161964
0.36029823,0.10846028
0.43879318,0.11181602
0.36874381,0.11520070
0.49486911,0.14638756
0.42541424,0.11095244
0.41780932,0.08744858
0.47932259,0.12399150
0.43235110,0.14656372
0.49288744,0.13186757
0.46661754,0.11840204
0.36824195,0.12728491
0.47569168,0.14683573
0.43983613,0.15874422
0.37277541,0.08352437
0.36949795,0.11122113
0.33845240,0.10167202
0.36540535,0.12155643
0.60391110,0.17203018
0.37022649,0.10145480
0.33955386,0.09047226
0.35000352,0.07539229
0.42191788,0.13008627
0.45533735,0.10454760
0.43248501,0.13188419
0.44276934,0.12407667
0.42877854,0.12509380
0.47840564,0.14834358
0.30371529,0.06754565
0.40993362,0.11034001
0.52411551,0.18448656
0.49725211,0.13091720
0.42150502,0.09993061
0.56571531,0.16847961
0.67728772,0.18040189
0.49043953,0.13696200
0.56508594,0.16052512
0.41970797,0.10844693
0.40267973,0.08844478
0.52637744,0.12343781
0.41399528,0.13047709
0.35124676,0.11617044
0.39477610,0.12389918
0.44191041,0.10972678
0.47214970,0.13239742
0.33185343,0.09349320
0.33288263,0.10233147
0.46009088,0.12371851
0.34439375,0.08692523
0.32938927,0.09951525
0.26607805,0.07001629
0.57568858,0.15563623
0.40524128,0.10451338
0.41491333,0.14142734
0.49003869,0.14081991
0.33504112,0.07656303
0.41391248,0.12363140
0.47380523,0.11339865
0.55053074,0.15978929
0.45957579,0.13522562
0.48695852,0.12030351
0.48263301,0.12507996
0.43830476,0.10110916
0.60642929,0.19038850
0.37500059,0.11747836
0.39799363,0.08825052
0.40644340,0.10205835
0.37486690,0.08387992
0.39819832,0.11927328
0.42696031,0.08986332
0.51976568,0.10812819
0.32785998,0.09663732
0.37940063,0.14746746
0.30097476,0.09468863
0.47042555,0.11922276
0.49873743,0.11364335
0.57949171,0.15717348
0.43038944,0.08685539
0.40641616,0.09988102
0.31215808,0.09545758
0.46142038,0.11986029
0.44392878,0.11476094
0.44937687,0.15870824
0.51692026,0.10993426
0.39798209,0.12764923
0.35191478,0.07938498
0.33816060,0.08570873
0.53089143,0.15265999
0.32232712,0.10156447
0.37254046,0.09625995
0.37222028,0.09053272
0.40343037,0.10396076
0.34228278,0.08367109
0.41303725,0.14121250
0.46214719,0.13134697
0.35512006,0.09429647
0.37413999,0.07223967
0.27777972,0.07136772
0.51732958,0.13330447
0.50808161,0.15086309
0.38132206,0.09768695
0.36016689,0.12034313
0.40612956,0.11182596
0.32106647,0.10044180
0.27451159,0.06914528
0.40836960,0.14007449
0.33980592,0.07088195
0.41922897,0.12123937
0.51292904,0.13455654
0.37342309,0.07702313
0.38981202,0.11843634
0.54049654,0.16959238
0.44696402,0.12952143
0.54761318,0.16450099
0.44664017,0.11275835
0.38475705,0.09751629
0.48735057,0.16002423
0.33001861,0.06555136
0.50527695,0.14973364
0.40329524,0.11010341
0.40767595,0.12751132
0.51146957,0.12108908
0.42313613,0.13380618
0.36883154,0.11899808
0.46877683,0.13059572
0.38741850,0.07690934
0.39927369,0.10882569
0.53544042,0.12745299
0.29676455,0.07816433
0.52264637,0.14821632
0.35530942,0.07105992
0.34960982,0.07591485
0.37148930,0.12001231
0.30824412,0.07348471
0.40672957,0.11126523
0.53830086,0.16426892
0.32624138,0.09748318
0.34905386,0.08880283
0.37722387,0.11266461
0.44288200,0.11185621
0.44032489,0.13382713
0.41007080,0.09759244
0.36009724,0.10834909
0.38521453,0.13112688
0.39262787,0.12425677
0.37933364,0.06537669
0.52922529,0.15465338
0.44768926,0.14432915
0.33179615,0.10469031
0.33567580,0.09585187
0.35382083,0.11039498
0.44335434,0.13315916
0.50111938,0.12431584
0.47204814,0.13790508
0.58652868,0.14174121
0.41965647,0.11465643
0.30089527,0.07797572
0.36852951,0.10091846
0.38547872,0.11962950
0.44507309,0.11283912
0.38450185,0.09184421
0.49862006,0.14606480
0.40951891,0.11360566
0.32466573,0.09386784
0.45908757,0.13914756
0.33712475,0.07831809
0.29998830,0.08151505
0.46599376,0.13970771
0.45142497,0.10111621
0.41178216,0.13834037
0.38426775,0.12379926
0.34725808,0.10756735
0.38915514,0.12312166
0.40026273,0.10179927
0.48936605,0.12785364
0.45884311,0.11978009
0.52927172,0.15508192
0.35197116,0.09880458
0.34050668,0.10149089
0.34336327,0.09468206
0.35185434,0.12409342
0.39746407,0.11518373
0.44437315,0.13648287
0.44918926,0.13267162
0.35123947,0.10603911
0.34636866,0.10862057
0.64107496,0.14629457
0.55335160,0.17442214
0.33821151,0.08787464
0.32228715,0.08886736
0.34760166,0.08686802
0.35252552,0.11441554
0.50706257,0.13733994
0.52248811,0.13101695
0.49578684,0.12862845
0.33246939,0.09724852
0.43840540,0.13414805
0.47481854,0.12555914
0.34247617,0.06990995
0.46869049,0.12459872
0.36921242,0.07693106
0.52485753,0.13091066
0.41310564,0.11688748
0.41817549,0.11535208
0.36614206,0.12495685
0.39816206,0.10179302
0.48729904,0.12794496
0.39004254,0.09298338
0.42360573,0.11983446
0.39354628,0.12782072
0.38072918,0.09597603
0.44058378,0.13080058
0.45133144,0.10050429
0.40533019,0.14321471
0.54854212,0.14171002
0.44563370,0.10596171
0.39100831,0.11366958
0.47191022,0.14848775
0.54090662,0.13380379
0.35136234,0.10401224
0.50059207,0.13293236
0.26921359,0.09233328
0.51018344,0.13202921
0.39237411,0.09132782
0.31237489,0.12332068
0.39211054,0.11399248
0.51422362,0.14305295
0.57197822,0.17124566
0.32879633,0.06896179
0.31735102,0.07332664
0.39600101,0.10604440
0.32194944,0.06751089
0.51364116,0.13660102
0.31303195,0.08497919
0.37048721,0.09959146
0.50171501,0.12041433
0.40037810,0.10156941
0.40783291,0.08903895
0.54022327,0.14226258
0.51745672,0.11319813
0.41325439,0.10285997
0.38436494,0.11223525
0.38490032,0.12160325
0.35227858,0.10667500
0.40457906,0.10227578
0.46152646,0.09228993
0.37482697,0.09773740
0.38100509,0.10546509
0.42907705,0.11651671
0.35744129,0.10710253
0.43061731,0.10135541
0.36983434,0.12013886
0.41814062,0.13885430
0.40910732,0.12959175
0.37779734,0.12423801
0.38419566,0.10062459
0.36282104,0.08442821
0.50049424,0.12377039
0.45490705,0.12361886
0.40291762,0.11176703
0.37158617,0.10949844
0.40078190,0.13740918
0.40489812,0.13567304
0.33476826,0.11050227
0.30154106,0.07542576
0.51851523,0.15391954
0.38836953,0.09791712
0.38306613,0.09053820
0.40118366,0.12283303
0.42664448,0.12614578
0.50920417,0.14446415
0.50815484,0.12436496
0.34267822,0.12858453
0.49743287,0.14820131
0.38659250,0.11024030
0.28684390,0.09725513
0.46460878,0.10931203
0.49363981,0.14727622
0.66004695,0.16934159
0.51564240,0.14202162
0.36002389,0.10183215
0.34698040,0.10501397
0.39571625,0.12750843
0.62480317,0.16758202
0.53004534,0.15898933
0.42979070,0.10046216
0.40139618,0.09926543
0.40090340,0.11449110
0.48295437,0.12378649
0.47874119,0.13460142
0.56804272,0.16873847
0.47879184,0.10868347
0.52386031,0.13718725
0.54655638,0.15863224
0.39203279,0.12892551
0.38695741,0.08980851
0.51254751,0.13179021
0.41422943,0.12231882
0.60584289,0.12796405
0.32390155,0.09186126
0.32832248,0.08665308
0.28597392,0.08383657
0.53870385,0.17311712
0.42889633,0.10315700
0.40075115,0.12712299
0.55989692,0.17870754
0.32582295,0.08827589
0.43607825,0.14277160
0.57439180,0.13591524
0.40409466,0.09997114
0.42452168,0.13091528
0.33507068,0.08244088
0.41855149,0.14337312
0.34270492,0.08569228
0.42059631,0.12462930
0.41641498,0.09164065
0.53158100,0.14621594
0.41416419,0.12818346
0.44893182,0.10673807
0.45348312,0.14104524
0.38308762,0.08932792
0.48067748,0.16280159
0.42940108,0.08284675
0.32335679,0.09108723
0.46360954,0.15361552
0.40995710,0.11245786
0.38747104,0.08260654
0.54404136,0.16373409
0.34550663,0.07781788
0.42665274,0.10976760
0.46968870,0.10199516
0.35326509,0.10728715
0.52528422,0.15115978
0.45712083,0.13020344
0.44377805,0.13824737
0.44478486,0.11277890
0.37413782,0.11255614
0.43398502,0.10808165
0.37436006,0.09819970
0.33276059,0.07210233
0.34387100,0.11398181
0.45713691,0.13637335
0.43080626,0.14105955
0.42592232,0.14950891
0.38762384,0.09751064
0.37050965,0.10868724
0.31033401,0.09254600
0.49480752,0.10517733
0.35781566,0.10829685
0.47762003,0.12057837
0.37541728,0.08106115
0.43864351,0.10273606
0.51669481,0.14689999
0.40281411,0.09668665
0.32038523,0.08367296
0.47463642,0.10637900
0.32534041,0.07470815
0.45290506,0.10732287
0.34431385,0.08193083
0.32148553,0.10744229
0.39953927,0.10650820
0.46955110,0.14699649
0.39902415,0.11659942
0.40204352,0.10266055
0.44529796,0.14629374
0.45721259,0.09499540
0.53814194,0.15312740
0.40794941,0.10184780
0.46771790,0.15614758
0.45005739,0.12386905
0.39873684,0.13371949
0.41732168,0.08554308
0.42213342,0.12551174
0.47076942,0.14690846
0.43193526,0.08234753
0.43265722,0.13723832
0.36957260,0.08017684
0.44078678,0.14682495
0.32132979,0.09217127
0.41430165,0.10540913
0.43266239,0.11451220
0.34823845,0.08733641
0.40541438,0.12971547
0.38819984,0.09987919
0.53855324,0.15160910
0.35142163,0.09887728
0.35234791,0.10399809
0.50981868,0.17248993
0.51492341,0.14942939
0.30479716,0.10371476
0.52696064,0.13589105
0.43863840,0.10729926
0.41541958,0.10251083
0.34081770,0.10317154
0.32570186,0.08620486
0.46761940,0.12900992
0.44849892,0.13369365
0.54903901,0.13839395
0.37337081,0.08562228
0.39329275,0.09987082
0.50968138,0.12210136
0.51871586,0.14472190
0.40048371,0.12255507
0.50478818,0.13096951
0.54834597,0.12277859
0.48511908,0.12776755
0.40476987,0.12184744
0.43828410,0.10692930
0.35882102,0.12198644
0.52837885,0.14015691
0.39852889,0.09463122
0.48250160,0.14627371
0.38589183,0.09756420
0.45062681,0.10587210
0.51165970,0.13605390
0.33337368,0.09264421
0.47084750,0.13384229
0.33179958,0.07856160
0.56230686,0.15660224
0.43634005,0.10393198
0.67914495,0.17083983
0.31503808,0.09587388
0.32084943,0.09340119
0.55975642,0.12002129
0.36073360,0.11010883
0.49936436,0.17962917
0.54902386,0.16030606
0.47087159,0.10602005
0.37981782,0.11906601
0.43439498,0.13644709
0.38747975,0.09580570
0.34798128,0.07905285
0.50381350,0.17283696
0.41039640,0.14191156
0.44802683,0.14236103
0.43016374,0.10281708
0.29197094,0.08800718
0.58497932,0.15765340
0.48594285,0.14321825
0.35312902,0.09339067
0.49902912,0.15010615
0.33661144,0.08848296
0.42060822,0.08375651
0.45071167,0.11108639
0.43239768,0.15160883
0.38900874,0.08393841
0.35668188,0.11189185
0.36596015,0.09724908
0.46989250,0.11044094
0.37569352,0.10439824
0.44270439,0.08520442
0.45786633,0.11267801
0.36414953,0.08800835
0.34511151,0.08009408
0.58417904,0.12699824
0.38314697,0.13932592
0.46520378,0.16332659
0.40416107,0.09025277
0.39306128,0.12348405
0.44526494,0.11526308
0.36373903,0.08332476
0.38732119,0.10923763
0.49969968,0.13203338
0.32602612,0.08324142
0.39167206,0.12576608
0.39481579,0.08899985
0.46914983,0.15608852
0.40086358,0.11323141
0.38287749,0.11670672
0.34503519,0.11834104
0.41245687,0.08937524
0.42393698,0.13965029
0.46932416,0.14796753
0.40069518,0.10610881
0.32876908,0.09912628
0.43876752,0.14344853
0.39273744,0.09707332
0.33356042,0.10067883
0.34668515,0.11175112
0.44595372,0.10900033
0.51478500,0.17362901
0.32777112,0.09438478
0.37945470,0.10962759
0.41461856,0.14765753
0.50314939,0.13331556
0.48687307,0.16416078
0.45343876,0.14041918
0.43596193,0.11266512
0.49330944,0.12528348
0.41265342,0.08842278
0.41074912,0.12368069
0.38732707,0.08189688
0.48917360,0.14068325
0.43712941,0.14421046
0.42830636,0.12604554
0.47619309,0.12455512
0.40284684,0.12800497
0.44916574,0.14764480
0.40093021,0.09621286
0.33808913,0.07606147
0.39843359,0.09938297
0.32870975,0.11673246
0.37144652,0.08357865
0.57733427,0.15971673
0.29696221,0.07752151
0.48798117,0.10698762
0.42642842,0.10614434
0.48839546,0.13022434
0.32229736,0.09365934
0.50493185,0.13778798
0.30147966,0.08263603
0.36450019,0.07699498
0.38501052,0.10191337
0.35404523,0.07526374
0.36285240,0.07519370
0.34345301,0.10670327
0.41382505,0.09573160
0.33882702,0.09382630
0.44642652,0.09016018
0.48839933,0.10590531
0.44215175,0.14742566
0.56505952,0.15713413
0.39723029,0.10448060
0.42994796,0.11959389
0.36753169,0.10415661
0.39167042,0.08452154
0.44514165,0.09786115
0.50592958,0.13750655
0.47484504,0.11845590
0.37922353,0.10695935
0.56983734,0.15688365
0.53410431,0.11380615
0.31200134,0.08635579
0.33867707,0.08243713
0.54284481,0.12492273
0.47171209,0.11535380
0.45216445,0.13042748
0.38974225,0.10988635
0.40465096,0.13491140
0.43336968,0.09791647
0.45040157,0.13201779
0.62365553,0.19030207
0.48402143,0.12574641
0.44160309,0.11767683
0.42005827,0.09825219
0.45131078,0.10361289
0.49974995,0.16520694
0.40186468,0.09624753
0.40485723,0.11803731
0.51044587,0.14612920
0.46678326,0.14118764
0.55315299,0.16136272
0.35357674,0.08261014
0.45663185,0.14827099
0.47097315,0.15310466
0.36130414,0.11909375
0.37935621,0.08120052
0.37870560,0.08268692
0.26486404,0.07704287
0.31528901,0.08951035
0.34049438,0.07941925
0.40336315,0.09909995
0.40850015,0.11367265
0.36291313,0.08629812
0.31792580,0.08069376
0.62885144,0.17631724
0.34263289,0.10309622
0.30839174,0.10176711
0.51495220,0.12849588
0.42754643,0.10374265
0.41081146,0.13618149
0.47587266,0.11135491
0.38255396,0.08869862
0.36514171,0.12094419
0.52430691,0.12722075
0.41047417,0.07697742
0.46051022,0.10634822
0.47821621,0.15291122
0.42292642,0.11560091
0.42537427,0.12286681
0.43378920,0.11779195
0.33046720,0.08925926
0.49385137,0.13557611
0.44883830,0.10418060
0.44428442,0.10328431
0.39812676,0.11147807
0.43798269,0.14013703
0.35710233,0.10179838
0.49828989,0.11980288
0.48256030,0.12306801
0.33276833,0.10436753
0.43399639,0.10667105
0.41614723,0.10251852
0.33350859,0.08448720
0.44804440,0.09645534
0.41856518,0.11248825
0.35612612,0.11611967
0.35150265,0.07458287
0.37766178,0.13056040
0.35754144,0.07895944
0.42688743,0.12280877
0.40995969,0.11670078
0.40898901,0.09772405
0.59129145,0.16211542
0.37403937,0.08448224
0.44664170,0.10132651
0.55162336,0.16533317
0.36481493,0.08194839
0.48416869,0.15837232
0.43042785,0.09044556
0.32798547,0.06553900
0.48388962,0.13557908
0.54397646,0.12691334
0.40990610,0.12514409
0.52627506,0.11067483
0.45718261,0.16412178
0.43944084,0.14422742
0.43070738,0.13655903
0.43919420,0.11498146
0.39576618,0.13781013
0.41069733,0.12941774
0.38842483,0.08623548
0.47579534,0.12938571
0.46639565,0.13424622
0.37595446,0.12505078
0.39840929,0.07034128
0.49991449,0.16748599
0.48956075,0.15130471
0.31958118,0.10055764
0.43705379,0.13649060
0.52867080,0.14227828
0.39799438,0.08698507
0.37365751,0.07381765
0.41048224,0.10341320
0.66708789,0.17189464
0.36514084,0.11221731
0.34479941,0.07130757
0.37906671,0.10022982
0.41836498,0.10721514
0.52013054,0.13917242
0.37215620,0.09909876
0.32769733,0.08192314
0.36933171,0.11501208
0.41315686,0.10217333
0.47145001,0.10045001
0.33271930,0.07859801
0.49738625,0.12171559
0.51737077,0.09918947
0.40546736,0.09867433
0.43978579,0.12604515
0.35584150,0.10320583
0.35647178,0.08886011
0.42189974,0.12824935
0.46852937,0.16246061
0.41979805,0.10757426
0.47340602,0.13535912
0.34326609,0.10086106
0.38165397,0.10052453
0.36593098,0.07938779
0.38416769,0.07682914
0.43388786,0.12052116
0.43692460,0.14035610
0.44471130,0.12801207
0.37094435,0.10144181
0.44910665,0.10878894
0.44406891,0.14222849
0.35492730,0.10184744
0.44415080,0.08412352
0.42172737,0.10266059
0.46005196,0.14430796
0.49491403,0.10406998
0.35066032,0.09495698
0.39946333,0.09234296
0.52179570,0.12855736
0.37973231,0.11371588
0.42841594,0.11278257
0.42076647,0.13894727
0.45071580,0.11398540
0.26577854,0.06547667
0.44245570,0.12988600
0.41836973,0.14476504
0.50071874,0.15451082
0.43657838,0.12256011
0.37551598,0.10879171
0.37160675,0.12845524
0.44779600,0.11188265
0.39311296,0.09244613
0.38540025,0.11039984
0.52236956,0.12316519
0.53190102,0.16137857
0.35175432,0.10073647
0.38889753,0.11628128
0.40531246,0.09573977
0.47384277,0.13308852
0.43795355,0.12173937
0.33802885,0.11152140
0.36123307,0.09551310
0.32059746,0.08682286
0.43304272,0.10450526
0.40180718,0.08414422
0.43285818,0.13799520
0.44114960,0.10813178
0.49228754,0.13593941
0.46241093,0.12097995
0.50708273,0.13007779
0.36750463,0.10914409
0.33121967,0.07436747
0.51262889,0.13964964
0.40693193,0.10168855
0.38147873,0.12352561
0.39744094,0.08708920
0.36624826,0.11781547
0.36064556,0.10407692
0.36609809,0.09732821
0.50448640,0.15457446
0.44227687,0.10918700
0.48383961,0.11754707
0.52903864,0.14738846
0.40518531,0.09380442
0.42690419,0.11821409
0.42500468,0.11063908
0.34561005,0.07822219
0.41350685,0.13680512
0.49008828,0.11229290
0.58531707,0.14561270
0.41673644,0.12866978
0.41412281,0.12426369
0.37459988,0.10171864
0.32513443,0.07574299
0.45094365,0.08994220
0.51201637,0.12486740
0.39716846,0.13296145
0.45158187,0.11644669
0.43615801,0.10528859
0.53530326,0.14808912
0.30063728,0.08760478
0.43698258,0.12321976
0.38241177,0.09653827
0.37534432,0.08762329
0.40847877,0.09812836
0.34582457,0.10479117
0.33775922,0.07322314
0.42685691,0.12288443
0.34888331,0.08142319
0.37071781,0.08682515
0.48241512,0.13883870
0.38133109,0.12384125
0.30044815,0.08965395
0.43598323,0.13981039
0.61987248,0.19324016
0.40659437,0.12570730
0.50081187,0.12879359
0.50871452,0.15616736
0.36097333,0.08713057
0.44793628,0.12162035
0.44986456,0.10474829
0.30847950,0.09455900
0.53361003,0.12189849
0.53395006,0.13943538
0.43090339,0.08523328
0.47583764,0.11047236
0.44389001,0.10734263
0.42388563,0.13352936
0.42549034,0.11057481
0.52100657,0.13397423
0.34498205,0.08071627
0.46196155,0.10821805
0.50144280,0.13351160
0.39415071,0.13310247
0.31073433,0.07496273
0.49899561,0.11920577
0.45018669,0.13330487
0.34891373,0.09055008
0.55239711,0.15390693
0.47710563,0.11277037
0.49543883,0.15876786
0.42382701,0.13485549
0.46049040,0.13693889
0.50841732,0.16595475
0.41659429,0.11512287
0.44196281,0.14091380
0.51381200,0.14324519
0.53295542,0.15677685
0.40800349,0.09844610
0.29958434,0.07545695
0.48198454,0.13917486
0.42227545,0.11418058
0.53382275,0.15133460
0.45427257,0.11523251
0.44915516,0.12074010
0.32788265,0.07308027
0.33474161,0.08453079
0.33881063,0.10267759
0.42622261,0.10440865
0.45705835,0.10643139
0.36992041,0.09899690
0.44353493,0.10555758
0.39087406,0.08734122
0.42507165,0.13264386
0.50949800,0.14423572
0.48716757,0.14885968
0.48653045,0.13787852
0.50031424,0.12647435
0.40165424,0.13280608
0.47522150,0.13329322
0.48384745,0.14196871
0.43324633,0.13303041
0.47842247,0.13040836
0.51391322,0.12130163
0.48794736,0.11860621
0.51005700,0.15534992
0.47137455,0.11687188
0.41716498,0.12122232
0.37379328,0.07765393
0.49791687,0.12629561
0.59607488,0.17822882
0.43518194,0.13831203
0.28996259,0.06749909
0.36837870,0.12388206
0.32214148,0.10721914
0.46455529,0.11720118
0.37349009,0.12444183
0.35002736,0.07811190
0.47136250,0.13853659
0.33170218,0.09145757
0.46218134,0.14016570
0.53851754,0.13121591
0.43602382,0.14662982
0.55173222,0.14235422
0.55536578,0.14109013
0.36649536,0.08947061
0.34807798,0.08658878
0.40792947,0.12649802
0.51674561,0.13590095
0.50529557,0.16012001
0.38296292,0.10421769
0.54436656,0.17781961
0.57707437,0.17321346
0.40101403,0.12676219
0.49623386,0.12617825
0.47161468,0.14982447
0.39684886,0.09817264
0.42126993,0.11143906
0.28401751,0.07143553
0.41750571,0.12251548
0.39681045,0.10307253
0.33569746,0.07180815
0.38541323,0.10312832
0.42337719,0.11937493
0.46344019,0.12600200
0.42122868,0.12932186
0.38965374,0.09823250
0.49904868,0.13485940
0.44442785,0.13380326
0.36608444,0.10444456
0.42029356,0.12678071
0.39669463,0.12374775
0.34012163,0.07773697
0.48652985,0.14173180
0.45984920,0.13372492
0.48726783,0.16210443
0.55827191,0.15465700
0.48670490,0.15616016
0.31857279,0.12264935
0.35967409,0.12390361
0.43438532,0.09970639
0.53515085,0.14026432
0.29265279,0.09440401
0.38685791,0.10684427
0.38187586,0.08639908
0.34235300,0.08725084
0.49690703,0.10303995
0.52364669,0.13953586
0.40247562,0.13280645
0.45339791,0.15258091
0.43632486,0.11583735
0.48544387,0.15348866
0.42069951,0.12861585
0.37391257,0.10848622
0.42479062,0.09650538
0.46993697,0.10234743
0.43025907,0.10738294
0.37396920,0.11163743
0.41520913,0.13619720
0.35577382,0.09785204
0.34918691,0.09897179
0.36690461,0.08921717
0.50015606,0.16598801
0.42367309,0.12579160
0.50948208,0.12273666
0.32286012,0.08290784
0.43401431,0.11204309
0.47942844,0.10221134
0.47643305,0.13389122
0.34177534,0.10660516
0.35965518,0.11243182
0.48313622,0.13187612
0.46389790,0.09414117
0.42740424,0.10696063
0.45202299,0.11449999
0.42515866,0.13376544
0.39791996,0.11331843
0.45683816,0.11508003
0.31979691,0.11869760
0.47060461,0.13513773
0.43108146,0.13344760
0.41420050,0.11583172
0.42377924,0.09737663
0.42838376,0.12580924
0.37824055,0.11230246
0.39462047,0.09599547
0.38061975,0.11263357
0.33338809,0.07717009
0.36742871,0.08726402
0.33147399,0.10748341
0.32560778,0.10592921
0.52847111,0.13166313
0.38489681,0.09615069
0.45832146,0.13573895
0.49988109,0.11530886
0.43611853,0.13209469
0.44820883,0.10609743
0.43125815,0.10705482
0.45879297,0.13780376
0.35554309,0.10466164
0.32346326,0.10082036
0.39513017,0.13709012
0.32523171,0.09225803
0.40313324,0.12259169
0.43328779,0.09726060
0.51394532,0.11200394
0.47156602,0.11697725
0.33913467,0.09944918
0.43884563,0.10337370
0.38012202,0.09094323
0.55698869,0.13921122
0.44895381,0.12346394
0.49521298,0.13129543
0.31383682,0.08994510
0.39827059,0.10131313
0.41925204,0.13738994
0.39758473,0.08826761
0.36494603,0.09862502
0.57135821,0.14633630
0.45789280,0.13726819
0.46672631,0.11561565
0.33365932,0.06966192
0.36794114,0.11656869
0.36651772,0.08543377
0.40006178,0.08592062
0.31873256,0.06598579
0.38626954,0.12122994
0.43104342,0.10154628
0.42196093,0.10796008
0.39365905,0.09271964
0.37148763,0.11286364
0.46393167,0.09604971
0.39976997,0.08860148
0.50950024,0.14057663
0.36747399,0.08369508
0.52734310,0.11776154
0.45668056,0.13106230
0.47090424,0.12384651
0.32751657,0.09797128
0.49014267,0.13581018
0.39474224,0.07801223
0.47831335,0.15657408
0.41737515,0.13350817
0.53938764,0.12571115
0.45105291,0.10419133
0.41059971,0.12169627
0.50178446,0.12139888
0.49219403,0.15899182
0.45150231,0.15148778
0.31163965,0.07052259
0.46137442,0.12925916
0.56581603,0.16905764
0.39646944,0.07525158
0.37645642,0.09294237
0.41723569,0.09050872
0.27818242,0.06877316
0.34508003,0.08342656
0.48090662,0.11634870
0.44491008,0.11827805
0.45772020,0.13972056
0.41726022,0.11484645
0.33388311,0.10036034
0.49014451,0.13459194
0.47151675,0.13463446
0.33374302,0.10468280
0.38412478,0.10788051
0.48677788,0.11487437
0.42072284,0.13093556
0.44540698,0.09740670
0.41144958,0.13366299
0.38598309,0.09997249
0.42650995,0.12306190
0.42657510,0.10616957
0.40476726,0.09137383
0.51264129,0.15311915
0.43265542,0.14158845
0.30511481,0.09468275
0.41473337,0.13425699
0.37104125,0.09441674
0.49338603,0.13024527
0.52257782,0.13040438
0.41179141,0.10484883
0.40709967,0.14354924
0.29954758,0.09124985
0.54099595,0.18020863
0.42314733,0.10822731
0.42217776,0.10934072
0.43577035,0.12364511
0.40654730,0.08782262
0.35285378,0.08031246
0.38667664,0.09495393
0.51190055,0.16414488
0.39288267,0.08497044
0.38769845,0.09109991
0.33032171,0.08280870
0.38748425,0.08325714
0.40098244,0.10060493
0.42639351,0.12123870
0.37651620,0.11486298
0.42009642,0.09718270
0.36612565,0.08658584
0.57939067,0.15387670
0.47462348,0.11064460
0.33873788,0.07518616
0.42560696,0.12917399
0.42749868,0.10753149
0.43955207,0.12216284
0.53992687,0.16003714
0.35543592,0.11005773
0.45210672,0.13590690
0.36526297,0.12424247
0.39988693,0.13778701
0.28644621,0.07412507
0.37952133,0.10812231
0.50615089,0.13722887
0.36519544,0.07632449
0.46318626,0.12334373
0.39954283,0.11295729
0.33466935,0.07467378
0.37714349,0.08873095
0.38943711,0.10186815
0.48554274,0.13491345
0.44253182,0.09619093
0.43995021,0.13234232
0.51840986,0.11902194
0.37807979,0.08787117
0.48836846,0.14697662
0.47961432,0.15336647
0.58285138,0.16148101
0.34954850,0.12448236
0.42620155,0.09251997
0.31266289,0.07500962
0.39882255,0.08920048
0.32447929,0.09067183
0.48132466,0.11699833
0.58858067,0.15252044
0.29887629,0.07730963
0.32197586,0.09955646
0.42613252,0.08833024
0.30775280,0.09517331
0.37199649,0.10685115
0.55036032,0.13977979
0.34290515,0.11245243
0.47796015,0.12709722
0.48301362,0.12712809
0.42207287,0.11521051
0.42195710,0.10602904
0.36487043,0.10143637
0.37952163,0.08921212
0.43358289,0.09571106
0.35053163,0.09266075
0.35142908,0.09690535
0.35892937,0.09053474
0.51707712,0.16800205
0.39947582,0.13078687
0.41843391,0.10390493
0.51331534,0.17026513
0.37092041,0.09237076
0.48752324,0.14849060
0.40869901,0.12320398
0.41052037,0.11266395
0.48398660,0.15667219
0.64606251,0.17323571
0.45107592,0.12437023
0.43951246,0.09353311
0.32846746,0.08752046
0.35794213,0.10414155
0.37415423,0.12460155
0.36875955,0.12108262
0.60147547,0.14504949
0.38804806,0.10756936
0.42515773,0.11415100
0.36373586,0.11876517
0.45684686,0.15129282
0.48603122,0.13223871
0.39006340,0.12116468
0.36617537,0.08409862
0.48278593,0.13296650
0.46891510,0.12211007
0.48974952,0.16331503
0.34931203,0.11595562
0.42989839,0.09666418
0.43545517,0.12438020
0.39490661,0.08974494
0.41232248,0.13700186
0.42065986,0.10618367
0.43444434,0.08600291
0.51251747,0.12028819
0.53707175,0.13218348
0.53775406,0.12472173
0.38870409,0.08785664
0.33968047,0.11323745
0.47146636,0.14189062
0.35632973,0.12900099
0.45281249,0.13036235
0.47461891,0.15375138
0.55227956,0.14381673
0.41466047,0.12140030
0.43577696,0.10374383
0.36105691,0.07712749
0.31166008,0.09949440
0.52741765,0.16279177
0.43080784,0.10733959
0.31074246,0.07712769
0.42145413,0.10455616
0.44429469,0.13008124
0.47516482,0.15559210
0.30277827,0.06914698
0.40394104,0.10552477
0.49323524,0.12678839
0.32468095,0.08425984
0.33381339,0.09430101
0.36911228,0.10332409
0.57644133,0.15449568
0.44784048,0.11480014
0.46194680,0.10129350
0.41271167,0.10667528
0.49150843,0.11884281
0.44802001,0.13548980
0.46363974,0.15541519
0.43430242,0.09836450
0.42622491,0.12715130
0.38072477,0.10882190
0.45818529,0.10599834
0.52937414,0.12123686
0.39228289,0.09233863
0.46432640,0.14249961
0.45552749,0.14888537
0.39541027,0.12328821
0.43974895,0.12311972
0.33745581,0.09688770
0.38692910,0.09139919
0.47792650,0.11523867
0.48410063,0.11203568
0.51283659,0.11769100
0.35859149,0.07212275
0.39938310,0.10006847
0.33898922,0.08692879
0.46305631,0.11731268
0.38748661,0.07972301
0.33844612,0.07945796
0.39083593,0.08364957
0.46217972,0.14252649
0.33231789,0.10589286
0.37311446,0.11007387
0.40711604,0.14372197
0.50344148,0.15190583
0.38594936,0.09902710
0.49731610,0.12417006
0.42789035,0.13282959
0.43095853,0.09989240
0.48386323,0.12508504
0.47790993,0.09637905
0.38936022,0.09486970
0.46225219,0.12814999
0.42674778,0.11229963
0.33021018,0.10991744
0.45534490,0.13280712
0.43931708,0.12478884
0.45950134,0.11484747
0.43156635,0.09986235
0.31849958,0.09032099
0.51532865,0.13300605
0.42390031,0.09576399
0.52375402,0.15922012
0.59617343,0.16977924
0.28416865,0.08172716
0.42170327,0.13387159
0.45122034,0.12846701
0.41451806,0.08944725
0.41187767,0.12774634
0.39087541,0.10341850
0.52193467,0.14821997
0.50221442,0.15852682
0.47336586,0.15024391
0.34330734,0.10902576
0.45184348,0.13015977
0.47917669,0.12590284
0.36720434,0.09006988
0.45938292,0.14444932
0.37925476,0.11194665
0.44672099,0.13832490
0.40626316,0.12902873
0.43613288,0.12744802
0.42333080,0.08725392
0.40064410,0.11992718
0.46693564,0.14725504
0.47260394,0.10473277
0.42311767,0.13636439
0.35485703,0.11293956
0.34628137,0.10417459
0.43904059,0.11887757
0.46503448,0.09743482
0.42124044,0.08676170
0.38394953,0.09473941
0.33805944,0.07904725
0.51585178,0.13663933
0.40862588,0.09684887
0.46782508,0.14613558
0.42202944,0.09678879
0.41419868,0.11834728
0.43448079,0.13355540
0.51858781,0.16191026
0.49441003,0.12176175
0.60775711,0.16590798
0.34678918,0.08416067
0.55216267,0.14788107
0.48978806,0.15207658
0.60186638,0.19093491
0.38029189,0.11208411
0.36204139,0.09398887
0.37381860,0.10757655
0.36829139,0.08467954
0.31283523,0.08498077
0.30874884,0.10568345
0.41823818,0.13320788
0.40547650,0.11816089
0.40806351,0.09560984
0.47944111,0.11593964
0.32352839,0.09283222
0.31689744,0.10549542
0.49121885,0.12915187
0.35055943,0.09432453
0.46050148,0.11623190
0.40603656,0.10040805
0.41230516,0.12448479
0.52688954,0.11257680
0.34588109,0.11048960
0.46652693,0.12458536
0.36239435,0.12014290
0.38059514,0.13501353
0.54477278,0.12200701
0.39155489,0.11353230
0.41633611,0.10570892
0.49065212,0.15228215
0.46381934,0.13151726
0.37788484,0.07918414
0.44182082,0.10082457
0.38681793,0.08125814
0.40226544,0.09771058
0.46700771,0.12494197
0.36810672,0.09357321
0.38558585,0.10287373
0.44684165,0.12793006
0.45888561,0.15824092
0.39741326,0.10697770
0.33851037,0.08859037
0.37599375,0.10501600
0.32224085,0.07855784
0.52667173,0.13029855
0.52715792,0.12812919
0.45258433,0.11024608
0.44864751,0.12876196
0.44669472,0.13930161
0.45554828,0.09912706
0.48972287,0.14199539
0.29551947,0.08207611
0.44081895,0.12465349
0.53246560,0.13188647
0.36564589,0.11609440
0.42548792,0.11250139
0.42369972,0.11015770
0.32588804,0.08003943
0.41732579,0.12216651
0.39183631,0.12128087
0.49492838,0.12032612
0.41016084,0.12486275
0.40280246,0.09832597
0.57808753,0.19641053
0.43067528,0.09783299
0.40362438,0.12767659
0.45147923,0.14467904
0.36477258,0.10826153
0.62670065,0.15389231
0.41309787,0.09785824
0.37258529,0.07555628
0.47811408,0.12479826
0.46619725,0.13629566
0.37959264,0.13971116
0.42573049,0.11434028
0.52810284,0.16139478
0.40693143,0.13108609
0.50817441,0.13552846
0.36539574,0.10503953
0.39946756,0.10578818
0.53926117,0.13988254
0.41468470,0.09562423
0.46166193,0.12254624
0.47254364,0.15302339
0.34690333,0.08625483
0.47690729,0.09128480
0.56137489,0.15330281
0.38535082,0.08796437
0.49061678,0.15187379
0.41033227,0.09012622
0.63032517,0.18071981
0.47388916,0.12116785
0.54848374,0.12807459
0.42358074,0.10162205
0.51548281,0.13464031
0.39350618,0.08690945
0.38380670,0.09631246
0.39649705,0.12523769
0.32684942,0.08958229
0.45747624,0.12977546
0.44925928,0.12493093
0.34470827,0.08354633
0.57671099,0.14886282
0.55655499,0.14146142
0.46666949,0.13975090
0.44911115,0.11274727
0.39295047,0.11394471
0.46951532,0.16622109
0.41225882,0.11143968
0.47491812,0.14755927
0.50233838,0.13959739
0.25594001,0.07479271
0.57531120,0.16342154
0.33609758,0.08056676
0.31323087,0.09696712
0.40335060,0.14098241
0.55923746,0.17288135
0.36230503,0.10276729
0.46164456,0.13434258
0.40144026,0.09531303
0.40297633,0.13119659
0.51716891,0.14635684
0.44955143,0.14377454
0.36385002,0.10980849
0.46864596,0.14169876
0.51213628,0.16370449
0.52957274,0.15589284
0.37913975,0.08103212
0.30761658,0.06676336
0.42308786,0.11968968
0.48922490,0.16610228
0.29575005,0.07532933
0.35164453,0.07550666
0.37758817,0.11147123
0.37859155,0.09876962
0.43975015,0.11994830
0.33226712,0.10282291
0.36408874,0.09414448
0.52989116,0.15179220
0.41089157,0.12434891
0.35737526,0.12102367
0.42999028,0.09089467
0.53789968,0.14572154
0.31965126,0.09779204
0.51438310,0.12377813
0.46197386,0.11245611
0.43062620,0.13502226
0.55154883,0.17501828
0.47885415,0.11838587
0.30529994,0.08262181
0.46459093,0.10571194
0.49671153,0.13630134
0.55645247,0.15076216
0.44839388,0.12285141
0.47026649,0.11834988
0.38940632,0.08290956
0.43194079,0.13747624
0.39603067,0.10775937
0.40104027,0.11574367
0.37877966,0.10862515
0.37846022,0.12263911
0.34635470,0.09057830
0.45262445,0.12750513
0.42829592,0.09920580
0.51882000,0.11754277
0.33803985,0.10903027
0.37265116,0.10289422
0.37742369,0.08282524
0.48141305,0.12447501
0.34556029,0.08390618
0.35237403,0.10108559
0.35803938,0.07892811
0.52689954,0.16280996
0.47655116,0.10900805
0.48089425,0.12898942
0.43124037,0.09155144
0.32522699,0.07760769
0.46697583,0.13878206
0.50244743,0.13617023
0.50132464,0.12201191
0.42354404,0.08625789
0.49489818,0.13806709
0.27942411,0.06509136
0.44262071,0.13374330
0.55203490,0.11551917
0.39690756,0.09529635
0.43583261,0.09791929
0.38387244,0.08424889
0.47001151,0.12515997
0.43847362,0.11869199
0.53568458,0.12044176
0.32482059,0.07346534
0.34775260,0.08958291
0.42771865,0.11016819
0.46520890,0.14218779
0.44043675,0.12218305
0.48648208,0.11121277
0.36173808,0.08279591
0.43288653,0.09679534
0.46885827,0.15018146
0.52436989,0.14741155
0.30387484,0.07780566
0.33326947,0.09752130
0.44930394,0.16426540
0.36402497,0.08006841
0.46416447,0.11070387
0.34932272,0.10491797
0.34716869,0.09305673
0.49177874,0.12535923
0.44280093,0.10608957
0.46908685,0.13701582
0.36664059,0.11450296
0.42382047,0.11905481
0.42691106,0.10639444
0.32952594,0.09635369
0.37484279,0.08551011
0.40209211,0.08570293
0.32930207,0.08509401
0.41814355,0.12398145
0.50229416,0.13258817
0.47638726,0.10535089
0.54062890,0.15018010
0.39339829,0.08373175
0.40266161,0.11912303
0.50018120,0.11774470
0.38623712,0.10690367
0.36323626,0.08729672
0.41796091,0.11981728
0.39649513,0.13029383
0.43049624,0.12051137
0.46385854,0.13159820
0.46152887,0.14858919
0.44653797,0.10242297
0.38774628,0.10864674
0.56750279,0.17872428
0.54137737,0.14705573
0.38750639,0.10132067
0.33315749,0.07758617
0.45208605,0.10778089
0.51154448,0.11544382
0.45560725,0.11783569
0.45468080,0.13232309
0.52068426,0.14970427
0.42730487,0.10128698
0.32878032,0.09810318
0.29447279,0.07911885
0.40207791,0.08828753
0.32674145,0.09031860
0.36645727,0.09776749
0.40908769,0.09838602
0.44384829,0.14299076
0.33174103,0.09910746
0.38081163,0.07607639
0.51538576,0.14975168
0.37453584,0.11750313
0.50291959,0.17785452
0.44133773,0.11971044
0.38784211,0.10664954
0.43252889,0.12413095
0.32152433,0.09888969
0.38651248,0.10449046
0.35669614,0.10090574
0.54262678,0.13293316
0.44147214,0.11000459
0.32307797,0.07906996
0.48252159,0.13678486
0.44948299,0.09897289
0.43279707,0.13628626
0.48244632,0.11964288
0.37342564,0.09569881
0.34805485,0.08165841
0.56486453,0.14718356
0.40919560,0.12505355
0.46925338,0.13179465
0.43928096,0.14196291
0.61928461,0.18845364
0.53313138,0.15373881
0.44932664,0.13822314
0.34086254,0.10606046
0.39109765,0.11101025
0.50734969,0.15968417
0.42273300,0.10235431
0.38624041,0.10608156
0.39408133,0.09963844
0.46748187,0.12931999
0.54133140,0.15451045
0.36274447,0.08379302
0.40236921,0.10287947
0.55513385,0.15682335
0.39655349,0.10958009
0.50087190,0.13649291
0.52504126,0.13538910
0.27930567,0.09797675
0.46982662,0.15660099
0.57823650,0.13976443
0.44493702,0.10587248
0.42632236,0.14162401
0.36481080,0.09813592
0.44433231,0.12512679
0.50201870,0.14299277
0.47373388,0.15469726
0.50258374,0.12328863
0.49657196,0.11941343
0.47850913,0.14222960
0.37126505,0.08656966
0.44297941,0.12720536
0.45442624,0.13720851
0.39417510,0.12849771
0.35203675,0.11839294
0.46844839,0.12593654
0.47233789,0.11668073
0.37280579,0.11543494
0.41719180,0.13488774
0.51563519,0.11659794
0.45570114,0.12500932
0.50301725,0.12220201
0.55612534,0.16098211
0.45539755,0.14352008
0.38055500,0.09241786
0.35921410,0.09660463
0.48618770,0.12744789
0.42856284,0.14184072
0.55678147,0.14423491
0.37933735,0.08753625
0.42799711,0.09368326
0.42380066,0.08983090
0.52116115,0.14489111
0.35757219,0.11090600
0.43903854,0.12280890
0.46245643,0.15802499
0.45229849,0.14048181
0.41675926,0.11737781
0.36663083,0.12090982
0.30858500,0.07536847
0.35587901,0.11140453
0.35047973,0.07787941
0.37826606,0.10168005
0.48497113,0.12759296
0.29997781,0.07315844
0.43586022,0.09684499
0.40862623,0.11719908
0.44653463,0.13983658
0.40859832,0.09999381
0.62912669,0.15995884
0.57375998,0.15293463
0.39200186,0.10185764
0.40520979,0.12708979
0.48080187,0.14685011
0.38572958,0.09647382
0.36513686,0.12064109
0.46021439,0.14425152
0.48235836,0.13023845
0.41384444,0.09209304
0.47841963,0.11308938
0.33602953,0.07062113
0.36628070,0.08382122
0.33404493,0.07717409
0.54898579,0.16139119
0.38049944,0.12309689
0.37135858,0.09611009
0.34473048,0.09889578
0.40100705,0.08616888
0.46870837,0.13725967
0.30872471,0.07989885
0.37579969,0.09104189
0.35190518,0.08411326
0.37851297,0.12935798
0.42569205,0.13545563
0.34302703,0.12000166
0.42301361,0.13006240
0.41940461,0.13278957
0.33860482,0.10165247
0.35862789,0.10495437
0.39073936,0.08917242
0.42668079,0.09800044
0.52931092,0.13519919
0.37921148,0.13705952
0.43114282,0.13155355
0.55846849,0.14370860
0.50257177,0.18240805
0.41065683,0.09640018
0.45588068,0.12042717
0.35975994,0.09403590
0.34356682,0.10426489
0.42085476,0.08932720
0.53201322,0.13331139
0.54890943,0.15245349
0.46758163,0.11347920
0.35581156,0.11844947
0.47572555,0.10598221
0.39345387,0.11796123
0.57790626,0.18172512
0.45334169,0.13349458
0.44712405,0.10791764
0.54864951,0.13708853
0.45763122,0.13198135
0.41553859,0.08233262
0.33194576,0.06339829
0.49743576,0.14209222
0.37494489,0.10134485
0.37640434,0.08014306
0.29269210,0.08367276
0.37205928,0.09300682
0.36742901,0.08288686
0.35472744,0.10143173
0.51127326,0.12414628
0.45333874,0.16131778
0.36844147,0.10335931
0.31103648,0.07379288
0.39317060,0.08540392
0.42294325,0.10087799
0.42904419,0.12216428
0.32842991,0.07769292
0.54273136,0.16392733
0.38780713,0.08726383
0.36455650,0.11908626
0.38327668,0.11276164
0.36656721,0.08596541
0.39028042,0.09791489
0.37266597,0.09572995
0.46188486,0.15081209
0.44289218,0.15101948
0.43491517,0.13316208
0.51890966,0.16819900
0.35077256,0.07223384
0.45760028,0.12190566
0.34285977,0.07602366
0.38078502,0.14040449
0.42240311,0.14374854
0.54142101,0.14455925
0.43163287,0.09912684
0.37153724,0.11636090
0.32839094,0.08652968
0.43759862,0.13120879
0.32865023,0.10443923
0.43484960,0.12527917
0.43115287,0.10559466
0.45838279,0.14085457
0.49155991,0.14611654
0.44691588,0.12905300
0.42305334,0.11188563
0.47339735,0.12247008
0.43865642,0.09636194
0.34254962,0.08866789
0.35008922,0.08773724
0.52890935,0.14739444
0.42321120,0.11563972
0.34204399,0.09046004
0.32600980,0.07813222
0.38847269,0.11579993
0.32995962,0.11021656
0.34150488,0.07168107
0.36084025,0.10852083
0.49961436,0.14252652
0.41205174,0.11840942
0.48079048,0.12868122
0.34579697,0.10417704
0.48204019,0.11128995
0.46952850,0.12880519
0.34811663,0.11559379
0.53852303,0.16738047
0.35024298,0.08576165
0.34074071,0.09512638
0.52123589,0.12849239
0.36732553,0.10878306
0.40149486,0.12075164
0.33590573,0.07528770
0.49790664,0.12611177
0.46556277,0.14532183
0.36194977,0.08762002
0.46549508,0.09251563
0.33679408,0.07983865
0.49927782,0.15464861
0.41530610,0.09358831
0.36508084,0.13831337
0.45431443,0.12257069
0.49143781,0.13505344
0.51827450,0.13003942
0.53223054,0.12416868
0.51364498,0.14187601
0.52938796,0.14080155
0.41794899,0.11165667
0.36547608,0.12785817
0.42601099,0.09516628
0.39164975,0.10254585
0.36319596,0.12520563
0.45743893,0.14657880
0.38530444,0.08350913
0.39104194,0.11345747
0.45726964,0.12154923
0.44900975,0.10026870
0.34915590,0.10987698
0.35750877,0.10518561
0.35351465,0.09508486
0.34039165,0.06437263
0.49136358,0.11400707
0.30774566,0.09284686
0.46847041,0.13179208
0.41369566,0.10939100
0.47468377,0.10344835
0.30939857,0.08963768
0.50897639,0.15320143
0.33315231,0.07680949
0.44731151,0.10917686
0.42224348,0.13920658
0.50995173,0.13027336
0.47165484,0.12798412
0.45194557,0.11902190
0.43493286,0.10530153
0.39381347,0.12272273
0.33643523,0.09768761
0.51077770,0.11415208
0.43608439,0.13706382
0.48586681,0.14973870
0.39085455,0.11940273
0.31148743,0.08414803
0.39016247,0.10432426
0.41226021,0.09435771
0.44181943,0.13236490
0.40670305,0.13750547
0.30559566,0.07920338
0.35264908,0.08947163
0.45985789,0.09834418
0.42330977,0.10704342
0.38230394,0.09433807
0.46765029,0.10057873
0.46940097,0.12658593
0.60356122,0.17787301
0.46410463,0.12495338
0.44752236,0.12351900
0.36151538,0.12451759
0.45217962,0.10432581
0.46140883,0.11634297
0.47375583,0.12687102
0.44261258,0.10167689
0.53392593,0.15838028
0.39339650,0.12211528
0.39529236,0.10421900
0.36442352,0.11182350
0.31473289,0.07454081
0.41239818,0.11285878
0.49294011,0.13132747
0.45504270,0.13193082
0.39596789,0.09623203
0.32586236,0.09519634
0.31311721,0.07456314
0.39902754,0.14100070
0.45240210,0.11817669
0.32364496,0.10152686
0.32472191,0.08934967
0.42211937,0.10851506
0.51823899,0.12357661
0.31824437,0.11730222
0.41078177,0.12594833
0.37346343,0.07132675
0.36448744,0.09550530
0.50615656,0.13114334
0.44698027,0.12653878
0.49442267,0.11535206
0.42508398,0.09710312
0.31430660,0.09819150
0.35700687,0.10135225
0.36581097,0.08783273
0.47668793,0.11020113
0.36348191,0.10369914
0.48524363,0.16064341
0.51306346,0.12458125
0.31777439,0.08637809
0.62979597,0.16337567
0.33209897,0.07527713
0.49440480,0.12655937
0.49131452,0.13908602
0.32038970,0.07671764
0.34600268,0.09075151
0.41253400,0.11381377
0.45970621,0.13790078
0.55600147,0.13176584
0.41251336,0.08754670
0.45454984,0.10658952
0.41743267,0.08788224
0.47228002,0.09476908
0.29311963,0.08857156
0.51731325,0.13977470
0.31273573,0.08140410
0.37089437,0.09046008
0.40634572,0.10969068
0.49691921,0.12868384
0.35383745,0.07732407
0.42911976,0.10699167
0.43843440,0.10573320
0.39484805,0.09076814
0.35971573,0.09611143
0.51546261,0.15664670
0.39534964,0.10321439
0.36969693,0.10573799
0.37243467,0.09981223
0.47156677,0.14802455
0.31262936,0.08397697
0.41202647,0.12410465
0.54067420,0.13521926
0.44895427,0.12838783
0.36856692,0.11071911
0.44398874,0.12710126
0.42662877,0.13111416
0.42534546,0.10376919
0.44049830,0.10773398
0.38367454,0.09887296
0.39695789,0.10764092
0.32519467,0.11853685
0.45107853,0.13919451
0.47740309,0.12030418
0.36962687,0.08005921
0.45341920,0.12792965
0.35928004,0.10435270
0.44808359,0.09213276
0.45947771,0.11128520
0.40804257,0.12733620
0.34303385,0.08992266
0.42940233,0.14903033
0.54114211,0.14380668
0.47844588,0.13163182
0.39389923,0.12162067
0.43026682,0.10445828
0.44761383,0.14483366
0.36440704,0.10001689
0.46914367,0.14375022
0.43689677,0.09851681
0.49407757,0.14125909
0.49152040,0.16681463
0.48774065,0.11784063
0.55352187,0.15229505
0.37144356,0.08587611
0.37983111,0.11284107
0.56532982,0.14385759
0.54172633,0.15712642
0.50907670,0.15692755
0.48314961,0.13523839
0.34395406,0.08804345
0.38915759,0.09595088
0.48302593,0.13813801
0.33715611,0.09290941
0.32262145,0.06776483
0.32661577,0.09388486
0.45817251,0.14426657
0.51271629,0.12693328
0.43650012,0.12793766
0.42167589,0.09964069
0.44895477,0.12473553
0.39068441,0.10563737
0.40561425,0.14640695
0.33210555,0.09413790
0.41811994,0.11050515
0.43273222,0.11825084
0.40081879,0.10065502
0.42691083,0.11805569
0.46989820,0.14650377
0.46306535,0.11851601
0.35957365,0.09407337
0.45556507,0.10427560
0.36558759,0.10720038
0.40856899,0.11663211
0.48674784,0.13067573
0.58551213,0.13426041
0.46575157,0.15289237
0.42336110,0.10932386
0.45003953,0.14313295
0.33883721,0.07876280
0.42604918,0.11523564
0.34462447,0.10154066
0.39992237,0.09851735
0.38662494,0.08467068
0.50034561,0.14638399
0.46780850,0.13601069
0.37075335,0.12406141
0.43721086,0.11366139
0.40966123,0.10730120
0.46313153,0.14260658
0.44569548,0.13068212
0.52622701,0.13113974
0.42283214,0.11918682
0.52724976,0.12576278
0.45613722,0.11313357
0.50862195,0.14423568
0.45556312,0.11792254
0.43030156,0.12648694
0.45608850,0.13089626
0.54350369,0.14534926
0.33551757,0.11964438
0.35669824,0.12684061
0.44473912,0.12195492
0.40928482,0.12519131
0.44286518,0.10745672
0.32861706,0.09007216
0.45326384,0.11276795
0.40253738,0.09711665
0.33069342,0.06637161
0.43798963,0.11356849
0.32404585,0.08728606
0.31822110,0.09526020
0.47747143,0.13027679
0.39249638,0.10797988
0.38040686,0.10710853
0.40273928,0.09954489
0.38345561,0.08141485
0.52716897,0.15488183
0.39623946,0.09878103
0.42604362,0.11595268
0.48631834,0.14131197
0.56084969,0.16271395
0.48858380,0.13082695
0.35496974,0.08261293
0.42823427,0.11701139
0.31896232,0.07986976
0.29791316,0.06601541
0.36616627,0.10638249
0.48894384,0.14145697
0.40649998,0.13682488
0.44936641,0.14644612
0.53398460,0.15212401
0.54345518,0.16157069
0.50202171,0.14339015
0.39740003,0.08454662
0.37469006,0.11602184
0.36471682,0.10395716
0.32103526,0.09801633
0.48154317,0.15801274
0.50279731,0.12648683
0.53552493,0.16204202
0.47619961,0.13106271
0.43677968,0.09964411
0.39680694,0.09630904
0.47046910,0.13575692
0.33884481,0.08187089
0.29387243,0.09628272
0.38284458,0.12408286
0.47608697,0.15448015
0.41462729,0.09246789
0.47352742,0.12791241
0.33579667,0.09828474
0.43795283,0.09751217
0.41932112,0.10482474
0.38873200,0.14238034
0.54299769,0.11327714
0.37570855,0.08653473
0.32855370,0.07032338
0.42898120,0.12082298
0.53223573,0.16102970
0.41253646,0.13065712
0.44804423,0.14725325
0.53508648,0.13689153
0.38356859,0.09580361
0.46300217,0.11098855
0.48203298,0.16238139
0.52074215,0.12502946
0.46005457,0.15158216
0.51315105,0.14545665
0.37779250,0.11710385
0.48560186,0.15133783
0.32613833,0.08792445
0.43816462,0.14628844
0.48574452,0.11937503
0.40820173,0.12322947
0.43534807,0.13962580
0.49410994,0.11333433
0.38157249,0.08424946
0.55443221,0.15383569
0.49274344,0.15546296
0.48900343,0.15414765
0.35926478,0.08813103
0.41939930,0.09482510
0.35596714,0.09528251
0.47546246,0.11034794
0.31225763,0.06072050
0.37493919,0.08623511
0.39120716,0.09756011
0.50215893,0.15001129
0.46179941,0.11503720
0.51635770,0.16569767
0.56381542,0.14969207
0.43130467,0.11065968
0.53234590,0.14513831
0.54754909,0.15489455
0.38927619,0.09737209
0.40198408,0.12941499
0.43629001,0.10812163
0.43932446,0.09590280
0.47526248,0.12920776
0.39282728,0.11203070
0.32554392,0.09887542
0.40963982,0.11347733
0.37362471,0.13148279
0.51316885,0.16027309
0.33155481,0.11336286
0.45154615,0.11810041
0.41769428,0.08712521
0.45445492,0.15428233
0.34786747,0.09118881
0.42613532,0.14049040
0.48923423,0.15354824
0.53839718,0.15850065
0.54633465,0.15480193
0.39831330,0.08415251
0.30935664,0.07611431
0.32374584,0.08520149
0.45429922,0.12157879
0.44271335,0.12510276
0.40131851,0.11844722
0.29907270,0.06591506
0.47414883,0.12535817
0.32244111,0.08806006
0.57894246,0.16127960
0.40239685,0.11894784
0.30188600,0.08447044
0.33802859,0.07553895
0.44647029,0.11314991
0.46319051,0.10730124
0.40008059,0.13407553
0.45685848,0.10392475
0.40907326,0.12881383
0.53295544,0.15927101
0.43096627,0.12818185
0.51636936,0.15810121
0.49369823,0.11160143
0.43437074,0.11987729
0.41101605,0.12633502
0.39767904,0.12388512
0.42012224,0.12505991
0.46861378,0.11726607
0.48496301,0.13067469
0.31541929,0.10912904
0.34627067,0.09447388
0.41049835,0.11706537
0.33082084,0.08868526
0.39808537,0.11129118
0.41356112,0.11947009
0.33000172,0.07118785
0.41277686,0.11918441
0.51970959,0.12088895
0.45707954,0.11355819
0.36960578,0.11078527
0.33868880,0.09218090
0.37101443,0.08132169
0.35761401,0.07774295
0.41812339,0.14568382
0.40274464,0.10645393
0.29923395,0.09058556
0.46242419,0.13404412
0.51129465,0.13417189
0.48860542,0.15585230
0.46024832,0.10624054
0.43902371,0.09177208
0.46370416,0.15991347
0.57303753,0.17167954
0.38802924,0.10202005
0.48902979,0.12169133
0.46028078,0.15067890
0.38502078,0.11149580
0.48041289,0.13540410
0.41767193,0.13570500
0.36346710,0.07991922
0.54013231,0.16901266
0.50409206,0.12182272
0.30453613,0.07562253
0.49871785,0.12780356
0.46555070,0.11496225
0.38893373,0.11924481
0.49429539,0.13969483
0.46993934,0.13313368
0.42782078,0.10643210
0.47159009,0.13612402
0.45657381,0.13645113
0.39050550,0.14916747
0.51182207,0.13097015
0.45115613,0.12901729
0.51062368,0.12748165
0.48018061,0.10805270
0.37772498,0.12474156
0.36039118,0.08277215
0.44163729,0.12297107
0.52676012,0.16712467
0.48418690,0.14860715
0.59775726,0.16492879
0.53355853,0.14396574
0.36147643,0.10787668
0.41848999,0.12456690
0.37870630,0.09526372
0.48393689,0.11044112
0.39943292,0.13285008
0.44639088,0.09523772
0.51303455,0.10444017
0.48940327,0.10558759
0.43041782,0.13023243
0.25443256,0.06855100
0.48093523,0.13621655
0.53555473,0.17404446
0.45775515,0.09755352
0.41692480,0.10789608
0.51964733,0.13316196
0.42183556,0.13938309
0.55887609,0.14728612
0.49109144,0.13683545
0.42033301,0.14893487
0.42927418,0.13402117
0.48851703,0.13331434
0.44414156,0.13393995
0.40023740,0.10733458
0.34555484,0.10046512
0.40616394,0.11823869
0.29353315,0.06729199
0.46307877,0.13458707
0.41026591,0.13183246
0.43849733,0.16285067
0.37019560,0.07969817
0.39884066,0.08945482
0.50402739,0.13017963
0.47644854,0.14443668
0.43699362,0.16521870
0.43432070,0.12769119
0.36154775,0.09313289
0.51416831,0.15633765
0.41551098,0.13819444
0.34400543,0.12188769
0.37721344,0.09527766
0.30692971,0.08189476
0.53380599,0.15566879
0.33554342,0.10515747
0.33938333,0.08103006
0.51503482,0.14237751
0.51165357,0.16017088
0.41408921,0.09522262
0.42483194,0.10424207
0.40153889,0.15255401
0.40659881,0.10536997
0.38552318,0.09717723
0.37160751,0.10782388
0.51864212,0.14471886
0.51117938,0.16987345
0.44792307,0.10712008
0.34924462,0.11290242
0.48942686,0.12040611
0.52860613,0.15945847
0.34200716,0.06868872
0.38288338,0.08025107
0.40471262,0.11023147
0.58741205,0.16314211
0.38852123,0.09369604
0.36701574,0.07539880
0.46971260,0.11714543
0.36193313,0.09551357
0.42156588,0.12328757
0.37778322,0.12223246
0.35766692,0.09969797
0.54677529,0.12885639
0.41953040,0.12224877
0.26837397,0.07638304
0.34853555,0.10051345
0.40069767,0.08850664
0.36231434,0.08353815
0.41567516,0.09292068
0.34558921,0.08665655
0.48853572,0.12620502
0.46135545,0.11057763
0.35531752,0.12410946
0.57542185,0.15431719
0.44789717,0.14924329
0.48768092,0.12852750
0.42369604,0.09402901
0.39312685,0.09397156
0.44075377,0.14587244
0.43659116,0.09094393
0.38879506,0.08571495
0.45396772,0.10547019
0.34720208,0.10148908
0.33960707,0.07713441
0.34166094,0.07998010
0.42434085,0.14134564
0.30967341,0.07701442
0.45643172,0.10441808
0.37951895,0.10985166
0.31774252,0.07319243
0.44692250,0.10108804
0.46948248,0.13150176
0.43088784,0.08161975
0.40970044,0.13738218
0.40240270,0.11662933
0.36964356,0.10107363
0.38852563,0.09263253
0.47429323,0.11466922
0.31624953,0.09529001
0.41317743,0.12855099
0.40291800,0.12318711
0.41629333,0.10086214
0.41662952,0.10593966
0.50140766,0.14846088
0.50857347,0.12077069
0.41458824,0.09902352
0.36080461,0.11726871
0.45254959,0.12827267
0.46274586,0.12006880
0.39058692,0.13089435
0.41845061,0.08694408
0.49282742,0.11886098
0.42486753,0.09373940
0.41796590,0.08821185
0.34497555,0.08801991
0.43591059,0.14407213
0.60827834,0.17075404
0.38284604,0.10465637
0.36600075,0.12087919
0.35933909,0.09185726
0.37825731,0.11749884
0.53158110,0.13625147
0.53702463,0.15580334
0.44266962,0.11421025
0.30842383,0.07540001
0.35943781,0.08808439
0.33907433,0.08140467
0.41518997,0.08770758
0.47906221,0.15141091
0.53009749,0.14677235
0.51635276,0.12062556
0.52210124,0.14210554
0.55277417,0.13012781
0.40293300,0.09171732
0.37986387,0.11816864
0.42922797,0.13167619
0.53785623,0.14789329
0.38879760,0.09826942
0.36451992,0.11713773
0.34548259,0.09147139
0.42008713,0.13177053
0.51774429,0.14069090
0.52453514,0.14173969
0.38679988,0.13078558
0.38328681,0.08052652
0.33236359,0.07228084
0.46355156,0.13270321
0.32593716,0.07465889
0.48486558,0.14401006
0.38040310,0.08773456
0.36449999,0.12244383
0.37003581,0.09179013
0.39866808,0.12105118
0.36629861,0.11366009
0.36967755,0.08076923
0.56518173,0.14885265
0.43383867,0.08518794
0.38889767,0.11997930
0.45546475,0.12898129
0.38508449,0.09952303
0.45706551,0.11092153
0.42282259,0.12875468
0.46811236,0.13314284
0.39821663,0.09654376
0.46069317,0.15610967
0.39766829,0.09191202
0.29465900,0.08737784
0.50035661,0.13208313
0.58823952,0.14077761
0.37541768,0.10557177
0.36029955,0.11006957
0.49500029,0.13782843
0.53334361,0.15671501
0.44278582,0.12246797
0.34638443,0.09646406
0.39288106,0.08655284
0.38865043,0.11216479
0.43396975,0.09245295
0.38132638,0.10189028
0.41078930,0.09394068
0.42598295,0.11549958
0.38906894,0.08283962
0.39832967,0.10015722
0.45177193,0.11179238
0.38425947,0.09698018
0.43230891,0.10094192
0.36636720,0.08340584
0.46494963,0.14313339
0.42058890,0.11908744
0.54086348,0.14555924
0.32505647,0.08194682
0.38496287,0.08446272
0.44882495,0.09770350
0.38413454,0.09939532
0.37858014,0.09426964
0.44792181,0.13717057
0.37553128,0.09317584
0.40093981,0.12460234
0.33737229,0.09999813
0.50929140,0.14400701
0.38181576,0.12659570
0.40105022,0.10358637
0.39203387,0.08151143
0.52230816,0.13758162
0.45668610,0.13949116
0.59613659,0.13793142
0.49033788,0.11152887
0.53561660,0.15128910
0.38971035,0.09886865
0.41716843,0.09522245
0.44772388,0.11627534
0.31431495,0.08667141
0.29902554,0.08315021
0.52641994,0.14289318
0.46733770,0.13832929
0.34580372,0.08716929
0.42547311,0.11229543
0.40725466,0.09138225
0.30492408,0.10093277
0.35669694,0.11443556
0.35038703,0.09103114
0.38954897,0.09815797
0.40634069,0.11691598
0.40086476,0.09299847
0.50892893,0.10752212
0.36640503,0.08337398
0.42027752,0.08963171
0.42855744,0.14410066
0.42748916,0.12875373
0.44883888,0.12477960
0.41842900,0.14503084
0.35012978,0.08106520
0.48332003,0.11630089
0.36238305,0.08406723
0.38773488,0.11967360
0.31871278,0.07846293
0.35323686,0.11389667
0.33214821,0.10755663
0.40380631,0.11207084
0.36251598,0.10100033
0.39548729,0.12009939
0.36870781,0.12364010
0.40510334,0.09700613
0.36797500,0.09255164
0.41923043,0.10503862
0.29273305,0.06819188
0.42298992,0.10906111
0.35827820,0.08687686
0.35140510,0.08673683
0.41041808,0.10292594
0.43099422,0.10945673
0.42152247,0.09390309
0.54064338,0.14704213
0.34599623,0.10355905
0.36626812,0.09850656
0.41261525,0.13691050
0.35153148,0.08439423
0.44859925,0.14080283
0.39969265,0.14323248
0.42150196,0.10705503
0.48796361,0.13991146
0.46007252,0.11300848
0.48947411,0.13429706
0.42707975,0.14297220
0.37222791,0.10797524
0.45570082,0.10203116
0.43025982,0.10387736
0.47274516,0.10605093
0.24936404,0.06069991
0.40892677,0.12748823
0.32930243,0.10136363
0.32345727,0.10194283
0.53213473,0.17398046
0.40128589,0.09951162
0.44743370,0.13201160
0.50182189,0.13998270
0.44527241,0.13852586
0.43326609,0.13087494
0.33184729,0.10328918
0.47799578,0.10788157
0.51060528,0.15434181
0.44795439,0.12642947
0.42509307,0.12735427
0.43485714,0.13056115
0.50299677,0.14288830
0.40447904,0.10285074
0.41843600,0.08445923
0.46997102,0.13407439
0.40162288,0.11639774
0.37535466,0.11030862
0.45670154,0.10232352
0.41350085,0.12808079
0.41627088,0.13643639
0.40655125,0.10134564
0.38584132,0.09071565
0.44332430,0.12165224
0.44546642,0.11129217
0.37870463,0.12284705
0.44287492,0.15100302
0.50537440,0.15428523
0.47796135,0.13975445
0.42597482,0.10896131
0.43398197,0.12140496
0.56374314,0.15404859
0.32944157,0.08042493
0.44143313,0.08312725
0.43562084,0.11969235
0.49290053,0.14019931
0.40262043,0.13538637
0.48898360,0.11930168
0.39597535,0.09578623
0.49757407,0.15286564
0.37991946,0.10201337
0.36404316,0.10523311
0.31204392,0.07835747
0.49453766,0.10903555
0.36448073,0.11363046
0.38697514,0.10658310
0.43198054,0.13899785
0.42375924,0.09088479
0.44179330,0.14710865
0.34342173,0.12055593
0.36918793,0.11800453
0.50472630,0.15217292
0.54865402,0.15196546
0.34481101,0.10990810
0.42853778,0.13823445
0.43650786,0.08711164
0.41705680,0.13026567
0.43342317,0.10317826
0.44488742,0.09697680
0.37486753,0.09310166
0.42001951,0.13315106
0.46298262,0.12041296
0.39601161,0.12623534
0.31674597,0.07047810
0.51024397,0.15741660
0.46242335,0.10359045
0.42151948,0.10392951
0.46457765,0.13877042
0.39581383,0.08152325
0.43583093,0.09701539
0.33117275,0.08266975
0.40692618,0.11389953
0.47058190,0.12921895
0.43008031,0.13550674
0.55418719,0.14568363
0.54034126,0.15767085
0.41804194,0.12138180
0.48961629,0.13050169
0.43259584,0.14340258
0.47709092,0.13022663
0.49495925,0.12764201
0.37577247,0.09189292
0.33293553,0.09486844
0.33292604,0.07814264
0.42154980,0.12385536
0.42984511,0.08914754
0.36880282,0.07371412
0.37550624,0.10437621
0.43245989,0.14075556
0.47493382,0.11778013
0.33271940,0.07654523
0.43318244,0.08600025
0.39520242,0.08497458
0.31337059,0.08487475
0.47101260,0.13441101
0.45066476,0.11636086
0.44576976,0.12026945
0.43532427,0.15458075
0.49658283,0.11729036
0.36708996,0.08604515
0.37075791,0.09918157
0.52354048,0.10582725
0.35047633,0.07357056
0.44771033,0.14318134
0.39855837,0.09240082
0.41607150,0.12794173
0.37664564,0.09449746
0.40685868,0.11237505
0.37948877,0.09052722
0.35136210,0.09143597
0.37134272,0.12080100
0.35134609,0.09003665
0.45417594,0.08907138
0.51258903,0.10063231
0.33690125,0.08792002
0.43216516,0.10316713
0.47177032,0.11474057
0.28170950,0.07786791
0.40455038,0.09485351
0.36733430,0.12290880
0.33222300,0.10873853
0.53340607,0.14308302
0.41031367,0.10770993
0.38027563,0.08486517
0.47208868,0.11249074
0.41050048,0.11489929
0.40631584,0.12433826
0.59738882,0.17437938
0.39640051,0.10105805
0.29155437,0.07460289
0.39076440,0.09545428
0.48823281,0.12001378
0.31700369,0.05836171
0.43905853,0.15366447
0.40879452,0.10497751
0.44148202,0.13368574
0.44697182,0.13669383
0.44422669,0.16123643
0.37401183,0.11066342
0.49924354,0.16308107
0.44236535,0.12709945
0.47865944,0.11323514
0.41806934,0.13736251
0.40448006,0.09123513
0.53090429,0.16723775
0.40063256,0.11783450
0.44939608,0.09347472
0.46254757,0.10458294
0.51974369,0.14455071
0.31706406,0.08308661
0.47598868,0.14202810
0.40066252,0.10970077
0.56006525,0.15970443
0.52772343,0.18074417
0.37648204,0.12990547
0.49750731,0.13073114
0.46887506,0.09767633
0.33494880,0.10415956
0.35496618,0.09296739
0.43783678,0.12327179
0.40909426,0.10119571
0.42823671,0.09767067
0.51166545,0.14218670
0.32216372,0.07617637
0.53272507,0.11176113
0.36089263,0.11071449
0.41994147,0.13866607
0.57215025,0.14994569
0.55462472,0.18030306
0.44878720,0.10619857
0.49278882,0.12183901
0.51778937,0.11672378
0.39015739,0.13826253
0.39328114,0.13593061
0.47594321,0.11792952
0.35691888,0.09321287
0.37441965,0.11291358
0.50454666,0.14005313
0.34083083,0.07783596
0.34095472,0.09809098
0.37929253,0.13422278
0.28113020,0.07627996
0.40701311,0.10022131
0.39984278,0.12519447
0.45718750,0.11484882
0.47646490,0.10930865
0.36715495,0.10441583
0.53176150,0.12719982
0.49754208,0.15407839
0.44841454,0.11379258
0.47544565,0.12777829
0.51808710,0.14091606
0.31981245,0.09032045
0.45852801,0.13002472
0.34239730,0.10978144
0.49613929,0.12212383
0.55185112,0.14763103
0.32919028,0.07119614
0.45088051,0.09641362
0.49518354,0.10868455
0.37390648,0.12470522
0.42531097,0.14109319
0.47318506,0.11919535
0.42206308,0.13502916
0.43157546,0.12297357
0.44373873,0.13587063
0.44487399,0.14382327
0.51187022,0.14382922
0.50249235,0.11844930
0.43266430,0.12819045
0.58859467,0.15217470
0.58392840,0.16506901
0.46630566,0.13472819
0.47494147,0.12888968
0.42513863,0.13572609
0.46698142,0.12736286
0.46733435,0.14235309
0.35250852,0.09357250
0.39428709,0.12583828
0.34314192,0.07988900
0.38156631,0.12192033
0.34186645,0.09538573
0.35715186,0.08405599
0.35108069,0.09430792
0.36741048,0.09937542
0.41714548,0.15173227
0.42291473,0.13263293
0.54583510,0.16665501
0.32632853,0.08426783
0.42334394,0.12979563
0.31304748,0.10923417
0.41651411,0.12078172
0.50076721,0.12574250
0.46131757,0.14104104
0.42935227,0.12859380
0.48828213,0.13776368
0.41489783,0.07839135
0.51185309,0.14454201
0.41374573,0.10641254
0.33287512,0.06944158
0.43963732,0.14476779
0.52683308,0.13770017
0.36778102,0.09851278
0.40404504,0.09406476
0.40003573,0.13878630
0.39148594,0.08757576
0.37647341,0.09182749
0.34837573,0.07858222
0.42223686,0.13314497
0.39683320,0.08254463
0.33766327,0.07403679
0.54251301,0.17318063
0.42203827,0.10027298
0.52249392,0.12458108
0.41162641,0.11841610
0.46408246,0.12908139
0.51013482,0.15762407
0.40954713,0.11145254
0.29563921,0.07818183
0.41831319,0.10584281
0.43113865,0.12310644
0.43586852,0.09695977
0.34847712,0.09437863
0.37701362,0.08640691
0.33993480,0.09693349
0.37273962,0.12933227
0.31897722,0.10472375
0.53261633,0.14265841
0.50735580,0.11516414
0.34797728,0.09868938
0.41447706,0.10630098
0.30542451,0.07603718
0.46918807,0.16224004
0.39349207,0.08670546
0.50416541,0.15474621
0.46596239,0.15434250
0.37610399,0.11723951
0.34120490,0.09181301
0.37891676,0.07930928
0.47183392,0.13896159
0.43039125,0.11513118
0.45128300,0.11961015
0.38784037,0.10017407
0.44838118,0.14583593
0.30557005,0.09323499
0.70332013,0.19881533
0.30303670,0.08312445
0.44270374,0.12928748
0.35477594,0.08155266
0.53760723,0.15935970
0.47277725,0.14910174
0.47412113,0.10132874
0.57261110,0.17363884
0.33367881,0.08354377
0.54299688,0.16688295
0.53129556,0.12424993
0.29292759,0.06730115
0.42041246,0.13627943
0.34012311,0.08363425
0.39162991,0.13927045
0.41033877,0.10705384
0.41265360,0.10080989
0.41853892,0.11344560
0.34291181,0.07518851
0.42561171,0.08622998
0.44566848,0.09989072
0.36281871,0.09040065
0.47552929,0.15117033
0.44239205,0.12804343
0.40019875,0.12571415
0.42800287,0.12102231
0.39300679,0.12617314
0.46873616,0.12603695
0.36577884,0.12113117
0.35023547,0.08710606
0.42519498,0.10120113
0.39974167,0.12093704
0.55177484,0.13250902
0.48188655,0.12631647
0.41454924,0.10436142
0.38085570,0.12360677
0.76518830,0.18379720
0.46518790,0.10225418
0.58554330,0.16311377
0.52106087,0.12491578
0.46690427,0.12649909
0.43003857,0.10233339
0.46761872,0.10879398
0.43680422,0.09956387
0.40341061,0.12571277
0.44891962,0.08381591
0.36058564,0.09677551
0.38191358,0.11137631
0.38771656,0.08534978
0.54677526,0.16318272
0.58790748,0.17214529
0.34082276,0.09764726
0.37758266,0.08715127
0.52755383,0.13874914
0.30365982,0.07692088
0.40844053,0.13501850
0.44149635,0.10297082
0.41912572,0.12405986
0.44947490,0.11136552
0.47429759,0.15739048
0.39266185,0.11254704
0.44769627,0.10550265
0.43798984,0.09745840
0.36918306,0.12461794
0.44692019,0.12246522
0.59902980,0.15048771
0.32254154,0.09215854
0.37253911,0.08848826
0.32846461,0.07842808
0.51961262,0.11840485
0.48062159,0.14540085
0.41988877,0.13368876
0.47005187,0.14001679
0.36955635,0.08148559
0.39117593,0.13580780
0.49941450,0.14337155
0.46553910,0.15237498
0.34383599,0.10568544
0.39993598,0.07702426
0.49198586,0.15388171
0.46810760,0.11983118
0.48987989,0.13566952
0.46297701,0.11456205
0.52023726,0.13122709
0.42331178,0.09958316
0.44020151,0.09966582
0.35542130,0.09613048
0.49456676,0.13693080
0.42192705,0.11723225
0.44905749,0.14798933
0.57434891,0.14404180
0.39815002,0.10798339
0.42631031,0.10631950
0.35125373,0.08591266
0.36764627,0.11637566
0.49493067,0.14513587
0.40636894,0.09305853
0.60719160,0.15524742
0.41261125,0.09190018
0.59246133,0.15890873
0.47753922,0.16072943
0.34011918,0.08271982
0.47116002,0.11514251
0.59824046,0.15564059
0.43770994,0.12112978
0.38184106,0.08637130
0.41076519,0.09416981
0.39766786,0.12236642
0.55846359,0.14819662
0.42626510,0.12922399
0.29929487,0.07455477
0.41205299,0.15278745
0.42257791,0.12287075
0.36163133,0.10423637
0.49218403,0.15835018
0.45977851,0.10109719
0.35724642,0.10045454
0.34294963,0.10033063
0.45078028,0.12301821
0.55680747,0.15881555
0.38712590,0.08974490
0.44726824,0.12612200
0.29865030,0.08508655
0.46869616,0.16624706
0.40664709,0.13083607
0.48310836,0.12799835
0.42390513,0.12267145
0.30935125,0.09475382
0.31812367,0.09978587
0.49286892,0.12668949
0.36602376,0.09789124
0.43139124,0.09671216
0.35097733,0.09906075
0.33875514,0.09892487
0.40000725,0.09676439
0.40566573,0.10603621
0.39186241,0.08983619
0.48649336,0.10756399
0.39838453,0.12644448
0.45139063,0.13460765
0.44042162,0.08872163
0.53030543,0.14841218
0.46571156,0.12714224
0.42602831,0.13076085
0.43330962,0.10468610
0.36715040,0.08507855
0.31901997,0.07924142
0.48534693,0.10735263
0.38183506,0.09208526
0.39465353,0.10180338
0.39251725,0.13487126
0.47649766,0.09709733
0.40396630,0.12649829
0.37707553,0.08146374
0.42787455,0.08872045
0.37184149,0.12211645
0.50260141,0.13415487
0.34160289,0.09441233
0.38517649,0.11120141
0.53309037,0.16020371
0.46246794,0.09945613
0.36821775,0.06884963
0.33683135,0.08966736
0.43077951,0.14684686
0.46217243,0.10243939
0.43654547,0.13195626
0.39508156,0.09967059
0.43098668,0.12541161
0.39504868,0.11658497
0.47814969,0.11025823
0.41262361,0.08091712
0.36991932,0.08755627
0.43134377,0.10942511
0.34719138,0.10196715
0.41741371,0.11955004
0.29424091,0.07889738
0.33343262,0.10131208
0.37248887,0.07484727
0.43107127,0.12859930
0.40827144,0.08418468
0.51292464,0.12008335
0.58999451,0.15690993
0.32346649,0.07754162
0.40654731,0.13505641
0.45572731,0.11827826
0.36586911,0.09820020
0.48684177,0.12100385
0.39182142,0.13379088
0.38955541,0.11142735
0.43940166,0.13045266
0.49843436,0.11763747
0.39421898,0.08004106
0.31118001,0.07881614
0.53504593,0.15550944
0.45835540,0.10087524
0.49728782,0.16777297
0.34669051,0.10791884
0.50236921,0.12853768
0.48440800,0.13773594
0.46609076,0.14118256
0.45474301,0.12069051
0.40744949,0.09664632
0.47335320,0.14952110
0.48977831,0.12702427
0.36561803,0.12149966
0.42393579,0.11636300
0.35837591,0.10286487
0.47605500,0.11411101
0.43049844,0.12104260
0.33839734,0.08415526
0.49214956,0.15199104
0.36411223,0.09996064
0.36437270,0.07453382
0.49124315,0.13499328
0.46137076,0.11694104
0.40195655,0.11137803
0.42461767,0.13545620
0.40315339,0.08863183
0.34511094,0.08482521
0.36163071,0.12198034
0.45980038,0.10793760
0.49401905,0.12903367
0.35911490,0.07344823
0.31896552,0.10145113
0.40956133,0.09263739
0.57472970,0.14188652
0.41524335,0.12370958
0.35764420,0.09155161
0.42280155,0.11954968
0.37252385,0.10812088
0.46677300,0.12726508
0.41412724,0.09460134
0.36020293,0.10332970
0.47838954,0.12811864
0.45251104,0.13079893
0.49708303,0.15284548
0.45977024,0.14048297
0.34306002,0.07172058
0.38185611,0.13288847
0.39552729,0.09926621
0.46850539,0.11236130
0.62319771,0.17684772
0.43437871,0.13846443
0.33529228,0.09048735
0.47266265,0.13972564
0.41241716,0.09239012
0.34799143,0.09684385
0.36182485,0.12299635
0.52754894,0.15735274
0.39781868,0.09891524
0.40300187,0.08892235
0.33581368,0.09736413
0.40914105,0.12591376
0.39590564,0.15132110
0.53615425,0.16528887
0.48702265,0.15576662
0.37301963,0.07964819
0.36679965,0.13182576
0.29916170,0.06078558
0.36722576,0.11250893
0.43455472,0.12629908
0.36299841,0.08265076
0.32626581,0.07647825
0.46827540,0.12296450
0.43617165,0.11529295
0.45662231,0.13867283
0.43415672,0.13104230
0.30870706,0.09225539
0.36387451,0.09727532
0.53180269,0.12840644
0.43998479,0.14594934
0.53725097,0.13191528
0.46905669,0.14514244
0.53407404,0.12806364
0.45683741,0.11215225
0.27554459,0.08007481
0.43230975,0.12186149
0.46652371,0.15304324
0.59367584,0.17673634
0.51414213,0.14481578
0.47572751,0.13645848
0.43843545,0.10906615
0.36038701,0.07842311
0.35866439,0.08173506
0.50118941,0.12182768
0.41513986,0.09878699
0.33644008,0.11197781
0.29582647,0.08675896
0.34088673,0.07080877
0.37642954,0.13617762
0.46414903,0.13350990
0.51947093,0.14260022
0.33370996,0.10387973
0.47757806,0.14765896
0.41954357,0.08347795
0.40084234,0.13382205
0.44269129,0.11645269
0.26571776,0.08094718
0.38026646,0.12575473
0.41226316,0.12405144
0.47191979,0.09993842
0.51843544,0.10302507
0.31104615,0.09454114
0.61940047,0.13969404
0.48899527,0.15091136
0.33022229,0.10793313
0.46589483,0.13935530
0.43545025,0.14561929
0.47158751,0.11428915
0.35554954,0.08258175
0.46352239,0.12952512
0.41759475,0.12641736
0.39387000,0.12493689
0.40192395,0.11308371
0.46671352,0.10903241
0.48067691,0.14123096
0.49977611,0.15598410
0.44853637,0.17568332
0.45184214,0.13064012
0.52726222,0.12763004
0.56646783,0.14384422
0.39980192,0.11764360
0.30214415,0.08394446
0.34378361,0.07365510
0.45218806,0.09147117
0.39501503,0.10327115
0.34027870,0.09361604
0.44142427,0.10039725
0.54960634,0.15485768
0.30745521,0.09141592
0.44635599,0.12045702
0.39022301,0.09370323
0.38711496,0.10582405
0.47760654,0.12207456
0.46053546,0.12551270
0.38776418,0.13369576
0.30369987,0.09827687
0.33267737,0.07844095
0.36773654,0.11323156
0.44542342,0.13752438
0.40762026,0.13488314
0.47263441,0.13882271
0.30719623,0.10002522
0.42545924,0.09711089
0.50097502,0.11430626
0.48319056,0.10279691
0.47809335,0.11817720
0.42230670,0.12850931
0.36480635,0.10652530
0.44353146,0.09170913
0.39904489,0.09693805
0.42593764,0.09717756
0.51312011,0.13188803
0.48328984,0.12532154
0.42018543,0.10349322
0.39453012,0.10700637
0.40687908,0.10116946
0.44957058,0.12258076
0.37674340,0.10313117
0.33440695,0.09734339
0.34098515,0.07975075
0.47363044,0.13281730
0.47342695,0.13333817
0.44859208,0.14383170
0.55971227,0.18240837
0.41749973,0.11904992
0.51116062,0.13305864
0.35372272,0.07693373
0.37705556,0.11561722
0.54185806,0.12650957
0.53527884,0.17312168
0.36647039,0.08138835
0.43862230,0.11924850
0.32758849,0.08651665
0.36722184,0.10580658
0.42714322,0.14383693
0.35919267,0.10623007
0.35220588,0.06398176
0.45193501,0.13511052
0.41914663,0.10584776
0.28760085,0.08490773
0.49558243,0.12925250
0.51936485,0.14783576
0.50792340,0.11671922
0.44552353,0.14346129
0.43467214,0.12114090
0.64213561,0.15069823
0.40190055,0.11413975
0.52504877,0.17775977
0.31927210,0.09856314
0.36395597,0.08001604
0.34265682,0.09902390
0.41326655,0.08887653
0.45416274,0.11589176
0.41511284,0.09647863
0.54925670,0.14509198
0.45448926,0.10800056
0.43375450,0.11435261
0.47700146,0.12529217
0.47631481,0.13236613
0.38910477,0.12800989
0.48207593,0.11699666
0.44784629,0.08572788
0.44044334,0.09887722
0.40845986,0.07876751
0.40214992,0.12922659
0.42620836,0.14259607
0.50121868,0.13432560
0.45813676,0.11832333
0.37060036,0.10067969
0.35699122,0.08093975
0.46876950,0.12652671
0.45013344,0.10989078
0.48953715,0.08697625
0.42351584,0.09125863
0.54950017,0.14933764
0.32998627,0.08654468
0.44461641,0.10442529
0.45534320,0.09454404
0.33351579,0.07623092
0.27313439,0.07130228
0.46132950,0.14501974
0.48356322,0.15042404
0.30172590,0.06455944
0.46043667,0.13384157
0.53765507,0.13978507
0.42848944,0.11349546
0.34634980,0.09525468
0.35051548,0.09916471
0.30535743,0.07270421
0.34774632,0.11128298
0.42491112,0.09614280
0.47710813,0.12298540
0.46223430,0.13500501
0.32687802,0.09435791
0.48551617,0.15102718
0.49677968,0.14053508
0.32569482,0.08083569
0.36835683,0.13540879
0.42092238,0.11254253
0.34742905,0.10104602
0.51200634,0.15430768
0.51840164,0.14105752
0.49930745,0.11990449
0.43214555,0.14086000
0.43780456,0.11039334
0.48675205,0.10654518
0.46828835,0.12925349
0.53888786,0.12478099
0.31435952,0.09320741
0.56011092,0.13977125
0.37826855,0.10979014
0.40634843,0.14510666
0.49717458,0.14617305
0.50666396,0.14056760
0.42430244,0.14308432
0.55393335,0.15113952
0.45555668,0.12175032
0.53930635,0.15558018
0.60932054,0.16756325
0.49412273,0.10138674
0.33606068,0.10111893
0.38987773,0.09953187
0.42999773,0.14652335
0.43085930,0.11678701
0.49995586,0.16124146
0.47730036,0.11977317
0.42288773,0.12767689
0.40025322,0.08837570
0.33044847,0.08382346
0.41319560,0.14194794
0.37803784,0.09955768
0.46505926,0.14092444
0.36392651,0.06724230
0.30793184,0.08880709
0.42206015,0.11195413
0.47650333,0.12111992
0.46803617,0.12973730
0.32427109,0.08892988
0.43669080,0.10900402
0.41698326,0.08738918
0.38731061,0.11490881
0.40908709,0.15835348
0.34487899,0.08638196
0.49836534,0.12824484
0.42069405,0.09958159
0.52219247,0.13868320
0.54645114,0.16057151
0.38670153,0.10238923
0.35593780,0.08570752
0.45572724,0.11962996
0.48565217,0.10177529
0.47108601,0.14826854
0.46080436,0.16569181
0.38636787,0.10412231
0.46344498,0.12428420
0.46598008,0.14802541
0.51294184,0.15898404
0.47323954,0.15938917
0.36263292,0.08159340
0.44048700,0.13235073
0.48807324,0.11693545
0.53829860,0.11682497
0.43505512,0.11050503
0.42123634,0.12348181
0.37962931,0.10359651
0.44418547,0.10742982
0.43318540,0.14687925
0.49710351,0.12943346
0.39102564,0.10451683
0.37181638,0.09002352
0.43581707,0.13071819
0.49894934,0.14475655
0.44561671,0.10355219
0.42233455,0.12469973
0.38477846,0.09964900
0.40201994,0.14195981
0.43518446,0.14010895
0.46008071,0.10983272
0.41431931,0.14060419
0.44067618,0.14337092
0.41346188,0.11350494
0.38158102,0.07688762
0.39315970,0.09740899
0.44848168,0.09982779
0.49145216,0.13694706
0.43254888,0.10398166
0.42900964,0.12854576
0.52943179,0.15788746
0.50073097,0.15380371
0.51004672,0.13016496
0.48212201,0.10144908
0.32663762,0.09495450
0.39999907,0.08819508
0.39357678,0.08782268
0.48438625,0.13618340
0.43811676,0.09525893
0.35153560,0.12012711
0.40569614,0.12366047
0.45709335,0.11258345
0.38770178,0.10310573
0.52366064,0.16061637
0.60365689,0.16400037
0.45569457,0.14188742
0.45327551,0.14173963
0.37158019,0.12588540
0.50343337,0.15037201
0.55581022,0.14732921
0.43566804,0.12816100
0.35637771,0.11183207
0.67895122,0.17865069
0.37205844,0.08498383
0.44090015,0.11927464
0.35792768,0.10118442
0.39364677,0.13255159
0.39009313,0.12970936
0.43134199,0.09923131
0.30205311,0.07769014
0.36197328,0.08978843
0.36380624,0.08427411
0.45342999,0.12397748
0.39096455,0.11871998
0.53435463,0.17114511
0.37629705,0.10879675
0.32403656,0.09968731
0.38877253,0.10626623
0.39883217,0.11073703
0.35440904,0.09856584
0.48744113,0.10560915
0.36548725,0.11098630
0.33287716,0.08764611
0.47437629,0.14719868
0.38453492,0.10652110
0.38750558,0.09923213
0.42207676,0.13541436
0.40167010,0.11128766
0.39842634,0.11146839
0.44024714,0.11283694
0.37035770,0.12726904
0.50923540,0.11492307
0.34886811,0.07788730
0.34601651,0.09028640
0.40576087,0.11071472
0.32588698,0.08535516
0.46033061,0.15664617
0.55316752,0.16407142
0.44762954,0.12672747
0.47107304,0.14627979
0.34734041,0.09195232
0.38184337,0.11654949
0.55721186,0.14503614
0.48668506,0.13348656
0.38355735,0.11058827
0.53028556,0.16074113
0.40709585,0.10258642
0.53082518,0.17824929
0.46912455,0.10530402
0.39476342,0.11388108
0.41122452,0.12062060
0.35818253,0.12505271
0.36107473,0.08258997
0.39763364,0.13125960
0.51364990,0.16176493
0.36840160,0.09666120
0.43037841,0.13729179
0.33825602,0.09277544
0.43732002,0.13938985
0.48966854,0.14341499
0.53731424,0.12923275
0.38802914,0.14313519
0.62906991,0.17915493
0.50276778,0.11970217
0.42885870,0.10763789
0.37653638,0.12531198
0.44276843,0.11576707
0.51153148,0.10904947
0.36712792,0.08420815
0.38612614,0.09013729
0.34287227,0.10144782
0.40875473,0.12009342
0.47302595,0.11140351
0.40280389,0.09135080
0.34255755,0.11609441
0.45340448,0.13008643
0.48033580,0.15518709
0.58340376,0.15040512
0.35496960,0.07405294
0.50826022,0.13167414
0.48228968,0.12485299
0.44261433,0.13128407
0.35467148,0.11892767
0.47890002,0.12069801
0.43664938,0.10616969
0.60499680,0.15157993
0.42259881,0.09002326
0.29808615,0.07415281
0.48338332,0.12997962
0.43716227,0.13740024
0.36483295,0.12908733
0.56010574,0.14183312
0.47176046,0.15938586
0.54970484,0.13722606
0.51686352,0.13082022
0.41132157,0.09934502
0.37596099,0.10004710
0.49035130,0.12857197
0.55020516,0.15787575
0.35375604,0.07664837
0.35677329,0.10937355
0.33813756,0.08250543
0.31164463,0.11151992
0.43579812,0.10960340
0.52862303,0.12409716
0.46499922,0.09102711
0.35990813,0.09221152
0.59122606,0.14744961
0.34594527,0.10150662
0.45915476,0.13033908
0.32597571,0.09885337
0.40300917,0.12063146
0.35927305,0.10511928
0.42366262,0.12662869
0.43686367,0.11141805
0.36622363,0.09944319
0.35380933,0.09616829
0.59089997,0.17391930
0.49081409,0.12633275
0.33451516,0.07138286
0.30020130,0.07298284
0.48143910,0.16552782
0.42760671,0.11317451
0.34087294,0.10663167
0.35263690,0.10797504
0.40327056,0.14101394
0.43382863,0.11491304
0.40051473,0.09171849
0.41993721,0.13897635
0.47473345,0.12310510
0.39199850,0.11300334
0.44500925,0.09993885
0.42593976,0.11210597
0.34830216,0.07014955
0.31320546,0.09018015
0.36488966,0.13175167
0.50851072,0.14576295
0.36822014,0.10443514
0.58183145,0.17259785
0.59900591,0.16314243
0.41778651,0.13149307
0.61138608,0.19087438
0.43769536,0.11754512
0.42335585,0.11828558
0.43035962,0.14934152
0.32220107,0.11035945
0.37107130,0.11761097
0.33791893,0.08954239
0.58666447,0.17586509
0.38781246,0.12870834
0.45440937,0.12355117
0.45620898,0.10493805
0.37056835,0.07730656
0.40810743,0.12986877
0.39346192,0.10300268
0.27527331,0.08262837
0.42395570,0.10452005
0.45909507,0.14627419
0.44780902,0.14106215
0.35741484,0.09207352
0.50149271,0.14720955
0.50914028,0.14254800
0.50187346,0.13603760
0.49301248,0.12661666
0.54037560,0.13961637
0.38584261,0.11575609
0.32618401,0.09738766
0.45981383,0.10857727
0.37605721,0.08279485
0.62068270,0.15444035
0.33220393,0.12132628
0.35677505,0.09944301
0.37169519,0.10670856
0.34354949,0.07819239
0.41436408,0.10937702
0.27462595,0.07214668
0.49489639,0.11528186
0.50557010,0.13583886
0.49945915,0.15271155
0.33146494,0.08951547
0.33538942,0.08682899
0.52141281,0.13830500
0.36028815,0.10353291
0.35821343,0.09703940
0.45742993,0.09514861
0.51046352,0.15369461
0.40374306,0.09817157
0.32747434,0.10572382
0.45257781,0.12861191
0.35029419,0.06943812
0.57577785,0.14645201
0.36436901,0.09483742
0.58156611,0.13656064
0.49082549,0.11571410
0.39848117,0.10003776
0.40388451,0.12077719
0.44924954,0.08517907
0.35853158,0.10588881
0.50000748,0.13730724
0.38379225,0.11137726
0.46819905,0.12509709
0.48158586,0.13769799
0.34539718,0.11457304
0.42492795,0.11421238
0.41700786,0.11018164
0.43145117,0.09557477
0.50827649,0.11294361
0.31586335,0.06661089
0.38046647,0.09452295
0.40351496,0.08747635
0.46870376,0.14345996
0.38521289,0.12626778
0.42337742,0.13509259
0.34308163,0.08253512
0.33845378,0.06765141
0.41415917,0.11620658
0.44771375,0.13664263
0.36993414,0.11278653
0.35327292,0.09349312
0.50733174,0.12587374
0.39476146,0.10961049
0.42531464,0.13757342
0.56467188,0.16489226
0.52512736,0.13160682
0.49094972,0.13252155
0.44149206,0.11736739
0.39725838,0.10378726
0.36703665,0.08979938
0.41926411,0.10334595
0.43078821,0.11593904
0.39954857,0.11720802
0.49202318,0.13768905
0.46985380,0.15040038
0.37637358,0.10815207
0.48328538,0.12654602
0.34314072,0.11151689
0.27565373,0.07750455
0.44198230,0.11460438
0.54238705,0.12571049
0.45619541,0.13718711
0.44566417,0.12105925
0.40294009,0.10316549
0.41637724,0.11830334
0.41976222,0.11599630
0.51502130,0.14781850
0.50988677,0.15524189
0.48335973,0.15961154
0.46986132,0.12770546
0.36942363,0.09453815
0.41755678,0.11307678
0.43094984,0.12132360
0.41376457,0.11368539
0.31700899,0.11315991
0.31299433,0.10209741
0.58084363,0.18775047
0.38374618,0.13075015
0.50658353,0.13454513
0.27862869,0.09779974
0.51090581,0.11059615
0.47394542,0.12191855
0.38961192,0.09748849
0.44334774,0.11774919
0.35420184,0.09930295
0.48076849,0.10916030
0.32498410,0.08536552
0.47991252,0.10788050
0.33801544,0.10168665
0.51283813,0.12849738
0.34052675,0.09098532
0.49998342,0.12796313
0.39153252,0.14577143
0.38777324,0.08649171
0.43530836,0.09578103
0.38633733,0.08326345
0.37279456,0.08969280
0.47986737,0.14383025
0.41607741,0.11715718
0.38382382,0.12300752
0.46051817,0.12707993
0.37142654,0.08734350
0.54855921,0.15160593
0.39280259,0.12404174
0.46261635,0.13504745
0.33675475,0.09400183
0.48451755,0.12541974
0.45311929,0.14099233
0.42369831,0.12301990
0.40589627,0.08614975
0.41915367,0.10552054
0.34650400,0.07373702
0.43267691,0.09482107
0.29758565,0.07224885
0.34103052,0.07393551
0.45611258,0.12152115
0.41472643,0.09268900
0.42969712,0.13574352
0.51353747,0.16029051
0.35029634,0.08436229
0.34121363,0.09119537
0.47591393,0.11635019
0.32737538,0.08300782
0.52556951,0.15960680
0.52462400,0.13964140
0.39035852,0.08466196
0.37884465,0.12128093
0.57760370,0.17166676
0.57728013,0.12380280
0.40727489,0.09091858
0.53208872,0.15953283
0.50584608,0.16883509
0.35090740,0.08236998
0.49702254,0.16261871
0.47213667,0.09581973
0.57632594,0.15346562
0.53179144,0.15070116
0.48945412,0.10457753
0.38881787,0.09048673
0.39560815,0.09203989
0.42270115,0.11319759
0.34418184,0.09947530
0.50700627,0.12242564
0.36621679,0.08402682
0.34555138,0.08088606
0.48828130,0.10930086
0.34666461,0.06821381
0.40505354,0.08378185
0.45342720,0.10627311
0.47038902,0.10343638
0.59128263,0.16118968
0.35685744,0.10536613
0.32783107,0.07352878
0.50897261,0.11648324
0.45618971,0.09989204
0.43070290,0.15576866
0.48685739,0.15435804
0.49102917,0.15303590
0.36269382,0.12996177
0.46040006,0.12461247
0.30371264,0.09699245
0.35122976,0.07381847
0.39037500,0.11249164
0.54043933,0.15595533
0.48838311,0.14254024
0.30191058,0.09801656
0.46735824,0.14846295
0.37039873,0.10813732
0.45248527,0.11232730
0.42304837,0.10780073
0.54849477,0.13847746
0.40935262,0.12667260
0.51454597,0.12568094
0.41056519,0.13241430
0.57842222,0.14627853
0.50861996,0.15889435
0.35470097,0.08208360
0.41422311,0.10770246
0.46170265,0.15190547
0.48745706,0.12913768
0.41483438,0.13770037
0.32918084,0.09359519
0.44961963,0.13988753
0.39222541,0.10788391
0.48959454,0.12012614
0.48540282,0.12094255
0.40587554,0.10484106
0.44135715,0.10152223
0.38186391,0.08196031
0.39722200,0.09492022
0.38408992,0.13444716
0.49880155,0.12442224
0.44568842,0.11438063
0.45732567,0.13804235
0.29581160,0.08503344
0.54102220,0.14025633
0.43601200,0.14800766
0.44247908,0.15064498
0.49717841,0.10845666
0.43266109,0.13958929
0.43951566,0.15089456
0.48620702,0.15113219
0.45847335,0.11004616
0.46915163,0.15080542
0.41903962,0.09528716
0.43529916,0.14261593
0.43180326,0.12578001
0.46646896,0.12694804
0.49103432,0.14972914
0.40526152,0.09814322
0.51780275,0.18228805
0.32674579,0.07042783
0.53683682,0.14382596
0.35079008,0.09556703
0.52510533,0.17061100
0.40487724,0.12698629
0.44902705,0.14269631
0.32938354,0.07426322
0.50414450,0.14183613
0.39555687,0.13783970
0.55671125,0.14849262
0.37984987,0.11852183
0.45621133,0.09986449
0.39757843,0.11381609
0.42540032,0.10733135
0.38770087,0.09805502
0.42497972,0.12948882
0.49419958,0.12694260
0.33980892,0.08735976
0.34843758,0.08543745
0.44514173,0.14005983
0.43227538,0.14029317
0.46008056,0.14196384
0.52102799,0.11642408
0.43430538,0.11503484
0.40162481,0.11291406
0.43783694,0.14489290
0.45297665,0.10245007
0.36721097,0.09260912
0.50275773,0.13364419
0.37110868,0.10587909
0.37718638,0.08738123
0.43700043,0.10982733
0.43893135,0.10147551
0.35293221,0.08496216
0.36177517,0.10597804
0.35659850,0.08827094
0.37547581,0.11680114
0.37991967,0.09591519
0.38155500,0.07823514
0.37394139,0.12118220
0.54064052,0.14648754
0.27905502,0.08239322
0.42697950,0.13537589
0.37346092,0.12262137
0.43679172,0.12919567
0.32160502,0.08583139
0.33351359,0.07974472
0.44501617,0.08655979
0.47652429,0.12492880
0.36780216,0.09596107
0.50848866,0.11917636
0.41268029,0.11543880
0.43358197,0.12587986
0.44973100,0.13059671
0.38913590,0.08758076
0.40184277,0.08164341
0.49461327,0.13800313
0.33942214,0.09875537
0.39253102,0.10531345
0.32168465,0.07473388
0.42527958,0.11841044
0.44253603,0.13462569
0.49504729,0.10116253
0.41591061,0.08300075
0.46922704,0.13349381
0.48181720,0.13596026
0.39849393,0.12952528
0.47570950,0.13038056
0.41247098,0.08201518
0.44297567,0.15156461
0.27243025,0.07002526
0.43208836,0.08949060
0.41220754,0.09696176
0.36264689,0.10651195
0.48960734,0.12507056
0.45240121,0.13077028
0.33364816,0.08981935
0.47201931,0.12531224
0.53039599,0.13898228
0.38580697,0.13145045
0.55568391,0.15818439
0.43433674,0.09834191
0.51797196,0.16111088
0.36802315,0.07416000
0.55408978,0.17652054
0.48299590,0.12667104
0.44762065,0.15769840
0.39157665,0.13624449
0.50376695,0.14299138
0.52607916,0.15580946
0.38934073,0.12699432
0.48218949,0.14235881
0.52161893,0.16464701
0.42102310,0.10225696
0.42603601,0.10432670
0.54241530,0.16349163
0.54482560,0.13491064
0.38009253,0.12327338
0.33300542,0.09051341
0.36374489,0.06807704
0.38717712,0.12322940
0.38715936,0.10984446
0.54020311,0.15312981
0.48759569,0.11641879
0.53210861,0.16593938
0.50950877,0.14899511
0.53301322,0.13701404
0.33746248,0.08002062
0.35995039,0.09926428
0.51742181,0.16313668
0.49010546,0.13079736
0.45946392,0.09900707
0.38492788,0.10379616
0.36998333,0.08806461
0.43215910,0.13090696
0.30183912,0.08816612
0.35173504,0.08013600
0.45657131,0.11515300
0.50474508,0.14875157
0.40257852,0.14603990
0.47060214,0.11188920
0.39648575,0.10998641
0.36821990,0.10961482
0.48664474,0.13179131
0.54178628,0.11993390
0.34765684,0.08749788
0.36752061,0.08851209
0.53026230,0.16680607
0.44837908,0.09334019
0.50566219,0.16186329
0.30118597,0.07589685
0.36111865,0.09906365
0.44660572,0.13298712
0.37003995,0.08624804
0.43602482,0.09464823
0.32262386,0.08518384
0.40377886,0.11808639
0.31472861,0.10118802
0.44650018,0.11765120
0.52157669,0.15951285
0.54719447,0.15323273
0.42768170,0.14451073
0.35904906,0.08298749
0.38106318,0.10499158
0.41706878,0.10653530
0.36528936,0.12689176
0.42151905,0.09768189
0.43818403,0.12566078
0.42663996,0.11208920
0.43662168,0.11442863
0.33585355,0.08437499
0.43589906,0.14939319
0.36933898,0.12329960
0.48323066,0.11340741
0.38961836,0.09818942
0.34349137,0.07110335
0.42805191,0.09574867
0.50500655,0.14613752
0.35705355,0.10862387
0.45873311,0.10573133
0.60452121,0.16345282
0.49339229,0.15069589
0.45528237,0.14410079
0.46915211,0.15129446
0.42028221,0.11219112
0.43216967,0.11922923
0.40659062,0.12544587
0.45744744,0.13096604
0.50477312,0.15196384
0.39821865,0.11069076
0.47749606,0.15089318
0.49609618,0.12330787
0.49313638,0.15022313
0.38537983,0.12414815
0.41438333,0.09428011
0.44521163,0.17070346
0.37695359,0.11681359
0.29389637,0.09196327
0.42505597,0.07821565
0.51283693,0.11609369
0.42177547,0.08509632
0.35341454,0.09029905
0.52645963,0.14492739
0.51486058,0.13014809
0.42851443,0.10590895
0.47372694,0.11262402
0.42089381,0.10699168
0.50495038,0.10837340
0.44295705,0.11598520
0.41109030,0.11819071
0.47344014,0.12857189
0.40102734,0.13145992
0.39034082,0.11429414
0.28821127,0.08229427
0.45029340,0.13519941
0.57334358,0.16418848
0.36862150,0.09694642
0.49588825,0.13416459
0.42767494,0.13240348
0.32719431,0.08916789
0.32905450,0.09274958
0.38036198,0.11844394
0.43653643,0.11853195
0.37547390,0.12507486
0.41682369,0.14870284
0.43210042,0.12290442
0.29961476,0.07700538
0.53340593,0.15555771
0.28315513,0.09081636
0.31279486,0.08601117
0.47376848,0.12801725
0.33354402,0.09139398
0.42690424,0.15182709
0.41216293,0.15077805
0.52156898,0.18569406
0.47818342,0.12794250
0.48081352,0.12428444
0.49806926,0.15579704
0.39225204,0.11003663
0.54645738,0.13161702
0.41288525,0.09774844
0.47010447,0.10524968
0.48296856,0.14965980
0.50611872,0.14343866
0.34489626,0.10178938
0.43425203,0.13561657
0.43108823,0.13221460
0.42674731,0.10292163
0.48363737,0.12750295
0.40996448,0.08347791
0.38473314,0.09516630
0.50068190,0.11182987
0.49286397,0.14654062
0.42415265,0.08808285
0.42842397,0.10667296
0.40623323,0.11294268
0.35683911,0.10177794
0.45196867,0.14106133
0.37050540,0.09207718
0.49517145,0.13496569
0.53144214,0.12660215
0.43513409,0.10696607
0.46792160,0.12452670
0.31902699,0.10174085
0.44673195,0.12305739
0.41456692,0.10888855
0.41586053,0.13152740
0.39807194,0.09370336
0.43139186,0.12527270
0.44306331,0.13777707
0.35651064,0.08719732
0.52936837,0.12273293
0.37426385,0.09611911
0.42813400,0.15130098
0.36711619,0.07271870
0.49610360,0.11704968
0.43352491,0.13571672
0.35607537,0.11820697
0.40917190,0.12674241
0.37614920,0.12221005
0.36416504,0.08895634
0.45420292,0.13853161
0.38771928,0.10836994
0.39731911,0.10896413
0.34245041,0.07823433
0.36712974,0.10550281
0.46690664,0.15213951
0.40846366,0.10463788
0.41584572,0.10909640
0.30575980,0.06685753
0.31424548,0.09539517
0.37176801,0.09719970
0.37214988,0.09991305
0.36733691,0.09771329
0.43257650,0.12955710
0.36495392,0.10746518
0.41105353,0.10620199
0.58016068,0.14940913
0.70913822,0.18887837
0.50907449,0.15489035
0.61775753,0.16307694
0.40468319,0.11599926
0.37009102,0.09851081
0.45956371,0.14418901
0.46769202,0.13970038
0.48475569,0.12183097
0.35651200,0.10575870
0.49655408,0.16924911
0.48606850,0.14441602
0.38636348,0.08981204
0.46976280,0.12691197
0.50288451,0.12926122
0.32266980,0.09113237
0.37564539,0.09258808
0.48742293,0.15053826
0.40761553,0.11811180
0.51948625,0.12661918
0.38014760,0.09748516
0.38983969,0.10632254
0.56681640,0.16352072
0.48075641,0.10250261
0.34390914,0.12500620
0.32585582,0.07761794
0.41903232,0.11035306
0.28739068,0.07727177
0.30664593,0.08487086
0.41142606,0.11133598
0.46146884,0.10424855
0.66198324,0.15564893
0.41272768,0.07646896
0.37919952,0.09191892
0.43020017,0.14749408
0.52462088,0.14853452
0.29646617,0.07488695
0.43393990,0.10151527
0.26463546,0.08738544
0.35788188,0.11583442
0.51292626,0.15631395
0.38216588,0.10496299
0.50757560,0.14391709
0.32687900,0.09077523
0.56806246,0.16566299
0.44843343,0.11474900
0.36216556,0.11434118
0.50271747,0.13047849
0.46521247,0.11880658
0.49419491,0.16450208
0.49293758,0.10866615
0.43374566,0.10291146
0.54020139,0.16125259
0.41204021,0.11136187
0.39783120,0.12168378
0.38246353,0.12130976
0.43098741,0.13397593
0.37418734,0.10163550
0.45351419,0.14322537
0.48567404,0.13347654
0.47515581,0.10776138
0.42142053,0.12173844
0.39977060,0.10886326
0.37389331,0.09144435
0.37061382,0.10456866
0.43962722,0.13825109
0.32456156,0.08345283
0.44392161,0.10188311
0.43166625,0.09212911
0.47550843,0.10921983
0.48148741,0.12998783
0.45457618,0.12403536
0.43289816,0.12201972
0.39404388,0.12067512
0.30343232,0.08909025
0.45644833,0.15353187
0.36870727,0.09022389
0.42704245,0.10627468
0.41308832,0.10253172
0.46027399,0.10710172
0.34584575,0.10126095
0.37324053,0.11422550
0.45065804,0.10695090
0.37659157,0.09374702
0.47160902,0.12728260
0.31747395,0.11413685
0.35670845,0.10531675
0.41211530,0.10762002
0.42736632,0.14226628
0.45495058,0.13120149
0.34078334,0.07782946
0.38483900,0.09628075
0.58912256,0.15464906
0.37135689,0.11326884
0.48362171,0.14265729
0.50009204,0.17793913
0.72300987,0.20713930
0.58941001,0.16259452
0.42301523,0.12563352
0.43911574,0.13503407
0.39910307,0.12086351
0.35324147,0.07760449
0.53046288,0.10985426
0.30625518,0.09194475
0.38697441,0.10246067
0.40257515,0.12597843
0.42493890,0.10068783
0.37390162,0.08603539
0.42536042,0.09874010
0.58306848,0.18317803
0.36324302,0.12249776
0.39616195,0.13892939
0.47685061,0.11753922
0.41281602,0.10770902
0.43393505,0.10800889
0.32597584,0.09708556
0.29085320,0.06174437
0.49662432,0.15017304
0.36971944,0.11324112
0.37453051,0.13415006
0.31879417,0.07512333
0.43292330,0.10585497
0.50657352,0.12515567
0.48015237,0.11528234
0.46479925,0.12567517
0.50703042,0.10912523
0.38612956,0.10213317
0.41903955,0.13649581
0.41079580,0.12134356
0.40616431,0.09200993
0.35435299,0.07597442
0.50662657,0.13175225
0.48987379,0.14543328
0.46304115,0.09876862
0.38894729,0.09809488
0.41569131,0.13076000
0.45229597,0.10462135
0.36754029,0.10353564
0.51896901,0.15259718
0.34434644,0.08824807
0.45968908,0.12038407
0.33002191,0.09102569
0.30751803,0.08260682
0.36797223,0.08542828
0.49116184,0.16009245
0.37237827,0.07243265
0.47455760,0.10564146
0.35896064,0.06667927
0.51110840,0.15442525
0.41985203,0.12141113
0.41249601,0.13006334
0.47692150,0.10871055
0.54700533,0.14806971
0.38295777,0.08775822
0.58237395,0.14538233
0.47321660,0.12521302
0.35768693,0.09061487
0.35399850,0.08964651
0.52496874,0.15901995
0.38635432,0.08405531
0.30634074,0.08064445
0.48325702,0.14675010
0.50488250,0.14997232
0.30116100,0.07211937
0.56697633,0.13423963
0.45326373,0.13764118
0.52272516,0.14913988
0.35720180,0.08679139
0.51647370,0.18817053
0.48949635,0.16390249
0.36526641,0.10089205
0.35893709,0.07906517
0.48916962,0.14792677
0.44666473,0.10534461
0.51696523,0.14754870
0.47098602,0.10945869
0.38918423,0.09635128
0.44252856,0.13964148
0.47898194,0.13862810
0.36603249,0.09766606
0.40022058,0.13938477
0.44667064,0.11789888
0.41078122,0.11308874
0.44884986,0.14224401
0.51261009,0.16717241
0.39860441,0.10005392
0.34576853,0.10831750
0.38565498,0.08914238
0.40483923,0.09681038
0.39767459,0.13220611
0.51735345,0.15287601
0.45243584,0.09358685
0.43966844,0.08455268
0.30228873,0.07497239
0.51056882,0.12303075
0.47389581,0.14997662
0.33943359,0.10483996
0.43612019,0.14441830
0.37386813,0.13570274
0.38887455,0.09304701
0.49761171,0.17357488
0.37874531,0.10270352
0.54383969,0.17606568
0.38784055,0.11132246
0.35151591,0.08615439
0.36578468,0.12118402
0.44812298,0.11602020
0.40096640,0.09414481
0.40602869,0.11080545
0.41105048,0.13072614
0.42214068,0.09466218
0.30232293,0.09695183
0.38840067,0.11911890
0.31730857,0.08044401
0.44951932,0.13801571
0.40726121,0.13744699
0.44270765,0.10462948
0.60245029,0.16815604
0.45186978,0.09984724
0.32046612,0.07653487
0.37812058,0.08612658
0.55059690,0.20596903
0.30329239,0.08449064
0.40722396,0.12922309
0.46178732,0.11146855
0.38140176,0.08742771
0.42105149,0.10946842
0.54442817,0.14673196
0.36315794,0.10360841
0.38276901,0.10222221
0.63141081,0.17950453
0.48433845,0.13700426
0.48399859,0.12726538
0.44830174,0.09663346
0.36562983,0.12291612
0.34467958,0.07564309
0.29913695,0.08166355
0.49841657,0.14727503
0.38800537,0.09004917
0.36388598,0.08031695
0.33074633,0.08856904
0.39770681,0.12283789
0.48614942,0.13289086
0.37295599,0.09699429
0.51481901,0.12195443
0.50763591,0.13384049
0.41145524,0.13470493
0.48486734,0.09622103
0.36590722,0.09982734
0.36014051,0.08377549
0.46297943,0.15457952
0.48156852,0.15531779
0.34010016,0.09616875
0.45196012,0.12123631
0.44199602,0.12312853
0.35184436,0.10102772
0.49291050,0.12740282
0.34061027,0.07970773
0.35031240,0.09042573
0.35193881,0.09321628
0.37753498,0.07712345
0.45179919,0.12789885
0.56414208,0.16269485
0.45217133,0.08890178
0.41343892,0.10996420
0.47786402,0.13033558
0.35968095,0.11228526
0.53132851,0.14390513
0.55749009,0.15557546
0.46561474,0.12290810
0.30443028,0.07175122
0.41131092,0.11212350
0.37024169,0.09258463
0.37302524,0.07780065
0.56125408,0.13499146
0.39515332,0.09412000
0.51768190,0.14312722
0.36639889,0.10016626
0.46437511,0.13446019
0.46633723,0.13186963
0.41290341,0.08938025
0.52565419,0.15479408
0.41149656,0.09898023
0.39398348,0.12939341
0.39607742,0.12976714
0.37896060,0.10227825
0.44111201,0.09406015
0.42934841,0.09862324
0.33507034,0.10291041
0.48964571,0.15416003
0.53543171,0.13860249
0.50605203,0.13942084
0.28837308,0.07692811
0.39695111,0.08445635
0.46663958,0.13918773
0.58102007,0.16550646
0.46153793,0.12539056
0.39063899,0.12442325
0.58619613,0.15375105
0.44013826,0.10219787
0.57529750,0.15286091
0.31227791,0.08345499
0.50798654,0.12639977
0.42123061,0.09302284
0.49332255,0.12711154
0.36768653,0.12063523
0.41610323,0.10861695
0.45196411,0.10262812
0.45042320,0.09537372
0.42033545,0.14770895
0.41371625,0.12474691
0.56186438,0.17322515
0.42543905,0.10260768
0.47785866,0.10814297
0.41667884,0.09524033
0.45843764,0.12586406
0.40351172,0.10408691
0.56140403,0.13872702
0.49131397,0.16372875
0.43385142,0.13958644
0.54910815,0.14402642
0.39344022,0.09433896
0.39881329,0.13801598
0.48041336,0.14699204
0.41159202,0.12289390
0.49353844,0.14547897
0.30524403,0.08040492
0.34151487,0.07177348
0.34894706,0.07440830
0.47631625,0.15263182
0.53218630,0.13122272
0.36227650,0.10722067
0.39362885,0.08215631
0.54750827,0.19393197
0.50793306,0.14061280
0.40186563,0.12086473
0.26619393,0.06731508
0.47511520,0.11588508
0.30500297,0.06952229
0.33820572,0.09301025
0.48604136,0.11169746
0.34040179,0.09825036
0.48397827,0.14188831
0.54029416,0.15823250
0.40125487,0.14133901
0.49908378,0.11021137
0.39391428,0.12805726
0.40741976,0.12505775
0.31109924,0.08198387
0.42898313,0.14045406
0.34169648,0.09612827
0.33926846,0.07982156
0.34555063,0.11800698
0.42803832,0.10137240
0.48953879,0.13633508
0.41707539,0.08702285
0.34228133,0.08188840
0.38154779,0.09288062
0.45413985,0.13693325
0.36197406,0.10481546
0.48890646,0.14500219
0.46604427,0.11285172
0.31143231,0.07761662
0.41947682,0.12603375
0.37249210,0.07348808
0.54497787,0.16337708
0.41401854,0.13258460
0.38998579,0.11525758
0.40116288,0.13801363
0.30846791,0.06268401
0.30179806,0.07806310
0.45416965,0.14820044
0.47962226,0.12991661
0.39639159,0.11997060
0.45800660,0.13013991
0.41022232,0.11303108
0.38708171,0.12333070
0.36489057,0.10337573
0.38226913,0.10302096
0.34262987,0.08019930
0.37219954,0.08997868
0.39775125,0.11663908
0.40679299,0.11833027
0.33122094,0.07165979
0.55152294,0.16175927
0.44485113,0.14300732
0.36210511,0.12226220
0.52711219,0.13933521
0.39616681,0.07856365
0.46919406,0.11627049
0.36360249,0.10526413
0.42004577,0.13799147
0.35129847,0.07451685
0.45682271,0.13310578
0.43046182,0.10184589
0.54510548,0.13767288
0.45809319,0.12597619
0.39787000,0.08779119
0.45380641,0.08785365
0.35678444,0.07947461
0.49760205,0.15637203
0.38964834,0.10543237
0.39189314,0.10578133
0.45823344,0.13558923
0.42325453,0.08457454
0.48682665,0.13586527
0.44137371,0.13870882
0.32450365,0.06024485
0.46388366,0.12002993
0.53373159,0.13246825
0.37505602,0.11915251
0.40928028,0.11250801
0.54655572,0.18543779
0.52681126,0.12284633
0.52287222,0.14188458
0.40186523,0.12980242
0.53071639,0.13210551
0.41211430,0.10059576
0.43513215,0.11789216
0.39155756,0.11068532
0.49322498,0.15523826
0.37006048,0.07645045
0.42292118,0.13892703
0.50666772,0.11330336
0.34595512,0.08540856
0.45176206,0.09283080
0.42068666,0.11771101
0.43038566,0.09412153
0.35916016,0.07348111
0.37734575,0.07420783
0.30050606,0.10425298
0.53135939,0.17014472
0.42924817,0.10828143
0.39284231,0.08378889
0.37029044,0.09309213
0.40802728,0.11819402
0.39234948,0.10202951
0.34030983,0.10130433
0.54231336,0.14581373
0.33542665,0.08953689
0.41704076,0.12640790
0.35255577,0.08019431
0.43842081,0.12546878
0.33464510,0.09291553
0.35983905,0.06770255
0.48087022,0.09540157
0.40845866,0.10438270
0.43546215,0.12491269
0.47983194,0.12708031
0.48562455,0.11595709
0.48276375,0.13957119
0.37063739,0.10316054
0.49885563,0.11989945
0.43571216,0.11326559
0.37483276,0.11170636
0.37391352,0.11899802
0.34221845,0.12517237
0.33534224,0.07996477
0.37122721,0.07843058
0.45968314,0.12996814
0.41947301,0.12253099
0.31716459,0.08340478
0.33898979,0.08193518
0.39359437,0.08598141
0.37872677,0.10141279
0.34556104,0.09250216
0.51694520,0.16526210
0.47820740,0.13192939
0.46333287,0.16448814
0.53655619,0.12359512
0.46957708,0.15750521
0.37321402,0.12042152
0.50776816,0.15501630
0.41130172,0.09582198
0.35979703,0.09605676
0.47213893,0.12650169
0.41040147,0.11988745
0.46587131,0.10970922
0.54982779,0.14715586
0.39453756,0.13665487
0.52224774,0.13191412
0.43669376,0.10166857
0.37508510,0.07642321
0.46686757,0.10732137
0.43741471,0.11644891
0.57516219,0.15093647
0.35160591,0.10908632
0.42049752,0.12079786
0.42473079,0.10185448
0.34961608,0.09910213
0.42991790,0.09820737
0.47325158,0.12474775
0.46503405,0.10135297
0.57274818,0.15086936
0.48200738,0.10985648
0.37901238,0.10121603
0.34552114,0.11552875
0.44050353,0.10700371
0.41067183,0.10704071
0.38031983,0.12712485
0.48170407,0.14525822
0.41434212,0.14550477
0.50539642,0.13343575
0.44860286,0.11569345
0.30075561,0.09279281
0.34736179,0.08996100
0.32316608,0.09108681
0.34203840,0.09104288
0.44375232,0.12000880
0.32792006,0.09548546
0.45652297,0.10348359
0.37262950,0.11205797
0.38499593,0.08371108
0.47737991,0.14016853
0.57450254,0.13921113
0.32252261,0.07894490
0.34357688,0.08521057
0.48273211,0.12635331
0.38388090,0.12268444
0.42368778,0.12530857
0.43161010,0.13015733
0.30873922,0.08585232
0.38288890,0.13153088
0.29807909,0.08181591
0.41725090,0.12909266
0.52832240,0.13442473
0.43169535,0.12270671
0.50652091,0.16923800
0.35948180,0.09614442
0.31534551,0.09354523
0.38256691,0.12743389
0.40235234,0.10511734
0.47968626,0.14108452
0.46548825,0.13163297
0.37355570,0.09100825
0.45043009,0.10937062
0.38740912,0.11068205
0.35681918,0.07496616
0.45004057,0.13120221
0.42831344,0.10228631
0.46972043,0.12923259
0.59227887,0.15070168
0.37744276,0.10268217
0.41182749,0.12779408
0.52486903,0.13619954
0.43290033,0.09994506
0.37833637,0.12348195
0.34243295,0.10953554
0.60224220,0.16208474
0.30643041,0.08098768
0.32622835,0.08749729
0.42294371,0.09770517
0.53720021,0.15710135
0.42598128,0.11979000
0.43866525,0.11155889
0.38018994,0.12153465
0.51502685,0.14437438
0.46068840,0.12041305
0.32486301,0.07655402
0.37672469,0.11217643
0.44288629,0.09874014
0.47844184,0.13129466
0.48803541,0.15835653
0.47271495,0.14308545
0.50879383,0.12508177
0.40503462,0.12960955
0.46864869,0.14819875
0.42877987,0.11930450
0.40500725,0.13380106
0.33116540,0.08303821
0.29727725,0.10037045
0.45467261,0.12534412
0.46142122,0.12728943
0.35845017,0.08324973
0.45285397,0.12174314
0.41052861,0.10580214
0.33117343,0.10124315
0.33366255,0.10014367
0.37918057,0.10719076
0.47617973,0.13023766
0.50938732,0.14733093
0.28685448,0.08656358
0.46683995,0.14260294
0.45931488,0.10310759
0.34712099,0.11223799
0.44508200,0.09048425
0.33858096,0.11841359
0.51361884,0.11392859
0.39449721,0.09745171
0.43873796,0.14370197
0.39722009,0.09433509
0.36266820,0.11315955
0.35792671,0.09201944
0.38309542,0.11992267
0.30841954,0.08984570
0.28211377,0.07090028
0.44891089,0.13610698
0.56391930,0.14808021
0.43780897,0.10417330
0.44017572,0.14787371
0.40987910,0.13305446
0.32108800,0.09000325
0.47887373,0.12449611
0.31288708,0.08976045
0.32295555,0.09386438
0.39410764,0.11117349
0.43428608,0.14695529
0.43708815,0.09444797
0.36158928,0.10344625
0.40809813,0.13492638
0.35098815,0.07520162
0.36058963,0.08828762
0.40088142,0.12091196
0.34367504,0.11216872
0.47640348,0.10557329
0.39221862,0.08505934
0.58563262,0.12993334
0.40952164,0.08287751
0.44480220,0.13125388
0.34007161,0.09487474
0.48096215,0.14943502
0.55625692,0.17505348
0.36574312,0.10665005
0.32967029,0.08937899
0.40989502,0.13531575
0.40167936,0.13093826
0.43984980,0.14335847
0.47300375,0.15350358
0.45645295,0.11438892
0.37116060,0.10768960
0.41279154,0.09335969
0.35243061,0.08747038
0.33592064,0.11371356
0.35251590,0.08961668
0.39537048,0.09972025
0.37970811,0.10776105
0.35142256,0.07723895
0.35698820,0.11986812
0.48839962,0.09880868
0.47575069,0.14012189
0.37951330,0.12558932
0.37664530,0.09609033
0.43371533,0.15171039
0.34269274,0.09924910
0.50524299,0.14795452
0.44101232,0.11650754
0.36603900,0.11281690
0.44399050,0.12621383
0.49169429,0.14364044
0.33024035,0.10142158
0.41220000,0.12780306
0.46448802,0.10666742
0.30452076,0.07205078
0.45663726,0.10715475
0.41800745,0.11606270
0.45203568,0.12669737
0.46329641,0.12368539
0.39946671,0.11862258
0.37058781,0.11945682
0.49567585,0.16183132
0.40437456,0.11079174
0.31432611,0.08091551
0.46010809,0.13686672
0.46367958,0.13258092
0.30191069,0.07559540
0.49332021,0.13397827
0.49289601,0.14539595
0.45783714,0.11883285
0.46214557,0.15262294
0.38272320,0.11013241
0.39351803,0.11172191
0.47005704,0.08887557
0.45541297,0.15300359
0.44818401,0.10773744
0.36507365,0.08522784
0.41473275,0.08316394
0.53308976,0.14949364
0.50972424,0.13370474
0.34559896,0.11275193
0.42653055,0.12083223
0.55217472,0.14142412
0.34977041,0.12406016
0.33516745,0.11565818
0.37456895,0.13071567
0.39605523,0.09625344
0.51692589,0.16937443
0.49070130,0.12037486
0.32308704,0.07989753
0.47994549,0.12993156
0.55974886,0.18093617
0.32360933,0.09898512
0.31826033,0.08561742
0.46608843,0.10244057
0.44693032,0.14254739
0.47164932,0.11357149
0.40949329,0.09704444
0.38069582,0.09245139
0.60218663,0.18370070
0.45570216,0.12507436
0.42885550,0.11280994
0.44870411,0.11252909
0.39370325,0.10589857
0.45733583,0.16063945
0.44693155,0.13855680
0.33496768,0.08669941
0.40761675,0.09837423
0.42159205,0.11876090
0.31239047,0.07830965
0.46140672,0.14720210
0.57137542,0.17177373
0.37888806,0.07763376
0.37245967,0.10809238
0.45213977,0.14306576
0.42774266,0.10555257
0.39531862,0.10853344
0.32059447,0.07278282
0.34209863,0.09676463
0.59603418,0.16572973
0.44766145,0.12241028
0.50658255,0.11036974
0.38312073,0.11398031
0.54623664,0.15335816
0.49816238,0.13555548
0.60159432,0.15997768
0.32833070,0.10662121
0.44456412,0.11441186
0.42913837,0.13243350
0.41094871,0.11962610
0.62442878,0.19464146
0.31044734,0.09026472
0.34711353,0.09682658
0.39069580,0.11928160
0.53344319,0.14499615
0.45420919,0.18093662
0.37869409,0.11563086
0.26963061,0.08068827
0.50727672,0.12671775
0.63947935,0.14890952
0.40440830,0.12125607
0.45761759,0.12955160
0.61169917,0.16391807
0.49585930,0.11604919
0.55849782,0.16814315
0.51134517,0.13241883
0.37705823,0.13346972
0.42513971,0.09953164
0.37010971,0.12810870
0.40289957,0.09248169
0.40664696,0.09584131
0.43327852,0.15159223
0.45670191,0.15343261
0.37928381,0.11756938
0.39622496,0.11699978
0.46880745,0.13801905
0.40848387,0.11103953
0.40356750,0.07985830
0.42351157,0.13712927
0.45321511,0.09764759
0.46121668,0.14008539
0.45146444,0.10644716
0.36014357,0.08566357
0.42044688,0.11496657
0.45975533,0.14282184
0.41998981,0.10184661
0.41242601,0.12830336
0.42022161,0.12667880
0.49960762,0.12367795
0.41569398,0.09545222
0.49912654,0.12897317
0.32811430,0.08726613
0.51546829,0.13244204
0.37702252,0.10589047
0.32590538,0.08785796
0.35494466,0.10871255
0.35913896,0.09344848
0.47259111,0.10153535
0.60487879,0.17023027
0.40006039,0.10134875
0.34700947,0.09807322
0.56764478,0.12815622
0.41343286,0.11880176
0.53980455,0.16168047
0.45128743,0.10572845
0.29276419,0.07526541
0.41256151,0.12843765
0.40122735,0.10447219
0.33764576,0.06954038
0.30073019,0.08144605
0.46391075,0.12091729
0.41144374,0.08537347
0.43443321,0.09523796
0.43085876,0.13204187
0.48128478,0.14746841
0.40243955,0.11127695
0.55503155,0.13301419
0.38663247,0.09877452
0.36835814,0.12981660
0.39336664,0.11021685
0.35529586,0.08609266
0.48874183,0.15633049
0.38778733,0.12016499
0.42118476,0.13716313
0.36805721,0.09185241
0.41452250,0.10540333
0.47012284,0.12130607
0.54215584,0.17724522
0.49388903,0.14463738
0.44470796,0.11797851
0.43735826,0.13827322
0.48046642,0.11246850
0.45787854,0.12360472
0.29193559,0.07055249
0.56195482,0.15333259
0.37352854,0.08911844
0.36519101,0.11091790
0.34932493,0.10211052
0.37260311,0.08051584
0.52241105,0.14247352
0.34546948,0.08375430
0.44648596,0.10246887
0.39696294,0.09337584
0.33716436,0.08539032
0.40516989,0.09890656
0.35723346,0.11784988
0.55303087,0.15503160
0.45347449,0.12833772
0.41584645,0.11828573
0.48993538,0.14584036
0.39508840,0.12401019
0.38308191,0.09006361
0.36740793,0.11674331
0.31283158,0.08063695
0.44969322,0.11217906
0.43386566,0.10813915
0.42278576,0.10544389
0.34547301,0.09075030
0.39308917,0.08702078
0.42476495,0.12407161
0.45383445,0.13246799
0.42042067,0.10847782
0.45530307,0.09834083
0.46875009,0.12667316
0.34220711,0.11378411
0.47047376,0.15539720
0.45614670,0.15049145
0.50360207,0.13101371
0.53662110,0.14485430
0.40828324,0.12471395
0.52390314,0.12514753
0.54230783,0.13877467
0.43891441,0.12927526
0.40119409,0.11184089
0.40913693,0.10026173
0.40506319,0.12184064
0.47623895,0.10687001
0.48252234,0.09678693
0.31297587,0.06766689
0.50717999,0.12175880
0.49541854,0.15648071
0.38830212,0.11641230
0.35349935,0.10055173
0.31618993,0.08295285
0.34376009,0.08717143
0.39409433,0.11253949
0.42790667,0.13727629
0.41738983,0.09389592
0.40731496,0.12386379
0.38394513,0.11063853
0.33577321,0.10281668
0.33151058,0.07581597
0.51099989,0.16833251
0.34559589,0.08181053
0.42620987,0.13632486
0.50032825,0.13418977
0.42872460,0.09376643
0.39180030,0.12107765
0.32992593,0.10286951
0.45244577,0.11310855
0.51410868,0.16317577
0.48792388,0.13565444
0.38486743,0.11425308
0.39240270,0.11110349
0.43314393,0.13568208
0.41266001,0.09018508
0.44367562,0.11074901
0.62858619,0.14799144
0.39499030,0.13839559
0.37617565,0.11008928
0.48125302,0.13466120
0.35220871,0.07893437
0.50420834,0.12352989
0.39260884,0.08669720
0.50217293,0.15194674
0.44195415,0.14888349
0.54755868,0.15782715
0.38146527,0.08653841
0.53719423,0.15623583
0.56301409,0.15892457
0.39772741,0.09264830
0.40207694,0.10121037
0.42569723,0.10105315
0.36885913,0.08764493
0.41274561,0.10069831
0.58359711,0.16859319
0.38407727,0.09927766
0.43016345,0.12881459
0.61409894,0.15300909
0.33478365,0.10592896
0.45512427,0.10890886
0.55603769,0.13762219
0.42360752,0.11927042
0.33690688,0.06739439
0.36492753,0.13309946
0.41078361,0.13018649
0.41363386,0.11963549
0.41093395,0.12954808
0.43032728,0.12234025
0.37840622,0.10030868
0.44502376,0.13572452
0.38233255,0.09375633
0.43903138,0.10489409
0.36984483,0.09522448
0.47694528,0.13247815
0.41799331,0.10385423
0.34170156,0.09469935
0.40949070,0.08869774
0.38037852,0.09447205
0.39840383,0.08645671
0.43581072,0.11774283
0.41688364,0.10789575
0.35511514,0.11377279
0.35666821,0.07599746
0.36932991,0.09305342
0.55622831,0.15380837
0.40724940,0.06782185
0.35706146,0.09593537
0.49299887,0.13181317
0.46452438,0.12397751
0.32557687,0.09669296
0.63901396,0.16805268
0.50050990,0.11367191
0.59992162,0.18274871
0.40439477,0.11301270
0.39243513,0.08362812
0.45960369,0.12243476
0.39159320,0.11001108
0.44228960,0.10432448
0.37359535,0.10334368
0.36887389,0.09320009
0.40904711,0.12134147
0.42890117,0.09938198
0.56178644,0.13538410
0.36868210,0.07666448
0.37364267,0.10666550
0.52211725,0.15794513
0.45610972,0.09522206
0.40817997,0.09202215
0.35611049,0.09560368
0.55477110,0.14219211
0.42819499,0.10335494
0.35400842,0.07475128
0.28600211,0.10013084
0.47500067,0.12166289
0.46313251,0.11137431
0.50516386,0.13092572
0.33687767,0.07931078
0.38908070,0.09678581
0.38381496,0.10287421
0.41754337,0.10964082
0.34942960,0.09590618
0.39527648,0.09922709
0.48864162,0.13094285
0.37021895,0.09814501
0.45616187,0.12028955
0.52210910,0.11819628
0.40217374,0.09087070
0.40797948,0.09868999
0.46041776,0.13088190
0.40525426,0.13525348
0.57635744,0.14575211
0.40439088,0.10557076
0.59132273,0.16619965
0.38470701,0.11463919
0.44500045,0.10669744
0.32717567,0.06823488
0.34327933,0.12286351
0.37054634,0.11510397
0.39896999,0.10011485
0.38695081,0.08060294
0.45854336,0.11000898
0.53669060,0.15072840
0.50045841,0.13701495
0.44273773,0.13140060
0.58494208,0.18573557
0.55837060,0.13817015
0.29405598,0.07407474
0.31518281,0.09046819
0.35558100,0.07709069
0.31056569,0.07980816
0.30157878,0.07863811
0.41173121,0.12434672
0.42132693,0.08684520
0.42189871,0.11493133
0.41953754,0.11498584
0.43259930,0.10377578
0.46275737,0.13880246
0.52608135,0.13111559
0.51957202,0.12889859
0.41659745,0.13629830
0.43215165,0.12389244
0.37354213,0.14149183
0.51433793,0.10384527
0.39838125,0.11009650
0.41893094,0.11209428
0.32223163,0.07677180
0.36187513,0.09528411
0.42370795,0.13928081
0.39039986,0.08889427
0.45096923,0.15476994
0.43784190,0.09548729
0.48187567,0.12158716
0.43958819,0.13090698
0.35044545,0.09250973
0.50767589,0.12028390
0.33247131,0.09910773
0.52525107,0.14891958
0.51978623,0.14411414
0.40526547,0.10866241
0.54641079,0.18678780
0.35802030,0.11532069
0.41754127,0.12473986
0.35308505,0.08993637
0.44084037,0.12227105
0.42309172,0.09071498
0.53455273,0.15198169
0.37041512,0.11633263
0.46859761,0.15060520
0.43310373,0.13112962
0.39635759,0.11082734
0.53143550,0.16020489
0.35205237,0.07437415
0.50695066,0.15092307
0.30084877,0.08959180
0.42829523,0.13065762
0.43450445,0.13552355
0.42554790,0.08158485
0.41578729,0.10514717
0.47841064,0.13917734
0.40099648,0.12494676
0.56600560,0.12274405
0.47139647,0.10486376
0.47336476,0.11835169
0.49433674,0.12664569
0.43792355,0.13167511
0.40425341,0.13108605
0.46532558,0.12153049
0.43521477,0.12793091
0.41177885,0.12851583
0.31021013,0.07091576
0.47246611,0.15648529
0.36797852,0.11226152
0.32470407,0.11602498
0.41375261,0.14380358
0.37381314,0.10461625
0.53861842,0.12964086
0.43469389,0.10528942
0.47046239,0.16201933
0.48738632,0.11736098
0.49695025,0.11627566
0.49143249,0.15521192
0.43432312,0.13352041
0.49548018,0.13931314
0.42123932,0.08763601
0.37928284,0.10007853
0.36358659,0.07606956
0.34952642,0.07876157
0.41422649,0.10933207
0.53723591,0.17121765
0.42722947,0.10909774
0.55802727,0.14335240
0.44343352,0.11668220
0.45286515,0.15314651
0.30146776,0.07443605
0.35785377,0.08374170
0.48763626,0.12610017
0.43029890,0.11252140
0.35146336,0.09508249
0.35276685,0.11401296
0.53514596,0.13160432
0.39938312,0.09506878
0.47216311,0.14291466
0.34163044,0.07230173
0.35532292,0.09795009
0.47824814,0.13988725
0.47078521,0.15477579
0.42468474,0.09886499
0.40978497,0.09272168
0.49497419,0.13609380
0.31125522,0.09079724
0.39313338,0.12080962
0.51205491,0.14428710
0.44203822,0.10605193
0.42527840,0.11399303
0.34160737,0.10035421
0.38336088,0.11293313
0.52817367,0.17822230
0.38103206,0.12215707
0.42450928,0.09526861
0.30229616,0.09849567
0.44996629,0.12515002
0.50335882,0.11756806
0.35505852,0.10440144
0.43517870,0.11672372
0.41865539,0.09860836
0.48157160,0.12377684
0.49306654,0.17243333
0.51208118,0.16756720
0.55978556,0.15192171
0.49783411,0.16815512
0.49423018,0.13329132
0.52564373,0.14714492
0.43377280,0.12541686
0.36760851,0.10103931
0.47335076,0.12391842
0.53083983,0.15700005
0.33696424,0.10713937
0.72161263,0.20314028
0.44369314,0.12324427
0.48272289,0.14199690
0.43020191,0.13870769
0.38748083,0.09201204
0.42458861,0.11119718
0.33634675,0.10799104
0.44548155,0.11711609
0.38211185,0.07915383
0.34081977,0.11509135
0.43092278,0.11497944
0.30387961,0.07406530
0.39815655,0.10600695
0.50940508,0.13186645
0.50782174,0.16946546
0.48809656,0.15058993
0.48152076,0.12613895
0.39522974,0.08490741
0.34595662,0.10314105
0.38061389,0.11838794
0.38618884,0.09826166
0.45013856,0.10948145
0.33623543,0.10917986
0.32540175,0.07495204
0.33328078,0.08509585
0.52284751,0.15294374
0.60759899,0.15963466
0.41974150,0.12952942
0.37958507,0.12231705
0.38967003,0.07829397
0.33252837,0.10091614
0.36651601,0.10770027
0.56106579,0.16438233
0.38972684,0.10838520
0.40780692,0.12600171
0.41491172,0.12418755
0.44214539,0.10296622
0.45636022,0.11524455
0.32707502,0.08277660
0.35470975,0.07762044
0.43200239,0.13930805
0.36573427,0.08088291
0.45913867,0.12734855
0.44089839,0.08763641
0.44878909,0.11507885
0.38353020,0.09205258
0.36436614,0.10115879
0.48616765,0.12770983
0.40963189,0.09075892
0.60959349,0.18799774
0.46212252,0.10074653
0.42989276,0.11383552
0.52259457,0.13916414
0.49706090,0.11648965
0.40667276,0.13125106
0.50749253,0.12876886
0.55110995,0.17285908
0.53677064,0.15162076
0.51940535,0.15430887
0.36262203,0.12336275
0.37631820,0.11075746
0.46645714,0.09992482
0.36865328,0.09503844
0.34663951,0.11828404
0.45569388,0.11107497
0.43640972,0.09376667
0.42942709,0.11244859
0.49688224,0.12999750
0.44053766,0.11768032
0.41125568,0.10635061
0.57981789,0.16048013
0.31226572,0.10856490
0.63472809,0.16970589
0.40607262,0.12381190
0.48541213,0.14534511
0.43609652,0.10883814
0.57605499,0.16282543
0.59342848,0.13731443
0.43133641,0.11096704
0.53132932,0.12465753
0.37270893,0.10463501
0.33348146,0.10016986
0.46104607,0.10987107
0.42531571,0.12926286
0.53275044,0.16505186
0.40324612,0.11809813
0.47006397,0.11314099
0.47661101,0.11995281
0.43036797,0.09396778
0.50218936,0.12661480
0.45148617,0.10215315
0.52973624,0.17916711
0.38391593,0.08342298
0.43622409,0.10608860
0.44836340,0.11699692
0.40382264,0.14507759
0.40851417,0.10565151
0.37318125,0.08873778
0.42625572,0.12887381
0.35500495,0.08541839
0.37723099,0.11080478
0.47660699,0.09542512
0.35113435,0.08724227
0.36121826,0.07475880
0.46230852,0.12735423
0.48814568,0.10795798
0.44532873,0.12676725
0.39886943,0.11823177
0.32989678,0.08829315
0.36648977,0.08977993
0.53349247,0.16150734
0.35949553,0.10576315
0.51546482,0.12231456
0.37735703,0.10043798
0.42268367,0.10580474
0.45649898,0.12858578
0.50172222,0.13411549
0.41378507,0.08654042
0.37523981,0.09799012
0.46139483,0.13462910
0.47053094,0.14346401
0.34531227,0.08657421
0.44052031,0.14965413
0.49634297,0.10430184
0.47308736,0.12079003
0.48198748,0.15001841
0.54790760,0.16712583
0.40650218,0.12341642
0.41879504,0.11832344
0.33840092,0.09062822
0.65902863,0.17970846
0.46994435,0.12497597
0.32048476,0.10392012
0.44966418,0.12752442
0.40097938,0.07777737
0.40449421,0.11776592
0.44531052,0.11549439
0.39887056,0.14330729
0.29164624,0.08342433
0.30086559,0.09427303
0.41890446,0.13402396
0.32793771,0.08894739
0.35254278,0.07695851
0.44145597,0.08980355
0.47614283,0.15404139
0.54542680,0.13969048
0.42737604,0.14305130
0.35791554,0.09704062
0.31190674,0.08297066
0.38442885,0.12958266
0.34015969,0.09192896
0.38406588,0.10627608
0.36475723,0.09401906
0.39154280,0.13463502
0.45535443,0.12470076
0.48156861,0.13963115
0.40590593,0.13138468
0.47700086,0.10836380
0.38309416,0.12992083
0.39901219,0.07937923
0.46118648,0.13899262
0.40074510,0.11086290
0.41757222,0.12945134
0.42710820,0.13526602
0.36920286,0.10847105
0.52088385,0.11686357
0.42402459,0.09588427
0.36785724,0.12100526
0.32709583,0.07578951
0.43738964,0.11948810
0.35081463,0.09519508
0.53842218,0.13627717
0.32651844,0.10482097
0.42456964,0.10650505
0.45031131,0.13700690
0.47111641,0.12833815
0.44100560,0.12921856
0.52059589,0.13314340
0.40892738,0.13237107
0.36024339,0.09177026
0.46215584,0.13882204
0.34822260,0.09283143
0.44217177,0.09069367
0.35172218,0.08496624
0.39865838,0.10333298
0.50542980,0.10989654
0.42788162,0.12858196
0.46131949,0.10508357
0.41475794,0.10104988
0.44728909,0.13390824
0.43194284,0.12564590
0.54969706,0.15239482
0.39934452,0.09470167
0.33981586,0.10682405
0.52314465,0.10665602
0.41311269,0.09370079
0.38962597,0.08528098
0.39590702,0.11799416
0.35801642,0.07993502
0.42906189,0.10510132
0.50502936,0.13606548
0.61679757,0.16844594
0.60523451,0.16554228
0.34505007,0.10025659
0.55056292,0.14945423
0.44729452,0.14644978
0.40750116,0.09086726
0.43306542,0.12365170
0.35179654,0.10519298
0.41555709,0.07957165
0.39614821,0.10705602
0.55563347,0.14987412
0.46564714,0.13631230
0.37773127,0.12655552
0.45862060,0.10288940
0.39517159,0.13029436
0.33004665,0.08883140
0.50254642,0.12720845
0.52238493,0.13291350
0.39018040,0.09092246
0.42273005,0.11027508
0.36432576,0.10054061
0.43690318,0.11062092
0.37576144,0.09970386
0.32648170,0.10082238
0.38619891,0.09891160
0.38612776,0.09612020
0.34643164,0.14118846
0.40671831,0.13184210
0.37269370,0.12623891
0.42733058,0.10650600
0.47432873,0.10148287
0.37198438,0.11429055
0.26520313,0.06816924
0.38950064,0.08702073
0.52269821,0.12843589
0.46245472,0.11657542
0.44985553,0.15581081
0.38008618,0.09140676
0.46935674,0.16560191
0.47602739,0.13668267
0.48606418,0.10163416
0.35048265,0.10162132
0.29541273,0.09094343
0.53601499,0.15666502
0.38464192,0.09124580
0.61692396,0.16206501
0.35860150,0.09755801
0.45892497,0.09460365
0.29449916,0.09045666
0.42274539,0.12635882
0.52706102,0.12539410
0.32413893,0.11594620
0.39958101,0.08450718
0.40912975,0.11157508
0.50832262,0.16549259
0.41006496,0.13644159
0.45227124,0.14309018
0.39158955,0.12948640
0.50350946,0.16045688
0.36964488,0.10093867
0.52370131,0.12757887
0.43432601,0.09109421
0.46399478,0.13799021
0.43442290,0.13061885
0.42623052,0.11056322
0.47962947,0.15160094
0.44929238,0.12311441
0.46348861,0.12086951
0.30344321,0.06790454
0.41643489,0.10373588
0.48198267,0.13083329
0.40142154,0.07773622
0.44835576,0.12252038
0.40484526,0.11568058
0.53771176,0.12791146
0.40140303,0.11404960
0.49476099,0.15992163
0.38293600,0.08087708
0.39037093,0.10203819
0.36716181,0.10116082
0.39508339,0.10745009
0.37476341,0.13394808
0.46727364,0.15772492
0.46211447,0.11857759
0.38731979,0.09608561
0.35861102,0.07788693
0.52689124,0.12855173
0.50429125,0.13991521
0.47968221,0.14528187
0.45706805,0.12728500
0.58831923,0.16063593
0.50997150,0.09995473
0.41696039,0.09613700
0.43895601,0.14426772
0.41299590,0.11363075
0.33691520,0.06880207
0.47624149,0.12762117
0.40144657,0.09261489
0.36987538,0.08353290
0.30393020,0.09207530
0.36248629,0.10364106
0.40874241,0.12331315
0.53650988,0.15982918
0.50879241,0.13636171
0.51994320,0.13164016
0.35500005,0.09980574
0.46335885,0.12863539
0.45433157,0.11440954
0.38308739,0.12653688
0.46179628,0.10989486
0.43345681,0.12686872
0.46323192,0.15043633
0.43599327,0.13530322
0.35151626,0.11518671
0.59712133,0.15942302
0.37510859,0.11257597
0.46354433,0.11163752
0.43910080,0.11660662
0.46838202,0.13602446
0.42482357,0.12451513
0.36467712,0.08719640
0.45063992,0.11188964
0.40283717,0.10152072
0.42687098,0.12826485
0.34863085,0.10025487
0.52079439,0.13877811
0.31474968,0.08924147
0.46388989,0.11602211
0.37380015,0.08857963
0.32990138,0.09999929
0.57631969,0.16271053
0.35100183,0.11180677
0.53856162,0.13029907
0.46276265,0.13591972
0.56270409,0.17984901
0.45920449,0.10648906
0.46636573,0.14098128
0.36719051,0.10087249
0.46382313,0.10424576
0.30451667,0.08371899
0.44820436,0.11072395
0.47897291,0.11127891
0.41262295,0.11933154
0.34588228,0.09330311
0.31195541,0.11138963
0.36757950,0.09169957
0.45904281,0.10125617
0.39831223,0.13507539
0.51770093,0.15254392
0.45133632,0.08904751
0.48532159,0.12669228
0.35893801,0.13077392
0.29572343,0.08538209
0.46594379,0.11997959
0.52536738,0.13581119
0.35687168,0.08842409
0.45507952,0.13366782
0.43670945,0.11056854
0.51217707,0.15369000
0.52606037,0.17570294
0.36581404,0.09280725
0.38945707,0.09503976
0.41395062,0.11497518
0.47086470,0.14590641
0.36246956,0.08469328
0.35320093,0.08827210
0.32575898,0.10458986
0.31746828,0.07549728
0.33773492,0.08805269
0.34066201,0.08240322
0.42022100,0.10451659
0.35259273,0.08830254
0.31830139,0.08319895
0.42341991,0.13151663
0.53135103,0.14485049
0.36940242,0.07988898
0.37581017,0.08708859
0.40580884,0.12837815
0.36613108,0.09769502
0.34926123,0.09188484
0.50232150,0.14857809
0.43768761,0.12319830
0.42908647,0.10909328
0.41232728,0.09839186
0.47198965,0.14457178
0.40161553,0.08577398
0.55241560,0.18366986
0.38968147,0.07250969
0.64142539,0.17843594
0.38532419,0.12332700
0.32296930,0.07997181
0.48801236,0.12076623
0.40050770,0.08620030
0.37782576,0.12258503
0.34355140,0.10870592
0.33702094,0.10523042
0.45254885,0.11047785
0.31883417,0.07751669
0.40693266,0.12655321
0.49800070,0.13720254
0.27892687,0.09142648
0.44013252,0.09297312
0.44610105,0.12276109
0.46103872,0.11069623
0.33452885,0.08606223
0.37554755,0.09516921
0.48997481,0.12783977
0.39134959,0.12651422
0.35677593,0.12785288
0.40855815,0.11995576
0.31251727,0.07096769
0.46992737,0.13554320
0.41839851,0.12373437
0.43769557,0.10515457
0.50420536,0.13328628
0.43338449,0.11714202
0.54970986,0.14182124
0.36480086,0.08388769
0.42803294,0.09573323
0.50084905,0.12169903
0.42013649,0.13092708
0.44495903,0.10342738
0.34449862,0.08792663
0.40639932,0.11633496
0.44936359,0.12913647
0.37396988,0.10047112
0.45036073,0.09311737
0.49880015,0.15885316
0.43130509,0.11871797
0.44038507,0.11045852
0.49380125,0.11803070
0.38128313,0.10219516
0.39166133,0.11502945
0.49577105,0.10896195
0.46859163,0.14864944
0.33941531,0.08382887
0.38424191,0.12130428
0.31471462,0.08801577
0.53071221,0.12465259
0.40038213,0.10934842
0.36890835,0.08947802
0.44276313,0.11759510
0.41477633,0.12516376
0.44328281,0.14417377
0.45855960,0.15275657
0.36005975,0.12433015
0.39539991,0.10057011
0.42589408,0.14344277
0.37661469,0.10811124
0.57542339,0.14025693
0.34198416,0.11105371
0.40831905,0.13222231
0.52662880,0.15157690
0.44808774,0.11175476
0.42979120,0.08893980
0.39085504,0.09021096
0.38654663,0.10321603
0.33029720,0.10586272
0.35291488,0.09152753
0.34492498,0.11626200
0.49431727,0.11925333
0.46673054,0.13558452
0.32151004,0.10582365
0.43967988,0.12329774
0.38356999,0.13637829
0.41530584,0.13986443
0.38638445,0.08885827
0.44613358,0.14796842
0.44486140,0.12034473
0.50023332,0.12224117
0.30698492,0.10854217
0.53621941,0.16380660
0.62397224,0.20395005
0.44801114,0.10464367
0.42051802,0.12339598
0.41506166,0.11146981
0.42717791,0.12398365
0.45487908,0.11629245
0.41461052,0.10835093
0.31250801,0.10901483
0.42018635,0.11147399
0.49277902,0.16619887
0.44755847,0.14169696
0.32628088,0.09702670
0.50080625,0.11627646
0.51811836,0.17874617
0.56840466,0.19759285
0.41188909,0.11676830
0.63729156,0.14907216
0.41173178,0.10617711
0.38243720,0.13124816
0.47652811,0.11745809
0.42859321,0.13759558
0.33414381,0.08032791
0.46318961,0.12876550
0.58509290,0.18996162
0.35552781,0.08709943
0.38028058,0.11617695
0.36994007,0.12102578
0.42843380,0.10127607
0.29092757,0.07468259
0.46092200,0.12119194
0.44064391,0.14730611
0.46187044,0.12134707
0.38086766,0.11096098
0.43373682,0.11009815
0.29777758,0.08495514
0.49354008,0.13343398
0.40125238,0.09316623
0.52688554,0.14886440
0.33752196,0.08884353
0.38218162,0.10835998
0.57494438,0.15085137
0.43086977,0.14066515
0.37149641,0.07185403
0.46381033,0.12913228
0.43574500,0.08840880
0.38196622,0.09468950
0.42800983,0.09426817
0.45619916,0.12272971
0.36490393,0.08332317
0.40579460,0.10785870
0.55886461,0.12012551
0.40773499,0.08431492
0.37960360,0.10476090
0.51274246,0.16784613
0.40593681,0.10537385
0.46492812,0.14764506
0.36124475,0.11225888
0.35885787,0.09873853
0.50102881,0.13902429
0.40873523,0.12745731
0.45773083,0.12244225
0.47825383,0.11852715
0.39891868,0.09254255
0.37131331,0.10309789
0.39118103,0.12533529
0.28888178,0.07359294
0.46443414,0.16531464
0.38746539,0.11745967
0.42583406,0.12730054
0.37846367,0.12623372
0.36045478,0.09270705
0.36497197,0.08247205
0.39037827,0.08833278
0.34282157,0.11031947
0.44358808,0.13322401
0.45130590,0.11875754
0.44712672,0.14534590
0.43576045,0.12167634
0.44321320,0.14475337
0.48556282,0.13015810
0.40779335,0.10228831
0.53788531,0.13034654
0.46753435,0.11712905
0.39368959,0.09570642
0.41491832,0.11092672
0.37508780,0.11034960
0.57716717,0.14527971
0.54064114,0.17383574
0.45425168,0.12318442
0.54142775,0.16833455
0.37475536,0.12115374
0.37092086,0.12925460
0.45033811,0.09672331
0.44084953,0.09907349
0.36615932,0.10206594
0.27055391,0.07327630
0.45767976,0.13427397
0.33294644,0.12108774
0.34003932,0.08230987
0.48297230,0.12300243
0.36520359,0.12758215
0.55790014,0.15866810
0.50892641,0.13585607
0.40592429,0.12359709
0.39394419,0.14014333
0.48065749,0.12278984
0.46983836,0.15944198
0.38117159,0.10555973
0.51988698,0.14547229
0.31321621,0.08532003
0.48632725,0.14397694
0.55000449,0.14733816
0.28428768,0.06421350
0.28902712,0.06598998
0.38890721,0.09810032
0.54075724,0.14061429
0.44994266,0.12519668
0.46887960,0.10241014
0.48047200,0.11763687
0.36006720,0.07069602
0.29354571,0.06994897
0.46691069,0.14711079
0.39335789,0.09826986
0.31295139,0.08603607
0.43551934,0.12854696
0.52139966,0.15875905
0.56859538,0.13543635
0.39619125,0.09414684
0.52519954,0.14714403
0.50902718,0.12629473
0.33821928,0.07994961
0.45698355,0.11937834
0.38795257,0.11472649
0.32629746,0.08082307
0.44514229,0.14939280
0.35397922,0.09758846
0.46705665,0.13381854
0.47930251,0.14600907
0.52858892,0.13108886
0.32967077,0.10822131
0.42121067,0.14728282
0.56961255,0.15661165
0.54158866,0.14216737
0.40649304,0.08824652
0.36637111,0.07997685
0.44852059,0.15237597
0.55225526,0.15999756
0.35401284,0.10543161
0.39625093,0.08884375
0.49158165,0.13861775
0.37279260,0.09534432
0.36110702,0.10739258
0.36430448,0.08345067
0.39816613,0.12012149
0.41014926,0.09388772
0.51304939,0.14377958
0.39823029,0.09669093
0.52698260,0.17271788
0.29545592,0.08927763
0.54534405,0.11777032
0.47156966,0.14605114
0.31851711,0.09669962
0.59400060,0.14139008
0.34283799,0.07381660
0.41446085,0.13865611
0.43280105,0.09249019
0.45162319,0.12519444
0.44588175,0.17237560
0.57195129,0.11936903
0.43436966,0.12602909
0.41573690,0.13075743
0.42433590,0.12167001
0.40741320,0.11905133
0.61923502,0.17437696
0.40233378,0.09878252
0.51781864,0.11741614
0.37624338,0.10397181
0.43969492,0.10691568
0.33619152,0.09874034
0.34721818,0.09907822
0.44404037,0.13228285
0.39665391,0.14461558
0.35138961,0.11449356
0.46568011,0.14614552
0.44474083,0.12374028
0.44748145,0.10964223
0.39324070,0.11668849
0.50946254,0.13243469
0.51250555,0.16256131
0.41313239,0.10715249
0.36904133,0.09098423
0.47883560,0.12413667
0.36122990,0.09239656
0.47301415,0.14773640
0.38100414,0.11808935
0.36623586,0.07968595
0.34674204,0.08265403
0.31892977,0.09197391
0.43532785,0.14627836
0.34716214,0.07004697
0.31259699,0.08857710
0.36710617,0.10103729
0.54265902,0.16335576
0.42596756,0.12160392
0.38704603,0.13992541
0.47619506,0.13569902
0.44125735,0.12326713
0.41787339,0.10529467
0.42144526,0.09375713
0.48514159,0.11661324
0.40308648,0.09012465
0.37697795,0.13861034
0.38372766,0.12879554
0.41501681,0.10471526
0.32825825,0.07929927
0.33703270,0.08319438
0.42893335,0.09820481
0.37799928,0.10135260
0.48760216,0.14868230
0.31210616,0.07105270
0.37002035,0.09981936
0.36293201,0.07490370
0.43143478,0.15774559
0.44610788,0.09800574
0.33314477,0.10021218
0.43712970,0.12884848
0.37828902,0.09866642
0.52796603,0.17193896
0.36852216,0.11170403
0.42799380,0.10446786
0.34554692,0.11398545
0.42978462,0.11786590
0.50394798,0.11181927
0.38123119,0.12205482
0.46243403,0.15235931
0.40591299,0.13109463
0.47234362,0.13023892
0.49481762,0.14836937
0.35467123,0.08681447
0.48776814,0.14577507
0.53205895,0.17408542
0.42787057,0.09220816
0.44942187,0.12362313
0.47910751,0.10003475
0.37064377,0.09805390
0.36186209,0.09870261
0.30460175,0.08104763
0.36303876,0.07016327
0.48983496,0.12335735
0.59606232,0.16476171
0.44704556,0.10146095
0.36710806,0.07341742
0.44696890,0.11290488
0.40519047,0.10720678
0.52921329,0.15507160
0.56312805,0.14215161
0.47904471,0.15416324
0.49995355,0.11886983
0.35979935,0.09780869
0.56580047,0.15436389
0.46347046,0.12594864
0.50390508,0.13056825
0.35948758,0.07924317
0.47376527,0.14179473
0.42131605,0.14226543
0.35674490,0.09263856
0.48251346,0.12976913
0.33491787,0.10838145
0.28707397,0.08901012
0.33864600,0.08704203
0.47355889,0.13727626
0.38538342,0.10407576
0.36192306,0.07894784
0.46277778,0.14795819
0.54627640,0.11385382
0.37801931,0.10859137
0.44497073,0.10598179
0.47727215,0.14761122
0.39109415,0.10628768
0.42851819,0.15156777
0.51598214,0.14052598
0.62197587,0.16353076
0.43485906,0.12744499
0.34669146,0.09418453
0.37624362,0.08798529
0.40642980,0.12592988
0.39519378,0.11245185
0.38990724,0.09453909
0.46604508,0.12467021
0.38155333,0.07882692
0.36502122,0.10947654
0.45703078,0.11631409
0.39342673,0.07482526
0.51628706,0.12880990
0.46423603,0.14235373
0.44199522,0.11823078
0.39629309,0.09238091
0.41596891,0.09817126
0.43290747,0.10903796
0.66725073,0.17733781
0.35557991,0.12193459
0.37851566,0.13931045
0.47815564,0.09672608
0.43540482,0.12090767
0.47344566,0.12867328
0.32306828,0.10093769
0.48746967,0.12056680
0.47632947,0.13960534
0.49607353,0.15119049
0.44294459,0.14472261
0.45928896,0.12715166
0.31909826,0.09246812
0.38784287,0.12449012
0.54196102,0.14024497
0.42578441,0.08856782
0.43097387,0.09641983
0.39257623,0.10217890
0.44470715,0.14377322
0.33096311,0.09207466
0.29109737,0.08337796
0.38292152,0.10081664
0.39983564,0.10471299
0.48999342,0.13380091
0.50125937,0.12854839
0.43782724,0.14429443
0.36610623,0.11177591
0.39448448,0.09285588
0.38066082,0.09979995
0.33351483,0.07736412
0.56146064,0.16588174
0.37786853,0.11375319
0.46662760,0.14222505
0.41396543,0.11243665
0.27922194,0.07025774
0.40824269,0.11988827
0.57398399,0.14453468
0.27545470,0.09015706
0.63386184,0.16595691
0.46021853,0.13874002
0.37678298,0.07780418
0.38855073,0.10169826
0.39619900,0.11344628
0.36115001,0.10637353
0.52552774,0.14741996
0.64932177,0.15570557
0.44129091,0.10110312
0.40302019,0.08656686
0.40215224,0.10165031
0.41993885,0.09869528
0.50848270,0.15021420
0.45540560,0.10138570
0.39921079,0.11789256
0.30497951,0.07315160
0.41600879,0.08894084
0.42056658,0.11092050
0.40216266,0.08371249
0.41136183,0.09305313
0.46506003,0.10830728
0.43508952,0.11283456
0.31878255,0.06922754
0.46167101,0.11390500
0.43921011,0.13809191
0.46763098,0.12452324
0.44242702,0.12583277
0.33475012,0.09771647
0.44305956,0.12276627
0.37169844,0.08940144
0.40482215,0.09965950
0.44742602,0.13184159
0.49218703,0.12687339
0.34761528,0.08230274
0.40169944,0.12543557
0.56305362,0.13271261
0.47653709,0.12219547
0.53793697,0.13554799
0.42955602,0.10036502
0.51413905,0.12465396
0.42899904,0.13185259
0.40230460,0.13461532
0.45256199,0.11655951
0.34150934,0.07601551
0.45073282,0.14787421
0.38628184,0.13516488
0.49488141,0.12212665
0.39364112,0.09618728
0.45682190,0.14277384
0.51028675,0.14157005
0.39271038,0.09155379
0.48059148,0.10929458
0.46329783,0.11489669
0.44634997,0.14312865
0.43185457,0.14101544
0.40143440,0.08773647
0.44700860,0.08224454
0.42433731,0.13083253
0.38262797,0.12490151
0.40085388,0.10687796
0.41029977,0.14385041
0.35490328,0.10159555
0.49796498,0.13412233
0.61437669,0.17491858
0.46645227,0.09492061
0.42369327,0.09075190
0.48922781,0.12277940
0.32385737,0.10336061
0.46442361,0.13482865
0.47385591,0.15023533
0.30698307,0.08147967
0.61154204,0.16167438
0.45783563,0.13063944
0.31943297,0.07156050
0.31835507,0.08714176
0.34072613,0.08378863
0.37509895,0.12149457
0.32526316,0.10063361
0.39808118,0.11096977
0.42854004,0.11301538
0.47352498,0.13404067
0.39661209,0.10532070
0.45209284,0.09479374
0.40644464,0.09048579
0.43302804,0.12734957
0.48320830,0.13666777
0.55195436,0.16526214
0.47708275,0.13610747
0.38406078,0.08536989
0.39449581,0.07755991
0.45641470,0.11046427
0.49093585,0.12320135
0.40936489,0.09703189
0.50693248,0.10961730
0.41943825,0.10810522
0.33238030,0.07075577
0.39923832,0.11791353
0.33448757,0.07558999
0.33961772,0.10646717
0.44445371,0.10420296
0.42480502,0.14791180
0.32865706,0.07723215
0.45492729,0.10348100
0.43348600,0.12157585
0.42474171,0.11084756
0.43625697,0.12146898
0.51227138,0.13362265
0.40377586,0.12209687
0.38205803,0.07828186
0.44092591,0.13600584
0.49982883,0.14225094
0.38194644,0.08100738
0.40371491,0.10802823
0.46478205,0.16078799
0.51021656,0.15069193
0.37228474,0.08750100
0.43225540,0.13537936
0.43385769,0.11115439
0.40952675,0.09649312
0.53969841,0.14658363
0.42851582,0.11497299
0.47233495,0.12682575
0.37888038,0.11940153
0.53965385,0.16451603
0.32656855,0.10321215
0.47182911,0.10851909
0.41493493,0.12238888
0.41462412,0.14172287
0.55400696,0.12274613
0.44351470,0.12542245
0.47792785,0.11400239
0.32069138,0.09559753
0.38416003,0.07851821
0.33719300,0.11192778
0.36175760,0.12746548
0.35888230,0.10789758
0.50258174,0.12961674
0.45025990,0.14551392
0.52701700,0.10069816
0.29833067,0.09830997
0.31931518,0.08113904
0.52089695,0.13924171
0.38113259,0.09431763
0.37058340,0.11113282
0.45847581,0.11057704
0.31741898,0.08324717
0.33374590,0.09030115
0.44472980,0.12405392
0.51027409,0.12190214
0.36867410,0.08128249
0.32804021,0.09948574
0.31981539,0.10200306
0.54680409,0.16412324
0.43013435,0.09902918
0.43954422,0.15318761
0.37933620,0.14508919
0.35075590,0.08570504
0.34685066,0.10532800
0.48373930,0.13299869
0.40996923,0.11740404
0.54971265,0.13370995
0.30090172,0.08990689
0.37776067,0.09382515
0.33387088,0.10108279
0.45504444,0.14315163
0.37636691,0.08488586
0.40829023,0.12488800
0.30923285,0.07048613
0.39139684,0.10364705
0.46826387,0.14091530
0.36816080,0.10351573
0.42009232,0.09150979
0.41427270,0.10668551
0.45077117,0.10281816
0.33062919,0.10807590
0.42985504,0.09114578
0.51022754,0.14292878
0.39757186,0.08809110
0.38328411,0.09486403
0.39664240,0.14135323
0.47025101,0.14225418
0.42896947,0.14347666
0.57511222,0.19839851
0.42493101,0.14251108
0.48163967,0.12492453
0.36382799,0.07389142
0.40045215,0.08509397
0.38228658,0.13376156
0.31368115,0.07411454
0.42328669,0.14026191
0.31315167,0.10226319
0.35826088,0.10264638
0.44377751,0.12643041
0.48217891,0.13606758
0.50246510,0.11766278
0.49977941,0.14519546
0.37398545,0.11500010
0.45557185,0.11492009
0.56189664,0.17299949
0.36724669,0.10620024
0.55250109,0.13164171
0.38176696,0.08308217
0.32617861,0.09568724
0.42586383,0.12162374
0.36916981,0.10539077
0.35581284,0.10511997
0.39299129,0.10175003
0.30535979,0.08556746
0.47047167,0.12809137
0.43591495,0.09895982
0.30607669,0.08255039
0.50218144,0.15257440
0.36331883,0.10479033
0.45529834,0.14328439
0.43651862,0.09643677
0.45662614,0.15047916
0.48335396,0.12518877
0.44674948,0.12923614
0.34666765,0.09548561
0.40841173,0.12811807
0.43064300,0.10727402
0.42539261,0.12509613
0.35852978,0.09713642
0.44297621,0.13261750
0.41067983,0.09517955
0.44647424,0.12484039
0.40298129,0.10843646
0.38646386,0.07958792
0.51830926,0.12934804
0.40831985,0.10670265
0.38945807,0.09897416
0.44773690,0.10161431
0.51360073,0.12592144
0.35114548,0.09949604
0.37367803,0.10068138
0.36814675,0.07591790
0.53903638,0.14313473
0.57279819,0.13358336
0.34574041,0.08225734
0.43301709,0.13014657
0.42842997,0.09651380
0.62277377,0.15693558
0.38699035,0.10774826
0.51773344,0.13980114
0.44887705,0.09146154
0.41817009,0.12217584
0.47335231,0.10770366
0.45615033,0.12120755
0.39569126,0.10532353
0.47813374,0.12016930
0.40864703,0.11480660
0.34900962,0.08379010
0.31966248,0.10857656
0.37634457,0.10988403
0.55481513,0.16242759
0.39908598,0.12026014
0.59559143,0.17408967
0.45212815,0.14540499
0.50391646,0.12087911
0.38107927,0.08969014
0.36122707,0.11456496
0.32121726,0.10906499
0.40152902,0.12540920
0.52531467,0.16350117
0.38067779,0.11529428
0.41204726,0.08923532
0.42550183,0.12273579
0.36486911,0.10452636
0.53878021,0.14298455
0.45443552,0.14770450
0.48268711,0.16676227
0.37521965,0.08618628
0.37332642,0.09192670
0.32830094,0.07521349
0.37082557,0.11370882
0.37576434,0.12307094
0.44907549,0.14105251
0.42501626,0.12841201
0.46187527,0.10761583
0.40783688,0.13610615
0.31071039,0.07606908
0.39361133,0.13077070
0.38167654,0.11039049
0.38583254,0.08895580
0.32362734,0.07272586
0.34605464,0.09830726
0.39614933,0.10851082
0.37569250,0.09156748
0.51354861,0.13349305
0.33406861,0.10628911
0.40396350,0.10302258
0.36275736,0.11254945
0.40767895,0.10139662
0.39999890,0.13249909
0.47778145,0.12434992
0.33538064,0.08956865
0.55049540,0.14943850
0.50558048,0.13339614
0.43000353,0.10161208
0.39842648,0.14029882
0.38324409,0.12947547
0.47153190,0.11066106
0.34143402,0.10696152
0.47090847,0.09387811
0.49991027,0.16066755
0.36711373,0.07633832
0.45669413,0.11616340
0.50522931,0.14442787
0.42383169,0.11819262
0.28456727,0.07106453
0.34746027,0.09274182
0.36746414,0.10357015
0.33925607,0.08175458
0.45848959,0.15491432
0.35948944,0.08956003
0.34485116,0.07230223
0.36560780,0.10794891
0.37761989,0.10119817
0.39657550,0.10625481
0.33252510,0.11577807
0.37897534,0.12108077
0.33850242,0.11918977
0.36487611,0.11254548
0.35684875,0.10341364
0.39459603,0.13668391
0.31825295,0.06728131
0.53299614,0.16395695
0.42606132,0.12893940
0.48017916,0.09451215
0.49770762,0.13979531
0.35302631,0.08306593
0.51994797,0.13476985
0.35730626,0.09396403
0.42152993,0.11685895
0.42573419,0.10992239
0.51079865,0.14229570
0.42628855,0.11148952
0.40732599,0.14514184
0.39769322,0.10245116
0.41468390,0.14616247
0.44499177,0.10980971
0.51362074,0.12742154
0.39890334,0.14239335
0.42256820,0.11127233
0.47065099,0.14887897
0.39137587,0.10588007
0.43576312,0.13232695
0.44428872,0.13103936
0.44669338,0.11776228
0.41314452,0.10867393
0.54177468,0.17360494
0.35839989,0.09290105
0.36909404,0.11880669
0.32633256,0.10347550
0.35777987,0.10248810
0.38777406,0.09059012
0.40154806,0.12129341
0.37435507,0.10917748
0.56337057,0.17985028
0.39759639,0.13030757
0.43743266,0.12825722
0.45127604,0.12774830
0.49527142,0.14849473
0.37825004,0.09512852
0.45084909,0.11301579
0.45723871,0.12792138
0.45250181,0.12261861
0.39638822,0.10892100
0.48052226,0.13177807
0.35819246,0.10357895
0.28841553,0.07400151
0.46104364,0.14819472
0.38605466,0.08162059
0.39531884,0.12223196
0.59434456,0.14977414
0.36896122,0.12210333
0.42868682,0.09572178
0.56611314,0.15316366
0.42865527,0.11473101
0.60336780,0.14097411
0.41841418,0.10354663
0.35091539,0.10678897
0.33856415,0.09171792
0.41533614,0.12468592
0.39623321,0.10413185
0.50383658,0.14380131
0.38525784,0.11240066
0.42337999,0.10364361
0.54685153,0.12358504
0.47724460,0.11729456
0.41883046,0.10623587
0.35481394,0.08717877
0.46986050,0.10618671
0.38672710,0.11247096
0.39361689,0.09694753
0.50337157,0.11281267
0.34755110,0.06891902
0.49492334,0.15140287
0.54668316,0.13443880
0.41026574,0.12581863
0.39544638,0.12477289
0.46988629,0.14423024
0.52035716,0.13924650
0.39731614,0.10217688
0.44505501,0.09750187
0.39080591,0.11522500
0.35923674,0.10310370
0.40987002,0.12782717
0.40969901,0.09424436
0.44377597,0.13922353
0.38118273,0.11100162
0.47689603,0.13211294
0.36053875,0.11717115
0.48502101,0.14277210
0.40464040,0.10402247
0.39127617,0.13176874
0.42465166,0.09560409
0.45268466,0.12797139
0.44932620,0.10629492
0.50289111,0.12137263
0.39479151,0.09376928
0.44990196,0.11832506
0.36292650,0.09925804
0.39853423,0.12224855
0.40123419,0.10091421
0.38813907,0.09335982
0.33703092,0.07467668
0.59840806,0.17046410
0.37109875,0.08493563
0.31507323,0.09180488
0.30452553,0.08972853
0.44006529,0.12973416
0.46912204,0.14042963
0.35963831,0.09288045
0.33894809,0.10302607
0.45113196,0.10285709
0.52848268,0.12483622
0.41100296,0.10646831
0.56623840,0.15113094
0.36651074,0.07746850
0.55575498,0.13861335
0.44229525,0.14696755
0.33789157,0.07398354
0.39024945,0.10604022
0.38822536,0.10505065
0.46646818,0.15278486
0.44063168,0.13738164
0.42226911,0.12490157
0.47593523,0.16076804
0.43611607,0.12616684
0.55289954,0.15959778
0.55603409,0.13653813
0.51569279,0.14579634
0.51977389,0.12800908
0.29176578,0.07516121
0.39095074,0.10209409
0.38156309,0.09403782
0.40310395,0.10072912
0.64469493,0.16573926
0.46718304,0.13188727
0.34348900,0.08090789
0.44376119,0.13826874
0.38700992,0.08495743
0.47414297,0.14668420
0.48254503,0.10820300
0.48721338,0.16312569
0.47594563,0.12551873
0.38359151,0.11890819
0.51477990,0.14443294
0.44599206,0.14053779
0.48466806,0.09469184
0.47151227,0.13316489
0.33945210,0.07644427
0.42833597,0.10229204
0.39054888,0.11098828
0.33969625,0.09867029
0.56099703,0.10936089
0.44258020,0.13680421
0.36796406,0.10425641
0.40569495,0.12267708
0.42124966,0.08442533
0.54314434,0.13093004
0.35554993,0.09612802
0.40104922,0.08418932
0.59894779,0.15301278
0.43915839,0.12873986
0.40604300,0.09702424
0.38573598,0.12186268
0.57501480,0.14757416
0.34687811,0.10192015
0.51244464,0.14763557
0.46665872,0.16118732
0.46132171,0.14098482
0.43441924,0.10469960
0.42100069,0.15232205
0.42523196,0.11662364
0.44509057,0.14625141
0.46478733,0.13052638
0.38216769,0.08620145
0.32027316,0.09773258
0.45605529,0.09480027
0.45279526,0.12849881
0.60908300,0.18251953
0.57140734,0.17639574
0.42531041,0.12057668
0.46410426,0.10644279
0.41632678,0.12327614
0.51617993,0.11715771
0.44227806,0.14726991
0.44637526,0.13539943
0.41783408,0.09220282
0.41849064,0.13887210
0.37292781,0.08877370
0.42761091,0.13547226
0.40181575,0.12978785
0.48645927,0.11332952
0.55448674,0.17595471
0.55578354,0.16227010
0.35157271,0.09780639
0.55643808,0.17345832
0.42270105,0.13755782
0.52527204,0.15585919
0.47652786,0.13903281
0.46323694,0.11952322
0.38114134,0.13329436
0.44301248,0.10093807
0.62212219,0.16744377
0.44731308,0.11324489
0.46324928,0.15685391
0.49924838,0.12346388
0.37435935,0.09294825
0.42944115,0.12234201
0.46837842,0.13313603
0.38427881,0.08014435
0.44235148,0.14938431
0.41725680,0.08858214
0.38747634,0.11293702
0.38404665,0.14352774
0.37093936,0.08690962
0.35531629,0.08080217
0.33160342,0.10183609
0.41508596,0.11584673
0.36675697,0.08430219
0.47095811,0.10635880
0.38674645,0.08610841
0.37240461,0.12628045
0.32118942,0.10133133
0.37269914,0.08949575
0.39023705,0.09617938
0.39151784,0.10073122
0.48058444,0.13712427
0.53492524,0.16230676
0.34907698,0.09708847
0.50771631,0.14482536
0.32998231,0.10784542
0.43538147,0.12254663
0.51787471,0.10500713
0.47398888,0.13136394
0.42762181,0.11390422
0.41282173,0.12868981
0.37519900,0.10010322
0.41664912,0.12192219
0.47635352,0.10230789
0.45433494,0.13798265
0.36688929,0.09927267
0.32517587,0.07105616
0.51376228,0.16021367
0.40614912,0.11543568
0.40782948,0.10900253
0.43758982,0.10610434
0.50762378,0.14825306
0.46018568,0.12099147
0.53984488,0.17011088
0.57973128,0.14770246
0.43033052,0.13022698
0.42698520,0.13528258
0.38709473,0.10872520
0.44878650,0.09869909
0.36452890,0.09687317
0.51424417,0.13767960
0.48971266,0.14037775
0.32958201,0.06633643
0.49945496,0.13683990
0.36643726,0.10960605
0.41301725,0.08942268
0.42029935,0.12489481
0.34601885,0.09142531
0.42192107,0.15162199
0.34238617,0.10674386
0.50973164,0.13277655
0.32263041,0.09877132
0.40992516,0.10157440
0.34654080,0.11078187
0.51688869,0.15525686
0.44135048,0.12872758
0.48800977,0.11623089
0.52786300,0.16520562
0.36002702,0.09474282
0.46141086,0.13404813
0.36415077,0.08819166
0.40271510,0.13693097
0.40900271,0.13875957
0.35657198,0.11665262
0.51262908,0.15457937
0.34584543,0.11049808
0.38898517,0.10250956
0.36585946,0.10494979
0.42877127,0.11578366
0.34602657,0.07884450
0.51276650,0.13970087
0.44190553,0.10406441
0.49012568,0.16365281
0.52007495,0.12937628
0.42922854,0.10297694
0.36661190,0.10475128
0.33111773,0.11280740
0.37706608,0.09286672
0.49291645,0.12769086
0.46199603,0.10862491
0.50451786,0.17101219
0.34479425,0.12635395
0.36909047,0.11088965
0.41723410,0.08994763
0.41643887,0.11177966
0.45914138,0.13289261
0.49740489,0.11617301
0.47954067,0.13257255
0.42081596,0.11223178
0.38147722,0.10374983
0.51924840,0.13186864
0.39899789,0.08960279
0.44463557,0.11391643
0.41045548,0.10959073
0.37244808,0.14142639
0.31858601,0.08264655
0.35658332,0.09360143
0.47242057,0.12494067
0.47478216,0.12376259
0.48172571,0.13060482
0.48475276,0.13873541
0.43341951,0.14459172
0.29766575,0.07522306
0.53716148,0.17300295
0.54799745,0.13853551
0.54724988,0.15900665
0.45760644,0.15265984
0.41136891,0.09707408
0.38885050,0.12320308
0.42457860,0.09850165
0.44807972,0.15231716
0.43043696,0.10271936
0.39215983,0.10843895
0.52047762,0.12535378
0.49338156,0.14271209
0.44676875,0.13132839
0.36286235,0.12103581
0.42713252,0.11863934
0.38864994,0.09357312
0.39233360,0.12328610
0.41910689,0.13522088
0.54846673,0.13345149
0.43050685,0.12705977
0.49411344,0.14703502
0.33401365,0.06730106
0.42857362,0.14552526
0.34220665,0.10275880
0.48724220,0.12364273
0.53315539,0.13697478
0.40475325,0.10513670
0.48793487,0.15297358
0.53689545,0.11570810
0.48023132,0.13115847
0.41081352,0.11904370
0.33505790,0.10529671
0.48472344,0.16140150
0.57607712,0.13979186
0.45468799,0.12683114
0.50979684,0.13243697
0.49339706,0.10749792
0.32042338,0.09736001
0.48064205,0.14992429
0.39106896,0.11392040
0.43785057,0.10220075
0.44664975,0.15270877
0.47240160,0.10317471
0.61155016,0.15171981
0.39022473,0.09114301
0.50954465,0.14841163
0.42560110,0.14699809
0.49596141,0.15303495
0.49832033,0.12957765
0.41692746,0.09587254
0.39579408,0.10689303
0.34604569,0.09651765
0.54090445,0.13302803
0.49898457,0.12711352
0.56312300,0.14905279
0.40324987,0.15908464
0.44420487,0.13600065
0.53660418,0.11977729
0.39213260,0.13836176
0.43883213,0.12719381
0.43539429,0.13791709
0.57031911,0.16393864
0.37236010,0.09257323
0.42107959,0.13723414
0.48566623,0.12926014
0.44548109,0.15323520
0.34826847,0.09544502
0.33459100,0.10662042
0.41578107,0.10535968
0.43249149,0.10840804
0.41259383,0.11612162
0.39041802,0.09047289
0.52306957,0.12826839
0.36463760,0.11662104
0.44867152,0.12378525
0.44955933,0.12653889
0.43427453,0.10018211
0.39323673,0.12567598
0.51057659,0.13370078
0.36915628,0.08504816
0.42897045,0.10579131
0.51062099,0.14208116
0.32806434,0.08195180
0.45740060,0.13680914
0.44920353,0.12581080
0.37683149,0.08381781
0.43634250,0.10002633
0.43803560,0.10763027
0.52122380,0.14247708
0.36253377,0.07898584
0.44432842,0.15799776
0.40097254,0.14003085
0.32464504,0.08004384
0.40275750,0.10252920
0.37181160,0.08227197
0.47853984,0.14261257
0.54483118,0.16972061
0.36808549,0.10613515
0.40123706,0.14252494
0.33674525,0.08499142
0.42607409,0.11362766
0.41519380,0.10973064
0.54584269,0.14836655
0.50703894,0.11660461
0.35436084,0.10464538
0.39666975,0.10068950
0.36514599,0.08531687
0.32622334,0.10430292
0.51849186,0.13649516
0.48982083,0.13407559
0.41120492,0.12301118
0.54446863,0.13468967
0.50044836,0.11999093
0.40725059,0.11246347
0.32641733,0.11046455
0.38143915,0.09670288
0.45369670,0.14566224
0.50588694,0.13711266
0.36730209,0.07567820
0.32313792,0.08891848
0.32583386,0.08343574
0.38063735,0.12803039
0.40546667,0.13519185
0.41941393,0.10291025
0.37768756,0.09763104
0.42000013,0.09145054
0.40955292,0.12168112
0.33305828,0.10017688
0.38177484,0.08464228
0.44273889,0.10049608
0.50904768,0.13905227
0.41084298,0.09867245
0.31059785,0.09308706
0.48136966,0.11347871
0.34300385,0.12566528
0.33082877,0.07265656
0.41219912,0.09576269
0.39562564,0.11901554
0.40274273,0.10582264
0.35184300,0.08790139
0.40772117,0.12873371
0.47538607,0.11046967
0.48107690,0.14191115
0.50851518,0.14425061
0.45613162,0.10486235
0.37817709,0.09880437
0.44730026,0.10187014
0.35917752,0.07952836
0.39472149,0.10082458
0.41718191,0.09790846
0.43892150,0.12144902
0.55264515,0.17470408
0.53596183,0.13579992
0.54783136,0.15449694
0.44393859,0.11108649
0.34190531,0.07954821
0.46685064,0.12350758
0.45940494,0.11938400
0.41926325,0.09447606
0.49561928,0.16114987
0.48197359,0.12059016
0.48216667,0.11264758
0.37748755,0.13037727
0.43873967,0.12714294
0.43934765,0.13687981
0.45098813,0.10369188
0.54946365,0.15716970
0.40488832,0.10133955
0.50497931,0.14538766
0.39303160,0.10644688
0.51133786,0.12399893
0.38262902,0.09926389
0.53712439,0.15586054
0.43904401,0.12276545
0.56986331,0.12764495
0.33893682,0.07876630
0.34062472,0.09403526
0.35657737,0.10649775
0.34151974,0.09044532
0.41827871,0.11856004
0.38120193,0.13673826
0.42666138,0.08994309
0.48567125,0.12132831
0.38636885,0.08727718
0.36897203,0.10075905
0.42817206,0.10252249
0.33973942,0.09805599
0.44130506,0.09778185
0.39500456,0.08294840
0.46295229,0.14525064
0.37027946,0.10069296
0.50270970,0.12926665
0.56627701,0.16677200
0.42523590,0.09713388
0.37563947,0.11332088
0.41507905,0.11808904
0.41605546,0.10523593
0.39197334,0.09578843
0.52695924,0.14623455
0.45409490,0.13457521
0.49243878,0.13977118
0.43136264,0.13758497
0.37909101,0.09771755
0.45185386,0.11935329
0.35542458,0.09443778
0.54003585,0.10605421
0.36877305,0.09717928
0.51275016,0.15341929
0.48559634,0.14620101
0.46208238,0.12763608
0.51395422,0.13091902
0.30303814,0.08425722
0.37356830,0.09034920
0.52722957,0.13110935
0.35894584,0.10394224
0.33900415,0.07340806
0.46074949,0.10727247
0.45652194,0.11935957
0.55319642,0.12937979
0.47775638,0.12743454
0.36610036,0.08777328
0.31940723,0.08028630
0.41454180,0.14088873
0.47605718,0.12628075
0.40550628,0.13609041
0.50672786,0.11280192
0.50712746,0.14646644
0.40865776,0.10243436
0.35390756,0.10344942
0.44449497,0.12743820
0.57723804,0.18126792
0.33583384,0.11461789
0.38571426,0.08428876
0.29263625,0.06472489
0.42869231,0.12731696
0.40467894,0.08679238
0.54920395,0.16598642
0.45707007,0.13886290
0.52987559,0.14348727
0.37171321,0.08610345
0.33766374,0.10281625
0.51240066,0.14304423
0.45557382,0.14749682
0.48513591,0.09786798
0.37956072,0.12290225
0.43965560,0.12192919
0.36442113,0.08727059
0.31314338,0.08046432
0.50448419,0.13477844
0.45213771,0.14009189
0.44528171,0.12547778
0.30915799,0.06716811
0.48422393,0.17330002
0.42074499,0.12603990
0.27782091,0.07836194
0.48527748,0.15344416
0.45869753,0.14311738
0.54715605,0.17400470
0.48570516,0.15493575
0.40881016,0.10807830
0.39278307,0.09326742
0.38902558,0.10819664
0.44275041,0.10594995
0.37832825,0.08186992
0.43045044,0.13495479
0.49618202,0.15863982
0.39761267,0.12000128
0.46654552,0.16226732
0.43855786,0.12174873
0.41279884,0.12695273
0.37485719,0.13686417
0.35763277,0.09782563
0.51852221,0.13296673
0.48729563,0.10443671
0.38269876,0.08002335
0.32453297,0.08021331
0.41057695,0.11376914
0.42951405,0.13344268
0.39835173,0.13074783
0.42286577,0.09445463
0.37615571,0.09102832
0.32855818,0.07691189
0.32980690,0.08531198
0.43173859,0.08345180
0.39506534,0.09159546
0.54597755,0.17577975
0.49248927,0.15883466
0.36887996,0.09621322
0.42103734,0.13322856
0.48578929,0.11819603
0.51242526,0.16219111
0.50581145,0.14541215
0.44055992,0.16102175
0.48373908,0.12238559
0.43285950,0.12852519
0.42195666,0.13046118
0.34445935,0.09014075
0.46677977,0.11111176
0.51540743,0.16267381
0.33116438,0.11065209
0.50201831,0.13857371
0.36710964,0.10962006
0.47178878,0.10922370
0.39738714,0.10653477
0.51415517,0.13741034
0.29446439,0.06648938
0.34557364,0.09394190
0.44938456,0.13528425
0.32800995,0.08406178
0.46460050,0.12440793
0.41844661,0.08496494
0.40919697,0.10146170
0.57416237,0.16506222
0.38199052,0.10162916
0.44490584,0.11000182
0.29438544,0.06936150
0.32267963,0.08847456
0.36794129,0.11299305
0.47134603,0.10116589
0.48672109,0.15691121
0.49017014,0.10674901
0.50078909,0.11606980
0.38400712,0.12320651
0.33460086,0.09305446
0.47805417,0.14272361
0.38965440,0.11883813
0.43070840,0.09654162
0.49889372,0.13824683
0.32260503,0.10513907
0.49268421,0.12100045
0.38260998,0.08999794
0.47293448,0.14013999
0.45550156,0.13115834
0.45791674,0.11127991
0.38036709,0.10585972
0.33103362,0.07755573
0.38950899,0.10748870
0.38068351,0.08849418
0.26085551,0.07220486
0.37956386,0.08998432
0.32414771,0.11849208
0.34440298,0.11713165
0.40769262,0.13915734
0.45238765,0.10833173
0.42717187,0.12520017
0.33895082,0.07300371
0.45016776,0.08867934
0.49139952,0.11929718
0.39291441,0.13154802
0.43951386,0.11634172
0.35597804,0.12651215
0.58876461,0.18281333
0.32289562,0.08883252
0.55988863,0.17980849
0.57289820,0.16053040
0.40655567,0.07997074
0.47514211,0.13172215
0.44611606,0.11388377
0.46111789,0.15559458
0.37584427,0.08091703
0.45809332,0.14944042
0.35196102,0.11190102
0.42866269,0.09447732
0.42217120,0.10321110
0.35570627,0.09885436
0.41336926,0.13620158
0.46320397,0.13219409
0.36118486,0.11523216
0.36095815,0.11651373
0.40700028,0.09373968
0.43832890,0.14665446
0.35773533,0.07446876
0.25264292,0.08269459
0.51695431,0.12119485
0.36798556,0.11285732
0.51428284,0.10940624
0.37936051,0.11075420
0.35300713,0.11123520
0.43678709,0.10066465
0.49442341,0.15103957
0.41709630,0.13269180
0.30728391,0.09164300
0.49140230,0.14576209
0.47831231,0.13211417
0.38466687,0.10339635
0.41385001,0.10656397
0.30844072,0.07541052
0.42274917,0.09126173
0.48205531,0.13568800
0.38222453,0.13648680
0.43413476,0.11254579
0.30864903,0.07622322
0.39706665,0.13062053
0.45678891,0.12284113
0.35333249,0.08480538
0.38999601,0.14517662
0.33769382,0.10306847
0.39950405,0.09032149
0.32670737,0.09761395
0.48092926,0.12225855
0.47072506,0.13030930
0.47753219,0.11552146
0.33835803,0.09314841
0.45073092,0.13954063
0.53154953,0.15316900
0.46973215,0.14820727
0.42089952,0.15095114
0.42528094,0.10161375
0.34487157,0.08704397
0.52705710,0.13556207
0.38910857,0.10512521
0.39556121,0.10894640
0.48883338,0.11489259
0.61551927,0.17392388
0.56542640,0.16755963
0.46925842,0.14291273
0.27626333,0.07364097
0.50042594,0.16914900
0.43442790,0.10259374
0.42681977,0.13263387
0.56428202,0.12334225
0.44959260,0.09573773
0.41607349,0.10870584
0.48167920,0.12652929
0.40219226,0.12081454
0.28242982,0.07396148
0.44365596,0.10857578
0.34952434,0.09318190
0.40995001,0.10421054
0.38866236,0.12633317
0.35843582,0.10682618
0.44191518,0.12131394
0.39227643,0.10909023
0.36907900,0.10177791
0.39406589,0.12725312
0.51283145,0.15994988
0.40063147,0.11685955
0.40279885,0.13148814
0.35268194,0.10022145
0.45702433,0.14046623
0.59145193,0.18137742
0.36444720,0.09533406
0.36332079,0.11574459
0.39266849,0.10405147
0.60629683,0.14727380
0.54567871,0.12358605
0.38029929,0.09865628
0.36707777,0.09064292
0.46423066,0.12153913
0.39433702,0.09234521
0.39500106,0.12469794
0.42895749,0.11094821
0.50009791,0.13469771
0.39308370,0.11865538
0.49958999,0.11846197
0.23993088,0.07410867
0.45084110,0.09870657
0.46422548,0.14824852
0.34959940,0.07825217
0.41029858,0.08603052
0.34343531,0.08428238
0.55395597,0.16553586
0.49593759,0.16094559
0.32767599,0.10611864
0.42114480,0.14463256
0.43614706,0.10987499
0.50539867,0.14368485
0.36495348,0.12088939
0.38572106,0.11972955
0.61496809,0.14171883
0.51312680,0.16083682
0.40133498,0.12017739
0.32960244,0.08874932
0.31880601,0.10030603
0.42202498,0.12568835
0.40764763,0.14215661
0.40755484,0.13387553
0.38521978,0.09961666
0.47336490,0.13329521
0.32318277,0.07208338
0.47895690,0.13411288
0.29945486,0.07002929
0.46656881,0.13818912
0.37110521,0.09764153
0.49478454,0.13169891
0.44974255,0.10784588
0.53106310,0.13286594
0.37348677,0.12945587
0.43943007,0.13714800
0.41059232,0.10143073
0.48497714,0.12565781
0.39747990,0.12037432
0.37627961,0.09331137
0.53190345,0.13635969
0.52368125,0.11490939
0.44413231,0.14424428
0.46592555,0.11551942
0.46548625,0.15573734
0.47531247,0.15001147
0.40580716,0.08773531
0.52051777,0.14278961
0.50741587,0.14432851
0.31069887,0.08091608
0.34869832,0.07346996
0.38258080,0.10133480
0.50333220,0.14105057
0.28486037,0.07763237
0.36993964,0.08647087
0.37766063,0.11843935
0.34567873,0.07964505
0.43482056,0.11943299
0.36284774,0.09326391
0.36737395,0.10277034
0.44250656,0.12694722
0.41722139,0.14397162
0.49043887,0.10666002
0.40365297,0.11688980
0.43954258,0.12717640
0.43138577,0.11820935
0.47553000,0.11195743
0.46592994,0.12663608
0.44091042,0.12882802
0.47482360,0.13014691
0.37014256,0.09728904
0.40880290,0.12301698
0.35459383,0.08568112
0.35169490,0.11240137
0.43400409,0.12176073
0.31364118,0.08394248
0.50241349,0.13650359
0.33877926,0.09364735
0.57196410,0.16595804
0.41307982,0.10353222
0.49865958,0.12654262
0.32806362,0.09096772
0.52867162,0.14782467
0.39723742,0.11898880
0.38217754,0.09645012
0.51185835,0.14214946
0.39273976,0.09574130
0.39420678,0.10285729
0.38167172,0.10354180
0.47660953,0.12555617
0.31319787,0.09076218
0.37417215,0.11860778
0.45330025,0.10432741
0.42790857,0.12829835
0.45405394,0.15266544
0.36070279,0.12173646
0.38328067,0.11694587
0.41236642,0.12819147
0.35866311,0.10265210
0.43632110,0.11969774
0.38801718,0.10693437
0.31754209,0.08846673
0.44272885,0.12371825
0.42713733,0.13929283
0.49361542,0.12850291
0.49127456,0.12927368
0.44455441,0.11950911
0.35822520,0.09769848
0.35527234,0.10317514
0.59606782,0.18031883
0.31104001,0.08126669
0.52892529,0.14735145
0.27722013,0.08586564
0.41792480,0.09003698
0.38518144,0.10506058
0.46704564,0.12483138
0.43468956,0.08510280
0.44391650,0.13624476
0.39281877,0.08168387
0.36624448,0.12785771
0.48290137,0.14030670
0.34773794,0.09972587
0.36769015,0.09671419
0.41859321,0.09523686
0.42366752,0.14414114
0.42904211,0.13404815
0.46132802,0.11966197
0.39768133,0.08611964
0.62887167,0.18385150
0.46725885,0.11606950
0.41407110,0.14041254
0.42588839,0.11407172
0.48187163,0.10998760
0.41883611,0.11558439
0.34805757,0.07284528
0.56603005,0.14005661
0.36943016,0.09261103
0.52956278,0.13196102
0.36440756,0.07826707
0.43228667,0.13413912
0.35173986,0.08591562
0.54216849,0.15575405
0.47707002,0.13230979
0.39840511,0.08375866
0.48555334,0.15918639
0.30239495,0.07959026
0.41222959,0.10188488
0.39505802,0.10695864
0.51657268,0.13883133
0.36122863,0.08785301
0.29651928,0.08910458
0.38553001,0.09819721
0.40022585,0.10109782
0.45441022,0.13313561
0.29830918,0.07128998
0.34803268,0.07313787
0.40333834,0.10410270
0.49634650,0.14518784
0.41019312,0.10491684
0.33081223,0.08482683
0.44023877,0.09503093
0.51270907,0.14213940
0.45469663,0.12502694
0.48760215,0.16389497
0.38759036,0.09602044
0.37919426,0.09910425
0.43820710,0.10282094
0.38515058,0.10203480
0.34513354,0.09300986
0.42483288,0.14914197
0.48797465,0.11557315
0.40220306,0.12911182
0.38037698,0.09088774
0.50477142,0.11628353
0.40293310,0.12181299
0.54825570,0.12738642
0.48000533,0.13203957
0.38134361,0.12370342
0.38019904,0.08565818
0.44176974,0.13002869
0.47799052,0.15370277
0.48457194,0.15193622
0.34231766,0.09232270
0.48926287,0.14600507
0.38537589,0.11138761
0.41029732,0.13846299
0.52457204,0.14775844
0.40947833,0.09948091
0.48925272,0.15074572
0.34170981,0.10325152
0.32935440,0.09572948
0.32778098,0.07887301
0.33300679,0.09291150
0.41277417,0.10396502
0.37040616,0.08886263
0.35010954,0.09066065
0.46017646,0.11780803
0.33007499,0.08525790
0.30899121,0.08521582
0.38028437,0.09172257
0.48386569,0.11429574
0.45247770,0.14791135
0.35187318,0.09712200
0.46453091,0.12231829
0.37182460,0.07493860
0.53541900,0.14891155
0.40032522,0.10278824
0.34914391,0.11080691
0.42953822,0.13132530
0.49987872,0.16042880
0.37909671,0.09077713
0.37623334,0.08435606
0.32990039,0.08101601
0.42128713,0.10275430
0.42258012,0.11035453
0.50753938,0.15492424
0.36765523,0.08577710
0.52359523,0.17221159
0.35986595,0.08335285
0.42785526,0.11399072
0.35191725,0.10599258
0.33599336,0.08926100
0.43094408,0.11313607
0.51136565,0.12704026
0.42994471,0.10438784
0.41339331,0.09054390
0.33857419,0.10138379
0.48312789,0.14010146
0.35445291,0.10403807
0.30253454,0.07747115
0.41757317,0.13952501
0.44049111,0.11664318
0.46092497,0.12848331
0.41079155,0.10847896
0.33543615,0.10230228
0.49328060,0.14497558
0.44905982,0.11245047
0.40141959,0.12548972
0.46059845,0.13354765
0.56441290,0.15331518
0.41493094,0.10618265
0.35132141,0.09518093
0.36339116,0.10470383
0.48800717,0.14184161
0.32046208,0.07121090
0.34591436,0.07744709
0.42117674,0.11660308
0.35562081,0.10089466
0.41561280,0.10875974
0.37618359,0.10777294
0.48072478,0.14320845
0.46203453,0.15488719
0.37354766,0.11418612
0.57721084,0.17448170
0.31654411,0.09051370
0.47753298,0.14328357
0.39188892,0.10569185
0.54778146,0.15051950
0.45286607,0.11793360
0.49701579,0.11623877
0.34384731,0.09937164
0.30274669,0.10244250
0.46273739,0.09848892
0.42895229,0.11186617
0.34389141,0.07416589
0.35341981,0.11739458
0.50654973,0.15462212
0.41636304,0.08481371
0.41012126,0.10663635
0.43418883,0.12295323
0.46543178,0.11976150
0.24782570,0.05533180
0.36870769,0.08638654
0.35472325,0.09697147
0.43305293,0.13725484
0.39901760,0.09009424
0.44524005,0.11118857
0.40248411,0.11060241
0.39511836,0.08538260
0.47392275,0.11941618
0.43284030,0.10758612
0.35576288,0.08295102
0.41513022,0.09384182
0.31929365,0.10025065
0.37530524,0.09463739
0.40909307,0.09536918
0.33752042,0.10431420
0.37625524,0.10334334
0.47293629,0.11195396
0.34491804,0.07945576
0.46703155,0.13646860
0.57553704,0.16675748
0.44168112,0.10218192
0.41495673,0.08727549
0.44813991,0.12826300
0.41988502,0.11162694
0.36563512,0.11163571
0.54990114,0.15034646
0.38689253,0.10633940
0.53881673,0.13505489
0.49558037,0.12272252
0.39205692,0.08182382
0.52037591,0.16437320
0.42751032,0.10551252
0.45698937,0.15517647
0.42676693,0.10418453
0.39875512,0.12873262
0.38076907,0.11625466
0.39783175,0.10591507
0.41211321,0.11717627
0.36480784,0.08222093
0.39634172,0.11226013
0.41430293,0.08701261
0.44227373,0.12626253
0.40053310,0.14645276
0.31519527,0.10545562
0.48520660,0.14028971
0.55175150,0.16678412
0.32432640,0.08458502
0.36394261,0.08601185
0.30339601,0.08690113
0.45716774,0.14291427
0.51797051,0.10930422
0.42090390,0.08938002
0.57781708,0.14516958
0.34191155,0.09604755
0.39998785,0.09686836
0.41047497,0.09270147
0.41665632,0.09986953
0.38624816,0.13723651
0.52622268,0.15162921
0.49977687,0.11377260
0.40112145,0.08175940
0.37045826,0.09281865
0.51427909,0.14291051
0.41320042,0.11504794
0.37374927,0.08280450
0.49933472,0.13366849
0.55669784,0.15402421
0.40703912,0.11286154
0.36820082,0.09208591
0.44994386,0.12739627
0.38798337,0.09522111
0.55935387,0.17629950
0.47589352,0.11303925
0.44779471,0.13001300
0.43449118,0.10406288
0.37648614,0.09361188
0.55900179,0.16520319
0.60425829,0.16318896
0.41740839,0.13574794
0.52424020,0.13206304
0.60109226,0.15318052
0.33463441,0.10114518
0.34776571,0.12004673
0.36475170,0.09934511
0.46353921,0.11751400
0.48668013,0.14050892
0.42149903,0.12968509
0.32902679,0.07918231
0.38839608,0.07813726
0.42027659,0.10654808
0.39643602,0.11937666
0.32264050,0.07644481
0.54865560,0.16551801
0.51927110,0.12708229
0.47098398,0.15317872
0.38027845,0.10835745
0.44181130,0.12893566
0.45563639,0.13302884
0.39648607,0.10508406
0.40504786,0.13115772
0.42793916,0.11686551
0.43273366,0.14456278
0.42604002,0.13385320
0.56313099,0.16492668
0.35721825,0.09746685
0.36004746,0.10556375
0.48070214,0.12487209
0.39206235,0.13872898
0.37057712,0.08630503
0.38692117,0.08394919
0.29942325,0.08364318
0.57853020,0.16055018
0.58217454,0.16217175
0.46025625,0.12694453
0.45627646,0.09867587
0.42823866,0.09621750
0.39138978,0.07586626
0.35368160,0.07958140
0.47072535,0.10276432
0.46907224,0.11894343
0.46792747,0.11890153
0.48159842,0.14086686
0.30611059,0.08950460
0.39119850,0.12476742
0.35221594,0.11525411
0.35818713,0.08400437
0.33057585,0.12196857
0.49419914,0.16285103
0.34742898,0.12601251
0.50212988,0.11062271
0.47788867,0.12568696
0.45161453,0.13484421
0.41601041,0.12206583
0.47779529,0.11195610
0.39117979,0.10953128
0.33381736,0.07848776
0.35929322,0.11501059
0.48669376,0.14275690
0.45403660,0.10429955
0.36632408,0.08568040
0.53440687,0.15822865
0.42110960,0.11647814
0.32948741,0.08288728
0.48661455,0.15598088
0.50807984,0.16875188
0.47404292,0.10804120
0.36465945,0.11428627
0.44100710,0.09615320
0.47636610,0.11787229
0.47082105,0.15464076
0.44941799,0.11128983
0.34461963,0.09948044
0.39008874,0.11189722
0.40522793,0.12509343
0.44639419,0.13374639
0.40775851,0.09967998
0.45250422,0.09548388
0.42039814,0.12754879
0.44430529,0.09254895
0.33118495,0.07598832
0.38886696,0.10978736
0.39931261,0.10643393
0.41041329,0.14007868
0.43900842,0.12274685
0.39053640,0.11441062
0.48278405,0.14149156
0.35509018,0.07869769
0.49820155,0.15068076
0.34883553,0.10094791
0.50626765,0.14418250
0.44581653,0.12034620
0.43549560,0.10274392
0.39280226,0.09215150
0.32316563,0.08554749
0.38063969,0.10316529
0.49989825,0.14555727
0.40976370,0.11699986
0.31914049,0.08705674
0.39328830,0.11614179
0.40837879,0.10946986
0.44181436,0.09814758
0.39870749,0.12672486
0.47964789,0.11951399
0.40819951,0.11866473
0.38642159,0.07706127
0.36062542,0.11117316
0.44388409,0.10336943
0.36834219,0.08063835
0.42591697,0.14161946
0.35769358,0.11328341
0.38921301,0.09560473
0.38022022,0.08868407
0.46219222,0.12038494
0.45771077,0.11434213
0.44683134,0.13239544
0.32482405,0.07966631
0.35255991,0.08735473
0.44049260,0.09356765
0.32852385,0.11140762
0.30240689,0.08160334
0.47413910,0.13903962
0.30615052,0.08165743
0.51949451,0.16635887
0.41677729,0.11016231
0.35231170,0.09506541
0.49730848,0.14595084
0.60548083,0.14896734
0.58686428,0.15277546
0.37692525,0.10199735
0.40244360,0.08622736
0.45371087,0.13735167
0.47664626,0.11331962
0.38948652,0.08788949
0.39840614,0.12416914
0.41265981,0.13339260
0.53258044,0.16240970
0.41054488,0.10965909
0.32846000,0.08758693
0.29770449,0.07864173
0.52477866,0.15083637
0.46507513,0.12272694
0.33270285,0.08453416
0.58076684,0.18079792
0.36507285,0.08032177
0.44141928,0.11633044
0.45356359,0.09697538
0.44855168,0.08664062
0.45243209,0.11090669
0.42327879,0.12612503
0.60980799,0.14297394
0.37016827,0.12928738
0.45342040,0.10913197
0.44310479,0.13118642
0.36980885,0.08775203
0.52870629,0.14203342
0.50434270,0.13846313
0.34062286,0.09239802
0.33561682,0.08807685
0.36989603,0.07843245
0.51509545,0.13162769
0.43509823,0.12341937
0.44723274,0.12443839
0.52478249,0.13874910
0.57583205,0.14198390
0.38733430,0.10866729
0.50119009,0.14825724
0.34346766,0.10981380
0.42052913,0.10700918
0.58680914,0.16136549
0.43573233,0.15088601
0.49161697,0.12937844
0.47913621,0.11083932
0.62601390,0.17785929
0.57973832,0.14517593
0.36808876,0.07030024
0.37972370,0.13145274
0.34008571,0.07262838
0.49822041,0.14958301
0.41734540,0.10799404
0.36090233,0.08990118
0.43046712,0.14145501
0.40251470,0.10280614
0.41276774,0.09008257
0.33599935,0.08760751
0.36539501,0.10129208
0.44373973,0.13632668
0.40421103,0.10227560
0.48281442,0.11498128
0.53268802,0.13811829
0.35650564,0.09835801
0.43095635,0.11843790
0.39858510,0.12135311
0.46569333,0.10899248
0.59558705,0.15887045
0.41398667,0.08799573
0.48531232,0.13808064
0.39969810,0.12991278
0.54189440,0.14736060
0.30421737,0.09008605
0.48636282,0.12358313
0.51634283,0.14033811
0.36049359,0.08791722
0.45400699,0.14254540
0.44698670,0.08738622
0.46785872,0.15366706
0.40264994,0.08037271
0.48170289,0.15694035
0.39124077,0.08575881
0.30536732,0.07170888
0.38642098,0.08812457
0.32354401,0.08126414
0.45184410,0.15706464
0.45415557,0.14109006
0.51452227,0.13557755
0.41329273,0.11313475
0.41940064,0.12728429
0.48001593,0.11707883
0.47599861,0.13505405
0.45325967,0.14330305
0.34173411,0.11298242
0.50064071,0.12183055
0.38344624,0.08544352
0.34972729,0.11012006
0.51489104,0.11256415
0.40862954,0.08608191
0.47369390,0.12166307
0.42486326,0.13785164
0.51574147,0.11281851
0.44936521,0.13042571
0.50671680,0.14977258
0.38471297,0.11477074
0.42862258,0.11053067
0.50463087,0.16613307
0.40617082,0.10548615
0.54218023,0.14830614
0.45979340,0.15645647
0.44545172,0.09634433
0.36268318,0.12569632
0.45069458,0.11714847
0.39231967,0.10717470
0.30294458,0.06753484
0.30741039,0.08924199
0.46328730,0.12687949
0.36377797,0.10366006
0.39028425,0.13145231
0.52444665,0.14656608
0.47543582,0.12937157
0.45011724,0.14586734
0.52178718,0.11427628
0.32374577,0.08284605
0.41783375,0.11350564
0.34583469,0.08069138
0.41242662,0.08872839
0.40288459,0.11575421
0.55461416,0.15644389
0.40991451,0.10631480
0.50932038,0.14772763
0.46957506,0.09406422
0.48311780,0.10036412
0.43741138,0.10825365
0.43001455,0.14368536
0.42024270,0.08568612
0.38154043,0.09151811
0.32549432,0.09464725
0.44404481,0.12070169
0.49140042,0.12241268
0.49237950,0.11667550
0.43337393,0.13071684
0.50731256,0.15104057
0.37058790,0.08249621
0.45039886,0.12403175
0.48245945,0.13651161
0.39710292,0.10983420
0.33575407,0.07242084
0.32602294,0.07775756
0.50480389,0.13110095
0.40307220,0.09284316
0.45957164,0.11224532
0.42785588,0.09040641
0.47935403,0.12601540
0.43391690,0.11827370
0.49934823,0.12549491
0.35382306,0.08443825
0.34517073,0.11461894
0.33665289,0.09003821
0.40113644,0.09454989
0.53479383,0.13153606
0.43131308,0.10287817
0.38664526,0.09293019
0.44379937,0.08005070
0.36161158,0.08356236
0.32659289,0.07240863
0.47905830,0.12233650
0.39649817,0.10559961
0.36904097,0.10934205
0.35346505,0.10597938
0.43750929,0.14743135
0.44551510,0.11015198
0.47444303,0.12866229
0.37200611,0.10895992
0.48282869,0.12447647
0.31087549,0.06979548
0.48157091,0.13895039
0.33430592,0.10564981
0.40307699,0.08477245
0.29176446,0.09454962
0.33868855,0.09211087
0.46901496,0.14864090
0.61315757,0.20897951
0.45425768,0.13666985
0.31930550,0.08459282
0.30002989,0.07307308
0.29869781,0.07161302
0.38938756,0.12432269
0.40363990,0.09465783
0.42713975,0.07838384
0.49563998,0.12130669
0.56495623,0.17964751
0.49701834,0.14423728
0.40613834,0.12048578
0.42624545,0.12910778
0.48362385,0.13791463
0.41745782,0.13447527
0.51270015,0.17034429
0.41856542,0.13986918
0.43700727,0.11717792
0.49149411,0.15855516
0.38649674,0.12011960
0.37634245,0.09071964
0.62100372,0.20736333
0.39978597,0.08922345
0.29852774,0.07094421
0.48520378,0.10234275
0.52094957,0.17042125
0.38688495,0.12942540
0.36247800,0.09509077
0.48231738,0.13236771
0.38100850,0.11444901
0.55902967,0.12720592
0.44328637,0.09814353
0.49748429,0.11883259
0.46186874,0.11875597
0.55066293,0.15111829
0.41921827,0.12201656
0.42833699,0.09295852
0.37051736,0.11243768
0.39895758,0.11814408
0.45881953,0.12814765
0.39003086,0.08088544
0.45899501,0.10186710
0.45502528,0.13221102
0.62437359,0.18752360
0.36696580,0.10360124
0.41783260,0.08574904
0.47461123,0.10191982
0.46563113,0.13563752
0.44671976,0.12507968
0.54725375,0.15109754
0.44728618,0.09561457
0.35965379,0.09111701
0.39242306,0.10733577
0.35381632,0.11033257
0.39961129,0.14227389
0.31922504,0.09398677
0.53551906,0.16302198
0.31450786,0.10791340
0.42879080,0.09565635
0.33154020,0.11606042
0.37721126,0.11843930
0.53374830,0.13708659
0.47890061,0.11232924
0.44098704,0.10126279
0.42379397,0.12659532
0.38260026,0.09669011
0.42130723,0.12819928
0.49094039,0.11387655
0.51483112,0.16897438
0.36305048,0.09301425
0.33076031,0.11570619
0.38267523,0.09784593
0.45468818,0.11221558
0.40118339,0.09346978
0.49013554,0.15321438
0.45459621,0.10277175
0.68031273,0.16575865
0.43465235,0.10500352
0.35490687,0.07510242
0.39147553,0.11464808
0.54402013,0.15606687
0.39641687,0.08584931
0.45168327,0.12174923
0.37725149,0.08497818
0.52793034,0.16382084
0.37503784,0.09512023
0.42799753,0.12518879
0.52349969,0.15628419
0.38516093,0.11318493
0.35482155,0.07397634
0.36282497,0.10338022
0.56484291,0.17509045
0.43204834,0.11703541
0.58201147,0.15718370
0.54937267,0.14308991
0.52230496,0.13461486
0.43053954,0.11373644
0.54230337,0.11949979
0.50287067,0.14273056
0.35568976,0.08715114
0.48070825,0.10259102
0.51738192,0.11913201
0.58193842,0.14515320
0.39327084,0.14589321
0.33824040,0.08285020
0.44410010,0.12355832
0.39467957,0.09779961
0.48837397,0.10987427
0.33390311,0.08655294
0.56281012,0.14527032
0.47429675,0.16113008
0.49514590,0.10562813
0.36714372,0.12295982
0.41534343,0.13032775
0.48987905,0.15192811
0.49279636,0.16958935
0.40418847,0.10333770
0.35679301,0.10980186
0.41713927,0.13525333
0.43073070,0.12674678
0.45658409,0.12338529
0.39988214,0.08459996
0.37013957,0.10652007
0.48071668,0.17194285
0.32828299,0.07151798
0.43135990,0.12162896
0.40469193,0.09208610
0.50805987,0.15119818
0.42365390,0.13638209
0.48877479,0.11223664
0.36337122,0.10217502
0.37113455,0.09339237
0.37830438,0.10262515
0.50673974,0.12698058
0.46679010,0.14891672
0.37459172,0.10496794
0.51963445,0.10707641
0.51322060,0.14420795
0.33045556,0.10672718
0.64347944,0.18754200
0.51858313,0.13737206
0.40654312,0.10492853
0.33688958,0.09992174
0.45777736,0.10187111
0.49006645,0.10866514
0.38706483,0.11788048
0.39521096,0.09136064
0.34753846,0.09211391
0.44195866,0.09471684
0.46993228,0.12641635
0.37391371,0.08681151
0.38756950,0.09030077
0.44609232,0.11737319
0.44955041,0.08765627
0.43521344,0.14468247
0.41651894,0.09737844
0.61384451,0.21438060
0.40435682,0.12531753
0.36206697,0.09465755
0.38614362,0.07525641
0.37095599,0.11173862
0.29671209,0.06626999
0.37327959,0.10895632
0.47881239,0.15935335
0.50067808,0.13159240
0.44652125,0.14109614
0.35797057,0.08616525
0.33804939,0.07021431
0.32179703,0.08223597
0.36653890,0.09223548
0.35829797,0.11258326
0.33398697,0.07643572
0.49108419,0.12137982
0.46714156,0.11206166
0.36955222,0.10714650
0.33399287,0.07969722
0.39327476,0.09197929
0.46536869,0.15777567
0.37022455,0.13044438
0.41633526,0.11552788
0.37825538,0.09233558
0.46818551,0.11773833
0.49963358,0.17964166
0.47961368,0.16678830
0.45378449,0.14753943
0.35385200,0.08459223
0.41544755,0.11886959
0.33488462,0.10352309
0.37015994,0.10732284
0.38633833,0.10265330
0.36921494,0.10646568
0.49344242,0.13123444
0.37507507,0.11332564
0.38127164,0.09367176
0.46993044,0.16650201
0.39380273,0.11261878
0.52090956,0.12065153
0.53914314,0.13758287
0.51450777,0.10558190
0.51513992,0.13417277
0.48728688,0.11103677
0.32198426,0.10633290
0.40372029,0.10518459
0.44760559,0.13226791
0.52144485,0.13615039
0.37162141,0.10315650
0.32222823,0.07783310
0.45856335,0.13135671
0.37221849,0.11942067
0.39255856,0.10619651
0.37631973,0.11687013
0.38264738,0.12286376
0.39395864,0.10889827
0.54087649,0.12595820
0.48386013,0.14056414
0.53815746,0.13936823
0.32508837,0.09267529
0.33724756,0.08812712
0.43423198,0.11108981
0.43231828,0.12885457
0.44884757,0.13967826
0.47545771,0.11732423
0.39504682,0.08512152
0.42095300,0.14449269
0.45486951,0.15573165
0.40476274,0.11767840
0.52457163,0.14374919
0.39810456,0.08902777
0.42707479,0.11460837
0.34338111,0.07871137
0.46660051,0.11800580
0.37738965,0.09128214
0.30712650,0.08654845
0.56754716,0.16637980
0.40561816,0.12609869
0.39715114,0.10984285
0.36863705,0.11766796
0.38557346,0.10498155
0.47887559,0.12269068
0.27485764,0.08350997
0.40510812,0.11000299
0.38853132,0.11157259
0.34576952,0.07740939
0.41222223,0.13820499
0.42496268,0.10069892
0.41994881,0.14437029
0.44197457,0.10259995
0.41413005,0.10194822
0.33457494,0.07387015
0.38949251,0.12501568
0.35088972,0.08794967
0.39377396,0.08694009
0.42242698,0.13046877
0.39466910,0.10706101
0.43869938,0.12130282
0.33292039,0.10800445
0.37206317,0.12444032
0.40681200,0.10202945
0.46566090,0.11878258
0.44998147,0.13616003
0.43075257,0.11726432
0.39895632,0.10718205
0.45127248,0.13732985
0.32015509,0.08841750
0.33499814,0.08700208
0.35116701,0.10706826
0.35681000,0.07039888
0.42533495,0.10214707
0.35828665,0.10094855
0.35974178,0.08519850
0.37284033,0.09092512
0.36890411,0.09044975
0.37238161,0.08957488
0.36400287,0.11028278
0.52643782,0.14487707
0.41793708,0.12948258
0.53680628,0.15526712
0.43409631,0.11174324
0.45199295,0.14553315
0.36152118,0.09220980
0.44147688,0.11911234
0.48847120,0.14673858
0.57299137,0.15956249
0.38769292,0.10407350
0.40877555,0.08307963
0.52313129,0.14323731
0.38863089,0.08711891
0.35890457,0.07165205
0.50705439,0.15063242
0.43491752,0.09798794
0.31625098,0.08082090
0.45913135,0.10849317
0.50147400,0.13900921
0.47179001,0.11024410
0.38015907,0.11065409
0.41556111,0.14139682
0.42350584,0.10075873
0.32392530,0.06572766
0.29639040,0.08232974
0.48682913,0.15404866
0.53545905,0.13112392
0.57917149,0.17643243
0.49026471,0.10878006
0.39324868,0.09188146
0.43096947,0.08731462
0.34763393,0.10062159
0.35724880,0.08680805
0.41918065,0.13123603
0.35504710,0.07654598
0.61440198,0.15251054
0.46625540,0.11582822
0.56410933,0.18933739
0.47524995,0.13796508
0.46963749,0.13087731
0.38780439,0.14593219
0.38845240,0.09503869
0.42795834,0.10283409
0.41432198,0.09587473
0.35557810,0.07847687
0.48103913,0.12732092
0.43040111,0.09972566
0.53454588,0.15694433
0.42278305,0.13104940
0.37425226,0.13449650
0.50801027,0.13431540
0.48209825,0.13270983
0.38460249,0.12483934
0.34400670,0.07931754
0.37641695,0.09579473
0.36564044,0.09506133
0.53055422,0.11762280
0.35048970,0.09647861
0.49266884,0.11856124
0.51095147,0.11892690
0.38892031,0.09599623
0.33936736,0.09499258
0.29955269,0.08883303
0.46103078,0.14333852
0.38749121,0.09579199
0.38538703,0.11118133
0.37014109,0.10014014
0.40771568,0.10158616
0.32020634,0.08877905
0.38957656,0.09854963
0.44076752,0.13835472
0.46588903,0.10464239
0.32853046,0.08518210
0.55836029,0.16498358
0.33697062,0.10813665
0.35699294,0.07701597
0.49777672,0.14375844
0.30543681,0.08807413
0.50285992,0.12260344
0.49202257,0.14061288
0.51901184,0.10779029
0.53529798,0.16229912
0.29925663,0.07321126
0.44964786,0.10683952
0.47677235,0.13382917
0.31546813,0.08160335
0.47349387,0.12263545
0.34990449,0.11103007
0.32980293,0.10465882
0.49190185,0.14330143
0.49008648,0.12610959
0.45131175,0.10872059
0.50983818,0.14447132
0.35251309,0.09753527
0.36242357,0.09038102
0.31913261,0.09879261
0.42006808,0.10967411
0.39523073,0.13141021
0.37452709,0.09913795
0.37357903,0.11803154
0.50082223,0.15308021
0.40829458,0.12225893
0.51267350,0.13823339
0.29727682,0.09495220
0.43178975,0.14516126
0.38347202,0.09500503
0.48375419,0.13253364
0.39553866,0.12206240
0.43558869,0.13300789
0.50574949,0.16715644
0.42579769,0.12869847
0.48154637,0.12208765
0.48800151,0.13540313
0.38763830,0.09989546
0.53374949,0.15263369
0.38479583,0.13786302
0.39599425,0.09391807
0.47965581,0.15672661
0.38892301,0.12940596
0.70095287,0.19851476
0.47070952,0.10419298
0.52332999,0.17048952
0.39945423,0.08628691
0.39599541,0.09381171
0.39824670,0.13124840
0.51255108,0.14057101
0.47004610,0.13331610
0.33950524,0.06929047
0.33087156,0.08094162
0.49905339,0.14388954
0.49784803,0.11649411
0.39961291,0.12381856
0.40465581,0.11715566
0.46442330,0.11976494
0.33142875,0.08102106
0.52384682,0.13617690
0.40236735,0.09413363
0.45415680,0.14016375
0.38538290,0.10951405
0.44552382,0.12190051
0.38123642,0.09851169
0.49658347,0.15723073
0.40575717,0.11711202
0.36707348,0.13093334
0.33190696,0.07037416
0.55473960,0.13754701
0.44549061,0.14730327
0.43545706,0.10592136
0.37657545,0.10095132
0.39435861,0.09692390
0.44443979,0.13818953
0.52421270,0.13746458
0.41469068,0.10495208
0.43692689,0.09004706
0.47544604,0.15220233
0.54768975,0.14325894
0.48960764,0.12334125
0.48174505,0.12228633
0.43233021,0.12454577
0.49809452,0.15220840
0.40155124,0.11093810
0.36549228,0.12197626
0.41502654,0.12619754
0.33369269,0.08077601
0.51628889,0.15201748
0.47947734,0.11495627
0.32374093,0.07913594
0.35227825,0.10938860
0.51036263,0.10835676
0.42195478,0.10578276
0.35334467,0.11861207
0.46948392,0.12315146
0.45923715,0.13803216
0.45801545,0.10604030
0.40964214,0.10560042
0.62612355,0.16652485
0.31761893,0.08187619
0.40144036,0.10168811
0.58610057,0.19960077
0.36535400,0.07848219
0.40285495,0.14467973
0.43120212,0.09638611
0.55697657,0.13372740
0.50521271,0.10876522
0.45764344,0.12812729
0.47310586,0.14897336
0.39053382,0.08183163
0.47800424,0.11146450
0.42378827,0.14561175
0.36191174,0.10039856
0.56032563,0.15115118
0.50638154,0.13824852
0.65119455,0.19544665
0.44943396,0.12296424
0.43089302,0.12899037
0.37952088,0.09736781
0.36792280,0.09496853
0.36541835,0.11256075
0.38681484,0.08054860
0.44986602,0.12161765
0.43581344,0.13156755
0.42421047,0.09746514
0.44282844,0.11446875
0.39469716,0.11360031
0.54367880,0.14904133
0.41905368,0.11501730
0.37975663,0.08870070
0.44646135,0.13980116
0.36774293,0.09569552
0.59047067,0.14153174
0.41894063,0.09754036
0.38378867,0.11092789
0.32715866,0.08641031
0.46450174,0.12512093
0.44584625,0.11308491
0.50939344,0.13764644
0.44221516,0.13227768
0.39936020,0.11191707
0.47412515,0.13118283
0.42507355,0.14754568
0.52488964,0.15470936
0.42626519,0.09593806
0.48910461,0.14258667
0.40098644,0.12164235
0.30951488,0.10383727
0.36209792,0.08157335
0.39935290,0.10711219
0.44937696,0.11840481
0.34220196,0.09151586
0.42621509,0.11399169
0.51171407,0.11493446
0.41636402,0.14431408
0.44996862,0.10401949
0.47240363,0.11058438
0.52044278,0.15881813
0.30751019,0.09608963
0.37515330,0.08457105
0.38395331,0.12796351
0.60201976,0.16207477
0.45840112,0.13212196
0.36909335,0.12237547
0.40578343,0.09573593
0.50578422,0.12944466
0.40091551,0.10908444
0.45823325,0.10405573
0.41870006,0.10991111
0.46018530,0.13607208
0.44013770,0.12369450
0.43438306,0.11257847
0.39925946,0.08813822
0.38053968,0.10503685
0.32780909,0.11063693
0.42687541,0.12335486
0.43419556,0.09901911
0.36987881,0.09840595
0.30953080,0.06934155
0.30903133,0.08027105
0.55162157,0.17911737
0.40934260,0.08293230
0.48649921,0.11670942
0.35376423,0.10118396
0.53677137,0.16358911
0.32310537,0.10416052
0.40384735,0.09882952
0.39498224,0.10717447
0.38522526,0.08004479
0.60163908,0.17832099
0.36447011,0.11943439
0.44113680,0.10631243
0.43587442,0.12277532
0.48499252,0.14294762
0.52532489,0.13213001
0.39923583,0.10651866
0.51594149,0.14970917
0.37571640,0.09521563
0.39593573,0.12178108
0.48640827,0.10704627
0.53157894,0.13076189
0.44244408,0.12239873
0.38699125,0.10954128
0.42239005,0.12687725
0.47173830,0.12404248
0.45683436,0.11551535
0.44356462,0.11872351
0.38651994,0.07857386
0.56223909,0.15721410
0.42286505,0.11525576
0.35133537,0.08534082
0.44067147,0.08876708
0.34166425,0.10965163
0.40089751,0.14545077
0.44747004,0.12759753
0.46228656,0.14625359
0.38906731,0.12153207
0.35938663,0.11338839
0.40349520,0.12841049
0.37555209,0.10418033
0.40591648,0.10876820
0.38421791,0.08959522
0.37458022,0.09083223
0.36688964,0.09328498
0.32586327,0.08176414
0.42153862,0.11246083
0.29454115,0.08412133
0.38340641,0.11235050
0.53693548,0.16930777
0.41001134,0.08296134
0.32394876,0.11168075
0.38825214,0.11245102
0.36248452,0.08814224
0.49081779,0.15555090
0.46110373,0.12205871
0.49984545,0.15696475
0.34603543,0.10980739
0.48064170,0.15249424
0.44181152,0.12893473
0.35529189,0.09072628
0.35720725,0.07007431
0.32868525,0.08804005
0.44550807,0.14562125
0.37617908,0.10403942
0.37157100,0.10360298
0.52324656,0.13667678
0.39871573,0.09170659
0.37085745,0.11934968
0.44376653,0.14163231
0.38016170,0.07547543
0.41596414,0.13959043
0.31628614,0.10176055
0.43147225,0.11157263
0.34643341,0.10069900
0.35209564,0.10956982
0.43017628,0.11777071
0.36957821,0.12488126
0.42340061,0.10761971
0.49491788,0.13320322
0.35965629,0.12130533
0.59090150,0.16493491
0.34486356,0.09980118
0.50306233,0.12219810
0.45726997,0.14453521
0.39575878,0.11355592
0.43391081,0.11957369
0.43310031,0.14199809
0.38510264,0.08237636
0.44453415,0.12220064
0.40624730,0.12253649
0.40346458,0.13306412
0.37465492,0.11142070
0.41389039,0.11138313
0.53331303,0.14649504
0.33077780,0.07242404
0.52913504,0.14275291
0.40515093,0.08071191
0.50926973,0.14980936
0.47698341,0.10911570
0.33459718,0.11058431
0.50136546,0.12370452
0.42841966,0.13448871
0.43724457,0.08134739
0.33539344,0.10253636
0.41416792,0.12600553
0.34597162,0.07687107
0.36280045,0.10669038
0.50108293,0.11326548
0.46965072,0.13805198
0.37503938,0.10167183
0.44578807,0.09745650
0.45862338,0.11135398
0.33834814,0.09054456
0.42261369,0.14123622
0.43833071,0.14429789
0.47864729,0.14014883
0.49212451,0.15403567
0.39581912,0.11409002
0.47121648,0.13443227
0.45033966,0.12730247
0.36803910,0.10026566
0.35073726,0.12312162
0.34924332,0.07926839
0.39163668,0.11325103
0.43488632,0.12141898
0.45131712,0.12422445
0.47860033,0.11021281
0.39025696,0.09591205
0.42926037,0.09621559
0.54232289,0.15898011
0.60669702,0.14062643
0.37489569,0.08217458
0.45297193,0.13553908
0.46077281,0.15174870
0.29351444,0.09426278
0.56018545,0.12423915
0.34289466,0.10250668
0.44762219,0.08717655
0.42947781,0.13269187
0.50648929,0.12790384
0.43606281,0.08154613
0.47288779,0.12227729
0.49745799,0.11431855
0.47319250,0.13339210
0.36388097,0.09241716
0.51043326,0.13065697
0.36269506,0.10711772
0.38603641,0.12083895
0.43256794,0.12404237
0.54829241,0.16653816
0.41668639,0.12506699
0.30300079,0.09187096
0.40618637,0.11799545
0.49049102,0.15093391
0.54273531,0.14228180
0.35614062,0.08899301
0.50861048,0.14406274
0.43511350,0.12815643
0.38679636,0.10140946
0.49067920,0.10972267
0.34449023,0.12254963
0.54931062,0.13664934
0.55867500,0.13107016
0.42503408,0.10588937
0.62838300,0.16211678
0.49383246,0.14650543
0.36798541,0.08477790
0.50742681,0.13703907
0.38903915,0.10748573
0.46172190,0.10311798
0.45298413,0.15757515
0.50570748,0.11741709
0.51330390,0.15060567
0.35497101,0.07392804
0.45707570,0.13662712
0.51287504,0.15299628
0.41001439,0.10495549
0.36712202,0.11473260
0.55874804,0.16216428
0.43126482,0.08905040
0.44635031,0.13106945
0.44735117,0.13080666
0.45048590,0.13832406
0.46151164,0.12856385
0.42426020,0.12198063
0.49241048,0.11612398
0.43421622,0.13086898
0.46692520,0.14971258
0.48748160,0.13390206
0.46130706,0.10910459
0.33091532,0.07488700
0.46433872,0.13148482
0.38898573,0.08040175
0.40698169,0.12877252
0.37579999,0.08595511
0.41867107,0.09268466
0.43678300,0.10399203
0.42413458,0.10351293
0.31431240,0.06974260
0.42080371,0.10458264
0.49946983,0.12348249
0.44278048,0.13136169
0.48773882,0.14990320
0.40686244,0.10943419
0.34941627,0.08789416
0.47566692,0.11718237
0.34049658,0.09515196
0.41041596,0.09789911
0.32918878,0.09730496
0.48117302,0.10310632
0.39444057,0.09860100
0.32034177,0.07576793
0.38393950,0.08857813
0.45345360,0.14920241
0.44598915,0.13504679
0.42216215,0.13974233
0.37896071,0.09525670
0.42932254,0.09627994
0.45584981,0.11726052
0.47400092,0.12997229
0.39157575,0.12756534
0.41300496,0.12717465
0.42308877,0.09688990
0.47029398,0.10753162
0.53600561,0.12470109
0.49868694,0.11853965
0.52845843,0.14157151
0.39600498,0.11324371
0.45219680,0.10426417
0.35951983,0.08365294
0.40400358,0.11772679
0.45156079,0.13731139
0.44898419,0.13096811
0.35564938,0.07347588
0.38126464,0.08887276
0.47590518,0.11177173
0.38126571,0.09870219
0.59114033,0.17730770
0.48906814,0.11129868
0.38387766,0.09706063
0.40278036,0.10993249
0.32937750,0.07389639
0.49003130,0.12234243
0.36379072,0.09574512
0.29446551,0.08931204
0.50553920,0.11083533
0.43472358,0.12287164
0.37477363,0.12172097
0.58364794,0.14841262
0.52284529,0.14210572
0.33294325,0.09121502
0.55765296,0.11230911
0.47382226,0.13952962
0.44604747,0.12541812
0.40184882,0.11831007
0.47857306,0.10918027
0.42439333,0.09116070
0.43975425,0.09677305
0.47090126,0.16248703
0.57576710,0.18052530
0.45358167,0.15318073
0.44037452,0.09814736
0.45383592,0.12295125
0.39468093,0.11448436
0.28712672,0.06150130
0.40339309,0.10833320
0.43053867,0.12580387
0.47878004,0.13470231
0.34013874,0.09931292
0.54206832,0.15093856
0.32590475,0.09818748
0.44567630,0.12401005
0.41298357,0.09831770
0.47306210,0.12198164
0.50569942,0.10831929
0.32552316,0.09354960
0.40085653,0.10474058
0.40455731,0.11481744
0.43066689,0.11054426
0.38926796,0.14853840
0.36128759,0.08690344
0.49951354,0.11565243
0.41824353,0.10792690
0.45408367,0.10827415
0.37076771,0.12635915
0.49942798,0.15852861
0.44172673,0.12401969
0.32853303,0.09766647
0.47493302,0.13192618
0.45105194,0.10803702
0.49256907,0.10842627
0.50168633,0.14528225
0.43704155,0.13766000
0.39404431,0.09808823
0.43879317,0.09871359
0.47598275,0.11632450
0.37637196,0.08849412
0.35195628,0.09016753
0.49151685,0.10591749
0.33702593,0.09218806
0.38821749,0.08852403
0.37536023,0.08281998
0.38231575,0.12073950
0.40118741,0.11777601
0.50829982,0.15368113
0.37340497,0.10578530
0.37352349,0.07932189
0.36958555,0.10247334
0.32186813,0.08789783
0.51427422,0.14173597
0.31332203,0.10279263
0.52705616,0.16322728
0.35073686,0.08541058
0.50311108,0.13216041
0.48092492,0.11145797
0.54313097,0.14720468
0.48957761,0.11815775
0.50363486,0.12588486
0.42578331,0.10030295
0.42026229,0.14438082
0.38087600,0.11531673
0.38154145,0.10342261
0.42804570,0.14352396
0.46813748,0.09858670
0.47442393,0.14608354
0.42029279,0.10862597
0.45283483,0.09711847
0.43960993,0.11970899
0.36858381,0.08479740
0.56611517,0.13844717
0.55116516,0.16315786
0.59324982,0.17936236
0.43915100,0.14580208
0.41778137,0.09019108
0.44650286,0.12617817
0.37721969,0.10156231
0.46407096,0.13503831
0.44949233,0.14007751
0.54644411,0.11596614
0.53369074,0.13408874
0.39697901,0.07900684
0.34500240,0.09548569
0.58559564,0.15435557
0.39287418,0.08121330
0.36000828,0.09008284
0.46883211,0.12721389
0.46803563,0.10398206
0.39795108,0.12047153
0.48810899,0.13153937
0.54769279,0.13105942
0.58016759,0.15797646
0.38334153,0.12089112
0.38691102,0.10225649
0.33595761,0.09081024
0.47178487,0.10193795
0.35896525,0.09000348
0.39449952,0.11843537
0.36875253,0.07598382
0.33106021,0.08519716
0.33977425,0.09686322
0.47462470,0.11043187
0.42297910,0.12154804
0.43313483,0.15710888
0.38093497,0.09443160
0.36505777,0.10225763
0.27290399,0.07251696
0.48928488,0.13715960
0.45410440,0.09921316
0.38009619,0.11611518
0.38678093,0.10073350
0.34737381,0.09707698
0.39157687,0.08516278
0.44604529,0.12580131
0.31851469,0.08233982
0.39155354,0.10177642
0.50488167,0.13954647
0.30166589,0.09847302
0.37297690,0.10041466
0.43528561,0.10103272
0.50185833,0.16326577
0.38840106,0.08955686
0.34956042,0.10012101
0.48464788,0.12091766
0.50376032,0.14189395
0.40509328,0.11505640
0.39685228,0.10018379
0.57675240,0.17573605
0.52353559,0.15085957
0.43280349,0.12785754
0.60807955,0.14962655
0.48212889,0.13080304
0.40566653,0.10570472
0.45163061,0.15477829
0.60846816,0.19969654
0.51402294,0.14723089
0.37812580,0.11064168
0.39652369,0.10687641
0.44511399,0.12867843
0.38532784,0.11198312
0.58194349,0.13856079
0.53095953,0.12729883
0.54371900,0.15956251
0.39989118,0.10020427
0.47177292,0.12041487
0.45042379,0.11217937
0.44435034,0.14101091
0.51155923,0.14884127
0.49063338,0.14498321
0.42142191,0.10083414
0.40384980,0.13111473
0.40586888,0.09736219
0.45639454,0.14766354
0.44360699,0.12139158
0.34256500,0.07927902
0.43465008,0.09018532
0.38554833,0.08362097
0.41737110,0.08953100
0.46654450,0.12930768
0.34150467,0.09063991
0.40481634,0.09369666
0.44699618,0.09851221
0.50624906,0.10268531
0.38827195,0.08433488
0.34104966,0.10605210
0.59620294,0.14547404
0.39937238,0.12259931
0.48476323,0.13006352
0.46187522,0.11115966
0.30311869,0.08354354
0.40179906,0.14306771
0.43959190,0.13161516
0.50122715,0.12142160
0.49134431,0.12987125
0.48186828,0.12108770
0.44774294,0.11980879
0.39360529,0.10357851
0.36353985,0.08409373
0.51008011,0.15461657
0.41265259,0.11193370
0.46297498,0.11788619
0.30856358,0.07516627
0.47946256,0.14457429
0.36910630,0.10135253
0.37126948,0.08986726
0.42996020,0.10989965
0.52609342,0.14758481
0.39597014,0.08894360
0.53165558,0.12826904
0.38101327,0.10959222
0.39777005,0.09020749
0.50239661,0.13384371
0.46845942,0.13795369
0.46015887,0.11720568
0.41042773,0.11245037
0.38199395,0.11300159
0.35697044,0.11651734
0.46753618,0.12440769
0.43632757,0.13568255
0.41282643,0.09690378
0.33193277,0.10337071
0.42496860,0.10772657
0.55499883,0.12194521
0.42459962,0.14808602
0.44746970,0.11401138
0.47252024,0.13809329
0.55535614,0.14634092
0.44229543,0.14126543
0.49103883,0.16403283
0.48598558,0.11480265
0.46158581,0.12812275
0.36314810,0.07135383
0.47517259,0.16908662
0.33712122,0.08547081
0.34670153,0.09669653
0.51750984,0.14858764
0.59875936,0.16835735
0.50820880,0.10215466
0.36758772,0.09115563
0.48808218,0.13689187
0.31168076,0.07445566
0.41304156,0.11346362
0.50180429,0.15836116
0.45172577,0.08633777
0.40994542,0.08889917
0.52175511,0.14129853
0.49769502,0.13457530
0.32698422,0.09205005
0.39842112,0.10400463
0.38680421,0.13043949
0.33147699,0.09043923
0.43579096,0.13103413
0.44070081,0.12513550
0.44366161,0.11058897
0.39341535,0.11039117
0.41711739,0.14547321
0.47847109,0.10543153
0.52772075,0.11896223
0.40487921,0.12874384
0.27954989,0.07180150
0.47155719,0.15563451
0.42138878,0.12574063
0.34845872,0.08475124
0.34773661,0.07412718
0.39744480,0.12539946
0.48410420,0.12121466
0.53315548,0.16143661
0.50654387,0.16869595
0.51537133,0.14052353
0.36060704,0.08050779
0.51633734,0.17044194
0.49235960,0.16086441
0.46405790,0.13506045
0.38775445,0.11309362
0.35446816,0.10849927
0.43863208,0.11074427
0.34259088,0.08359101
0.58883430,0.14980240
0.45057897,0.08552948
0.37919165,0.08900867
0.49286272,0.10483552
0.48136030,0.13302911
0.41724911,0.09601435
0.38708022,0.09320668
0.41037120,0.11617162
0.39140514,0.08685740
0.41842750,0.09741779
0.44181756,0.14262566
0.43009640,0.13499783
0.47100726,0.12459702
0.49799856,0.14372046
0.37769362,0.08863653
0.52630975,0.16616793
0.46398700,0.14159163
0.33616089,0.08635322
0.35332838,0.07881540
0.45662945,0.12482249
0.50769023,0.14704866
0.51547088,0.13932791
0.32139670,0.07249840
0.47977761,0.12534950
0.43844690,0.09285232
0.42658995,0.14845941
0.36204703,0.08526446
0.32529845,0.07781238
0.42817930,0.08997892
0.39906887,0.10945099
0.37755705,0.08925521
0.39652541,0.09313967
0.35395897,0.10556445
0.39460431,0.08251811
0.40143754,0.12608807
0.48659347,0.10751276
0.41707970,0.13196078
0.40957126,0.08854216
0.59198941,0.16195396
0.38242666,0.09346098
0.33417097,0.09336263
0.40931355,0.12335468
0.42105515,0.13637866
0.39190502,0.08062090
0.40823721,0.09466919
0.46797703,0.14552067
0.35815089,0.11217149
0.42635854,0.11678957
0.42620679,0.16032157
0.33221149,0.06903607
0.53929482,0.13611071
0.37881814,0.12838614
0.42946384,0.10034134
0.50486973,0.13084204
0.49350176,0.15283700
0.50291613,0.13773289
0.44593159,0.13938443
0.37076733,0.07924803
0.36889933,0.10943510
0.44212425,0.13573809
0.49824243,0.13427753
0.36343318,0.07446822
0.30782626,0.11365562
0.40764176,0.08961156
0.36831123,0.09921987
0.43413203,0.08957902
0.49275510,0.11747332
0.52207000,0.15565578
0.41153211,0.11234374
0.49852665,0.14285795
0.48122291,0.15187452
0.39466067,0.09309526
0.56056898,0.16971109
0.53739554,0.16313914
0.42489725,0.10582130
0.31792281,0.07745530
0.33688987,0.10908497
0.36237511,0.08419556
0.43048375,0.09502725
0.33869252,0.10249190
0.42753723,0.10194807
0.32019503,0.08975772
0.39924838,0.10145335
0.38893194,0.11926919
0.42246627,0.10709490
0.48169838,0.12367247
0.43691823,0.10897783
0.44152356,0.13775986
0.45770383,0.14230228
0.41720755,0.11039336
0.41154756,0.10941836
0.38975368,0.10017215
0.40974585,0.08655249
0.52929420,0.17607464
0.35117352,0.11249059
0.42760464,0.09714907
0.31601441,0.08477757
0.54686805,0.15782304
0.37501076,0.11518062
0.46269344,0.15034028
0.36421813,0.09724996
0.40783834,0.09117988
0.52398732,0.16118792
0.44960912,0.10272760
0.46991471,0.12141946
0.50045352,0.11349544
0.30860962,0.08619209
0.41897886,0.10502099
0.44141949,0.09731374
0.47869246,0.14106509
0.43859256,0.11645300
0.46302355,0.12777852
0.47636489,0.16033596
0.45550408,0.12097972
0.35982890,0.08893630
0.47630984,0.12680403
0.29827946,0.07481076
0.49047569,0.14367888
0.49508808,0.14779936
0.50012876,0.11948131
0.33660536,0.07505573
0.50892853,0.15834504
0.37263877,0.11194643
0.43757725,0.13171415
0.53172267,0.18353153
0.45562556,0.14062559
0.35907060,0.08815803
0.55670399,0.16502673
0.43815720,0.14132950
0.34070951,0.10423693
0.53861854,0.12596680
0.55013755,0.14089296
0.46836255,0.15148557
0.35923722,0.10990135
0.50466221,0.12631750
0.42042478,0.11372430
0.50127191,0.11717927
0.45422243,0.10368949
0.47031604,0.14176284
0.50295656,0.12328029
0.31768670,0.10778678
0.35550984,0.08203285
0.44325105,0.11989315
0.41889425,0.09256158
0.50661542,0.16032448
0.47070267,0.12234498
0.37391944,0.09215824
0.52093656,0.16331462
0.47671508,0.12176855
0.46598822,0.12760372
0.38279584,0.11398706
0.35227224,0.08542575
0.48070271,0.10882712
0.29256051,0.08449824
0.42646364,0.12594056
0.34822660,0.09903752
0.37372695,0.12253843
0.34984668,0.08702864
0.44442627,0.10317934
0.42469798,0.12671041
0.47689239,0.09271011
0.34586829,0.06964667
0.50190104,0.12233368
0.47785663,0.10642894
0.34526370,0.09192252
0.41248997,0.10956511
0.47783058,0.15566219
0.46617001,0.14277010
0.33251632,0.07708216
0.39928977,0.09389483
0.36796526,0.11298131
0.45737211,0.09008482
0.36115836,0.08393153
0.51414950,0.13250378
0.38749200,0.08753753
0.60720405,0.16264719
0.49031888,0.11324778
0.38154432,0.13079738
0.47990125,0.14202660
0.44930831,0.09566139
0.37137830,0.10187013
0.39622284,0.12355536
0.32674875,0.08685398
0.35581798,0.10190889
0.41693609,0.12127157
0.48060249,0.14599213
0.38330845,0.09783750
0.43505419,0.08885243
0.33644143,0.12382040
0.32132744,0.10457507
0.43148380,0.12260895
0.45861104,0.13080698
0.36577794,0.11693829
0.46032731,0.12695078
0.52122438,0.13295957
0.36745163,0.09957059
0.44587164,0.12551272
0.32675441,0.07124566
0.35479029,0.10393751
0.40273316,0.11214092
0.43988136,0.10651796
0.38874524,0.12735646
0.47900576,0.16811143
0.31698186,0.10323780
0.43665669,0.14024509
0.46060699,0.10758082
0.39021604,0.10845323
0.39763528,0.11204305
0.40877359,0.13537690
0.48216151,0.12919821
0.41703220,0.10855702
0.40073071,0.11084055
0.36514560,0.11566493
0.42660399,0.09833845
0.38960954,0.11249495
0.35362767,0.09266601
0.46038925,0.15249230
0.48127639,0.14846090
0.41354851,0.13026051
0.36246517,0.12527027
0.51146201,0.14589859
0.35543545,0.07319086
0.40064101,0.12541000
0.34939113,0.09400409
0.41451873,0.11021650
0.35006484,0.11607466
0.50085542,0.10562947
0.42352538,0.13117820
0.45088519,0.11858084
0.31899875,0.07835223
0.50545236,0.12078796
0.37798449,0.08579427
0.41460384,0.07665537
0.31712665,0.08696979
0.46799848,0.13115014
0.57154446,0.14703336
0.43463611,0.12166064
0.41311936,0.10932917
0.38887127,0.11722680
0.41607963,0.12074412
0.41729524,0.11390686
0.48861466,0.13262073
0.47954127,0.10426779
0.43855224,0.11456742
0.40247238,0.08926020
0.44989551,0.12448544
0.36543266,0.10779414
0.61438467,0.14754961
0.53004227,0.18188975
0.59791448,0.17000940
0.35004394,0.11846272
0.44857790,0.11703956
0.38470643,0.08319496
0.38355241,0.10664418
0.43850989,0.12995480
0.42786143,0.13821671
0.48620211,0.14285011
0.54720847,0.15509754
0.48068995,0.11622530
0.39785081,0.08820302
0.35756003,0.08580088
0.50780587,0.12892442
0.41036278,0.12963603
0.44962255,0.13541312
0.51926651,0.16604924
0.42756074,0.10852019
0.51754772,0.12749131
0.64455665,0.16580339
0.40573550,0.10037671
0.37197813,0.09075395
0.48017071,0.13049683
0.40269486,0.09098151
0.34254549,0.08580455
0.32744666,0.08567710
0.42804927,0.13064089
0.47253812,0.11737096
0.53838744,0.15066062
0.32115937,0.12210551
0.48476928,0.13221442
0.48115639,0.14103125
0.46820625,0.13742234
0.31335448,0.08708506
0.48492812,0.17081604
0.36964576,0.09053268
0.43447924,0.09356525
0.40730495,0.12323966
0.35308602,0.07425876
0.51387631,0.16933156
0.43145979,0.11582437
0.46997772,0.11352904
0.41676792,0.10519852
0.34110318,0.10183111
0.53541542,0.15783049
0.38340069,0.11464253
0.53194970,0.15695916
0.32724979,0.07888575
0.31506188,0.07350154
0.39528154,0.10380262
0.35667032,0.10322129
0.39356463,0.08144619
0.45148602,0.13270544
0.41491764,0.09672730
0.40126548,0.11784942
0.52025505,0.16796521
0.49410721,0.15102320
0.46813785,0.13581348
0.51627768,0.14081813
0.34699343,0.12680724
0.49115541,0.11320945
0.43464705,0.10225845
0.34376299,0.08396534
0.46120552,0.10995826
0.31070578,0.08333422
0.42142964,0.11183211
0.35482777,0.11646354
0.45903703,0.10669944
0.42512751,0.12930118
0.36504116,0.10835258
0.50167719,0.13944803
0.38469163,0.10166387
0.36882326,0.08839045
0.47498132,0.13862798
0.36638720,0.11817564
0.50069372,0.17240481
0.49456962,0.12864226
0.53562809,0.14580196
0.39272153,0.12042745
0.44704484,0.10067049
0.31770142,0.08671649
0.36561793,0.08777306
0.46737854,0.13470498
0.43655981,0.08590544
0.54137682,0.15756239
0.40518248,0.09843043
0.53753154,0.13515585
0.33860859,0.08024101
0.49132714,0.09510255
0.48392515,0.16184368
0.54552588,0.15505004
0.41593607,0.11398361
0.45893747,0.12783454
0.40203719,0.11854952
0.46414248,0.10651443
0.35109004,0.09350740
0.32078945,0.07688068
0.45052479,0.14709735
0.44757312,0.13893105
0.35431209,0.11102927
0.52617409,0.16827468
0.37910841,0.12245555
0.37953339,0.08109984
0.44127882,0.09264929
0.40000042,0.13091495
0.36290381,0.08625030
0.50892862,0.12881677
0.45090722,0.13021941
0.34322381,0.07350821
0.48891118,0.14851815
0.41755815,0.12623443
0.35834121,0.11730037
0.44207003,0.14815191
0.33612039,0.08371116
0.34797177,0.09944327
0.36472631,0.11232590
0.38418503,0.09331605
0.38606843,0.10055499
0.46323966,0.13869091
0.56296734,0.15239471
0.38994965,0.08358353
0.38335791,0.08017502
0.38497643,0.11067735
0.37173474,0.08755180
0.42222513,0.14034008
0.41608064,0.10927992
0.44353265,0.12866118
0.46817671,0.13931797
0.45320784,0.16377900
0.52273837,0.15982118
0.48333543,0.13805423
0.42564158,0.09659566
0.41056442,0.09191614
0.41264848,0.11175523
0.38594881,0.11947022
0.52848830,0.17634573
0.34877545,0.12259842
0.36869107,0.12580324
0.45323971,0.12224261
0.48931625,0.13182309
0.50147629,0.13873487
0.42196413,0.11353624
0.51400057,0.15978704
0.47407174,0.10655236
0.42329243,0.11287006
0.35229674,0.09090722
0.48851876,0.15440768
0.46408372,0.13869549
0.42350324,0.10114360
0.55937318,0.12232808
0.46707989,0.10388116
0.35650838,0.08938130
0.40786529,0.12496422
0.45284467,0.12250976
0.42503533,0.10150619
0.49953714,0.10753144
0.36299858,0.11820956
0.54929641,0.15349180
0.37038681,0.08842184
0.41358394,0.08218914
0.33413280,0.08675777
0.36411135,0.08979253
0.32542307,0.08333187
0.35138872,0.07387844
0.49174687,0.11670261
0.45111669,0.12982830
0.43768230,0.10652320
0.34448853,0.10742535
0.50763844,0.12909973
0.54127073,0.12843224
0.28942204,0.08796369
0.43644355,0.09814238
0.42179914,0.12159271
0.40864319,0.14133134
0.40550455,0.13908496
0.36550239,0.09644586
0.43726406,0.13012082
0.33691654,0.11015477
0.41543021,0.10922757
0.42940409,0.09742131
0.38903803,0.13163333
0.43102413,0.09554997
0.34169399,0.12052287
0.37741268,0.11466593
0.46136371,0.13573817
0.52183312,0.17290133
0.32696794,0.09905030
0.38890107,0.07753801
0.31878083,0.08799206
0.39676036,0.10833173
0.50886202,0.14192295
0.39136072,0.08491415
0.38083738,0.09998555
0.37730130,0.09354388
0.49200220,0.13875428
0.42940956,0.12828653
0.35605764,0.08196864
0.52726053,0.16848647
0.42866311,0.11035253
0.42161937,0.08806798
0.35426751,0.08071819
0.44998871,0.11897813
0.41334234,0.10916248
0.34760960,0.06827807
0.49659063,0.14162681
0.43547782,0.11338827
0.48709148,0.11017028
0.37485470,0.10842984
0.30739201,0.07067834
0.32846336,0.06352147
0.35438633,0.08768955
0.39812958,0.08145242
0.37728771,0.09328615
0.44888652,0.11893035
0.40498617,0.11764162
0.37914546,0.13697323
0.53298456,0.12389645
0.54428088,0.16383816
0.37649548,0.11131444
0.42386144,0.12509133
0.33726722,0.09719995
0.37239478,0.08493762
0.52260859,0.13866967
0.36547174,0.12503904
0.41678224,0.09573218
0.44117195,0.10491058
0.34456467,0.07625877
0.39944200,0.08376190
0.51639017,0.16087115
0.33128262,0.08077830
0.41190680,0.09335771
0.42572661,0.11681707
0.38837442,0.10364529
0.38614395,0.10765221
0.50357073,0.12439621
0.45495487,0.11189583
0.40113830,0.10855684
0.39766473,0.12217271
0.43609524,0.11791057
0.38929611,0.12070308
0.38541663,0.08570181
0.44134080,0.10997747
0.50233126,0.11123889
0.53878304,0.11160681
0.53504488,0.14599942
0.42756788,0.11459394
0.36193186,0.12567391
0.45643941,0.13710053
0.37883967,0.10323696
0.49853734,0.14896550
0.43544136,0.11794037
0.45510247,0.12446418
0.53129745,0.14170233
0.46356721,0.13275106
0.31897044,0.08938286
0.44454145,0.10042574
0.50949058,0.13810356
0.33922438,0.09728796
0.29399191,0.09337331
0.32956512,0.09478922
0.44500778,0.11574058
0.42822471,0.11815136
0.38481724,0.11733157
0.45090771,0.13201136
0.38180313,0.10729860
0.41058892,0.10483767
0.40631259,0.12073000
0.38794840,0.07289909
0.49375278,0.10924949
0.44222008,0.10939532
0.39230454,0.11581833
0.43361147,0.09952111
0.45239982,0.09018964
0.46449622,0.10753276
0.57598136,0.16843940
0.40244367,0.11050782
0.32193777,0.07153853
0.41174455,0.09520431
0.45094167,0.12367716
0.53804322,0.13729904
0.44576685,0.09608395
0.39508407,0.12809371
0.38598702,0.07597395
0.37850148,0.08373376
0.45054332,0.15532049
0.41188852,0.12003257
0.41188093,0.12374100
0.39040009,0.08465081
0.35055912,0.09713401
0.41149497,0.12088024
0.49491943,0.13759502
0.46330418,0.11322073
0.42818927,0.10694241
0.42730347,0.14870590
0.39845621,0.08750368
0.40749929,0.13119685
0.38022825,0.14302288
0.48306137,0.12994261
0.51385853,0.16054746
0.44730889,0.13755508
0.51335897,0.14643344
0.37251696,0.11277968
0.46058037,0.10075639
0.38091147,0.11927070
0.44582140,0.14537304
0.32167767,0.10801452
0.32755261,0.08151636
0.48208727,0.12227512
0.47348305,0.13990430
0.41170617,0.13767659
0.42794031,0.11433392
0.64302009,0.16984921
0.36079052,0.12698028
0.42311334,0.11739500
0.46010367,0.11721392
0.30565416,0.06918776
0.51207634,0.12938854
0.43939699,0.10437421
0.43570869,0.09729573
0.32669271,0.07854489
0.43792632,0.10817546
0.51365258,0.11690144
0.36292704,0.07788230
0.39000416,0.09842316
0.53489594,0.14552631
0.39446066,0.09805787
0.53188006,0.14000351
0.46207291,0.10569087
0.45455214,0.14151011
0.33272003,0.09853940
0.55476586,0.13610087
0.33406743,0.07380853
0.42095961,0.10577606
0.40233461,0.08776959
0.47468344,0.10843105
0.32050302,0.10813847
0.29996394,0.08545316
0.50611559,0.09476331
0.37930767,0.10763479
0.49501086,0.16267927
0.45483170,0.12602606
0.50254172,0.14595775
0.38989155,0.12109106
0.42277089,0.09938542
0.48694150,0.13996690
0.44962336,0.10769111
0.41949780,0.13234385
0.44278089,0.15043882
0.42146878,0.10836571
0.54843835,0.11765068
0.50352438,0.10992170
0.39899173,0.10882832
0.41023932,0.11574178
0.40667740,0.12519489
0.42362463,0.12474249
0.45189735,0.12872307
0.39790248,0.10914847
0.42425276,0.10149512
0.42276069,0.10117688
0.52650432,0.13033353
0.45450679,0.13101922
0.38265070,0.10514649
0.38649595,0.12474761
0.44751413,0.11999562
0.41645818,0.11640201
0.44272916,0.12655682
0.46260064,0.12742673
0.46131438,0.13337457
0.65494806,0.14569130
0.36163236,0.08751818
0.48960734,0.13404842
0.50584470,0.16636557
0.47290419,0.11205068
0.30912325,0.08242545
0.34730553,0.08893439
0.25780218,0.07025488
0.45224018,0.14444098
0.54785727,0.14214671
0.37360915,0.10419203
0.47761792,0.11089339
0.36703075,0.09714621
0.48630982,0.13054920
0.36628489,0.08262572
0.38922221,0.10641584
0.40737872,0.11849977
0.38729074,0.12659212
0.55248096,0.14360667
0.68547956,0.17882820
0.46109448,0.14241779
0.36337312,0.09556991
0.46902659,0.12432639
0.47147344,0.14735913
0.29951359,0.08322509
0.34684344,0.11844532
0.39669514,0.11525769
0.43732299,0.11995209
0.38118306,0.09180195
0.44374143,0.10007026
0.43746308,0.11387825
0.35478807,0.08637994
0.60065690,0.17731242
0.45606478,0.12509505
0.43924563,0.13868157
0.33199537,0.08423776
0.30889178,0.10246546
0.48093890,0.10726648
0.30670796,0.06913486
0.34789466,0.08850229
0.33776262,0.10229561
0.36442172,0.08232202
0.45728985,0.12135728
0.42280467,0.13911002
0.36993254,0.09054400
0.55080329,0.14157038
0.40521693,0.14727241
0.47520591,0.16162645
0.38234423,0.10419043
0.31918574,0.08200183
0.34660195,0.07724836
0.55658179,0.14470198
0.43758768,0.10165602
0.33104735,0.08188578
0.41333322,0.09937280
0.42504732,0.13205258
0.48231578,0.11253952
0.36588222,0.08800427
0.43502274,0.11115565
0.54099959,0.16477991
0.37916303,0.13282900
0.48414689,0.13222344
0.32603426,0.08207638
0.50445353,0.10655928
0.44473966,0.11738226
0.49576458,0.12813298
0.32937767,0.09767509
0.37441160,0.11920866
0.43149146,0.14190034
0.50758506,0.12954029
0.45414251,0.10106320
0.35305984,0.12084541
0.41958419,0.10808815
0.47435331,0.14796745
0.33834629,0.09483095
0.42746694,0.13775616
0.42799874,0.11916462
0.48728925,0.09785754
0.42311616,0.12161074
0.42735549,0.13629652
0.40620196,0.11188056
0.35916366,0.07607869
0.46881996,0.15324949
0.47362501,0.10432277
0.48074914,0.12567619
0.30010434,0.09904727
0.52544237,0.12715668
0.42125414,0.11309708
0.39484004,0.12007349
0.46123440,0.11602258
0.34069420,0.11188447
0.36473831,0.08731756
0.33950830,0.08181908
0.48916688,0.16607252
0.39250343,0.13614103
0.48969000,0.10404336
0.46140277,0.10446363
0.41935842,0.12462747
0.50084643,0.14894124
0.48262480,0.14499800
0.41810610,0.08909701
0.43776440,0.10933043
0.39076403,0.08244859
0.49834733,0.14583582
0.39107876,0.11354514
0.34556153,0.08811727
0.39410999,0.10314997
0.27690188,0.07340029
0.36701599,0.08466537
0.51286519,0.13786387
0.38027889,0.09474065
0.29956249,0.08453781
0.46038794,0.11575182
0.43126027,0.12869778
0.40029230,0.13572582
0.40218919,0.11144334
0.30100044,0.10195735
0.47846471,0.11588828
0.53342008,0.15411538
0.39345869,0.10321923
0.42797867,0.11799331
0.46851768,0.14195134
0.56973048,0.16869951
0.45273523,0.11751723
0.42662544,0.14092385
0.39563481,0.09139719
0.42859350,0.10042871
0.39845125,0.08773713
0.45893693,0.11604142
0.38369671,0.09667982
0.35962856,0.09079535
0.47852394,0.14983677
0.45578260,0.11586722
0.41374828,0.12867888
0.45430927,0.12367175
0.48666272,0.16205969
0.44073921,0.10355006
0.34214233,0.08361751
0.34256392,0.07778741
0.49667483,0.09735380
0.33343192,0.08448723
0.41077646,0.11974494
0.31761107,0.09073832
0.51386530,0.16875726
0.41644543,0.11567503
0.33577911,0.09206975
0.39062074,0.08056253
0.53314785,0.13873959
0.51669395,0.14785979
0.37473490,0.09692456
0.34944392,0.09245969
0.44146921,0.10695039
0.43069047,0.11595133
0.36638754,0.10125746
0.54519872,0.14901277
0.52653170,0.14362196
0.41154903,0.10389008
0.46354998,0.10430116
0.42457347,0.11352496
0.47130395,0.14696490
0.41432374,0.10685969
0.45169503,0.14566592
0.47961115,0.09977543
0.46673010,0.11683659
0.49163686,0.14030259
0.32502865,0.11363019
0.48898546,0.11659634
0.43648850,0.13876971
0.48117469,0.16148027
0.35503373,0.12844052
0.42702693,0.09726115
0.51827552,0.11953717
0.39214244,0.09648866
0.33668127,0.06539182
0.41748613,0.13005386
0.39534022,0.09084745
0.49422401,0.11277124
0.44736370,0.10717487
0.43341306,0.11005341
0.56628086,0.14883336
0.51253750,0.12354328
0.45939909,0.11264217
0.38456660,0.11673039
0.42334995,0.10707159
0.38444630,0.11815892
0.50234614,0.14761513
0.50652813,0.14798842
0.34269788,0.07699274
0.39822766,0.12132594
0.34090499,0.10919428
0.42648345,0.11865199
0.36344983,0.10041544
0.36216213,0.10122725
0.35468759,0.10702012
0.33321334,0.08210084
0.37406110,0.13202834
0.46300360,0.15579321
0.43519321,0.10532641
0.49127359,0.14591425
0.33363259,0.08589923
0.50381081,0.12511688
0.51166772,0.12295006
0.50214307,0.16007885
0.45926610,0.13345758
0.43926103,0.12270524
0.44114701,0.10790467
0.31187094,0.07365333
0.35637255,0.11263649
0.60579119,0.16663802
0.39614960,0.08518195
0.34002853,0.11699167
0.45808678,0.10347069
0.40339358,0.08918749
0.34416548,0.11217241
0.40181306,0.13901684
0.35979416,0.12518876
0.39774272,0.07336341
0.40434671,0.09908840
0.45101662,0.12494310
0.54138149,0.15612254
0.34120000,0.09210632
0.47455483,0.15940639
0.41048759,0.11431582
0.35775685,0.10787512
0.33566710,0.11096437
0.59524959,0.16914158
0.45569624,0.14821893
0.45270744,0.16437905
0.31949349,0.10957056
0.46006974,0.10267664
0.61328097,0.16080152
0.32601860,0.10545817
0.44146504,0.10674234
0.51344898,0.12842333
0.40208094,0.11495658
0.38893229,0.08956528
0.43774387,0.13299880
0.39257653,0.09447051
0.36107486,0.11972088
0.34443536,0.09370525
0.32206804,0.08854592
0.41051183,0.09513554
0.46196316,0.12559917
0.46455605,0.13900528
0.53862181,0.13602037
0.42090720,0.13937958
0.56923334,0.17381021
0.47154707,0.12620571
0.30880638,0.08994135
0.45115924,0.11652493
0.42272284,0.13098759
0.38834507,0.08083005
0.46556227,0.12260184
0.41868378,0.13435088
0.47302780,0.14715674
0.45198946,0.12953311
0.45035737,0.14027506
0.34051925,0.10758356
0.56558374,0.14615048
0.38350120,0.13052286
0.33142064,0.10193114
0.58496045,0.14478084
0.40489159,0.10545994
0.49221400,0.12768785
0.34394570,0.11788540
0.45474416,0.12591721
0.41799977,0.12893421
0.36825476,0.08315988
0.44732401,0.14377083
0.37128483,0.08179327
0.42326705,0.14847402
0.38796189,0.12783757
0.46845329,0.13937420
0.47751840,0.11271386
0.44416887,0.12900456
0.47429308,0.12232285
0.39497079,0.12770544
0.31837997,0.09723110
0.43599729,0.09931933
0.35275461,0.11971701
0.48574840,0.15666898
0.43940874,0.11229971
0.35948246,0.08586474
0.37757523,0.07863867
0.46607978,0.14769590
0.50605213,0.11600497
0.37973656,0.11709017
0.33995983,0.09115180
0.47735120,0.13558214
0.40559091,0.07237940
0.29506451,0.07211544
0.39229062,0.10003084
0.52244229,0.15165210
0.42286163,0.10607215
0.36777350,0.08137409
0.29731975,0.10675974
0.51592825,0.11584196
0.42652806,0.09378857
0.33875360,0.08928637
0.53103884,0.11737451
0.49012985,0.10276207
0.58512176,0.17454472
0.46658931,0.12830670
0.47925287,0.15544835
0.46003333,0.13130171
0.32770561,0.08416895
0.43197879,0.09527627
0.34946752,0.11540787
0.42082420,0.08412177
0.41691508,0.11787288
0.56932858,0.14620522
0.48543234,0.12445677
0.45528854,0.13475728
0.40250334,0.13017027
0.32143861,0.11484310
0.57201081,0.16224432
0.36346582,0.07821866
0.45049419,0.12226251
0.44155618,0.11454631
0.32745397,0.08800160
0.33169623,0.09284896
0.30089729,0.07491867
0.35304369,0.10733865
0.34146512,0.06751956
0.36114751,0.09607093
0.44183586,0.12064655
0.37223264,0.09219029
0.40363754,0.08180566
0.53159351,0.13961619
0.45123555,0.13952421
0.37869863,0.10766024
0.49856724,0.15694437
0.67031580,0.21198749
0.48484472,0.12835526
0.37349458,0.10623635
0.32470004,0.07071159
0.40567394,0.08742857
0.45254397,0.11814686
0.42328352,0.12808340
0.46679069,0.12768439
0.49620604,0.12285917
0.50835014,0.11329407
0.33475946,0.08395606
0.48540974,0.14619465
0.48258934,0.14683328
0.29837717,0.08527845
0.42671529,0.10558686
0.41713528,0.10574521
0.35358052,0.08740976
0.44919055,0.10316534
0.48043549,0.15250991
0.33360268,0.09167791
0.43283631,0.09495557
0.34660223,0.10702098
0.50466346,0.12957692
0.50658579,0.12433330
0.36048395,0.09884961
0.52743336,0.16020241
0.44950079,0.11488857
0.48365739,0.10682466
0.47078466,0.09677858
0.51670849,0.13407241
0.45403990,0.14302555
0.48522251,0.10952648
0.44672478,0.14612683
0.26350701,0.08439743
0.46730549,0.14983146
0.31842556,0.07640401
0.46482898,0.12591661
0.38838432,0.10847422
0.39004532,0.10660593
0.50468794,0.17376601
0.35384345,0.09193293
0.40522939,0.09778918
0.34032020,0.08221965
0.41784612,0.11563181
0.32627786,0.08093501
0.32158011,0.07493199
0.36531396,0.11102339
0.48572660,0.15012033
0.36535199,0.09053810
0.45495025,0.11436159
0.53795780,0.11960669
0.50259455,0.13785544
0.43640511,0.11762885
0.45608409,0.12082890
0.44983622,0.11254046
0.47744088,0.13249762
0.59475892,0.15257435
0.48818760,0.14807493
0.33513663,0.08867830
0.39730294,0.10430969
0.33930450,0.11450551
0.38265058,0.10607828
0.43558656,0.10411868
0.37587699,0.11428522
0.40067824,0.14126737
0.32996362,0.09082912
0.43936659,0.11622212
0.50040333,0.13662653
0.31060530,0.08324205
0.55613751,0.14392536
0.50760672,0.13457786
0.51084051,0.13126564
0.44162123,0.11340486
0.51020042,0.14013011
0.45480162,0.13310050
0.42638614,0.14200269
0.41019851,0.11568914
0.44729750,0.13115200
0.29980640,0.06507881
0.35687004,0.11982416
0.48389076,0.15137062
0.38926070,0.08676231
0.31253453,0.08924800
0.29334360,0.07559462
0.31045695,0.08552134
0.43793221,0.13848844
0.46758586,0.12599225
0.41889052,0.10358123
0.37112849,0.14385713
0.47596837,0.14921883
0.37671457,0.11005666
0.48077205,0.12154996
0.55804254,0.16925126
0.36485979,0.09226164
0.44673652,0.12719704
0.53169640,0.14585668
0.41511089,0.08544154
0.40832729,0.08301911
0.53734532,0.16825195
0.48254966,0.12257141
0.29391323,0.08497481
0.45577055,0.13444596
0.33136237,0.07935267
0.49557603,0.12901905
0.43870120,0.10994628
0.51046044,0.13130187
0.37407334,0.09356228
0.42709815,0.14891583
0.40067155,0.11662608
0.38002374,0.08316746
0.31208114,0.11052404
0.34575886,0.10117454
0.39005227,0.12375546
0.50414400,0.10216693
0.54707975,0.14926717
0.44107608,0.11910480
0.37695160,0.08958541
0.31392480,0.07969502
0.51753209,0.17032063
0.39037220,0.11605572
0.47888666,0.15859060
0.36852187,0.08732133
0.43483615,0.09365465
0.48596012,0.12643829
0.54078789,0.18808745
0.55416508,0.12536916
0.36739147,0.10981898
0.45214197,0.12908867
0.56872663,0.13695456
0.50224790,0.15185192
0.39888475,0.07560345
0.45244674,0.11351234
0.44707592,0.09801087
0.52337909,0.15472420
0.38012391,0.08698972
0.43409444,0.13812360
0.47401005,0.14423766
0.39011579,0.14626667
0.47142130,0.16188530
0.31115904,0.06583540
0.45442492,0.10136833
0.36364028,0.08005073
0.42546856,0.11822906
0.47377945,0.13931523
0.43537438,0.09556204
0.37812536,0.09199917
0.31736536,0.08806140
0.56341596,0.16402489
0.45177719,0.11791842
0.47425589,0.14011552
0.34206684,0.11186878
0.52523473,0.13217646
0.44183860,0.11773749
0.35820615,0.10107598
0.40096145,0.08439453
0.55857286,0.14519949
0.43365874,0.15128171
0.48702433,0.14074898
0.49890279,0.10950739
0.50538422,0.13154497
0.35413363,0.07823627
0.52988766,0.13417032
0.53866244,0.13278330
0.35589375,0.08911419
0.36436277,0.08510429
0.36862401,0.07475507
0.42961181,0.12499222
0.51797826,0.15671952
0.32657482,0.07392091
0.52484412,0.17252557
0.46424488,0.12932930
0.33026646,0.07571814
0.37325823,0.10862942
0.43085969,0.11061688
0.34057927,0.07383545
0.44088224,0.12891299
0.36362936,0.09909937
0.42071613,0.11559767
0.33991903,0.12127996
0.51017779,0.15511862
0.46233531,0.10387781
0.48287242,0.12732803
0.41979286,0.11897943
0.27381649,0.08251045
0.48183287,0.10071265
0.30282049,0.08206310
0.40489465,0.08988460
0.39773087,0.10095015
0.58461160,0.15860863
0.41542921,0.10063434
0.44277826,0.14642000
0.44086189,0.14081098
0.37256367,0.09778765
0.59325464,0.15511145
0.45280246,0.10679198
0.44431874,0.13919342
0.44102710,0.10831334
0.39765354,0.08883474
0.43353191,0.09427165
0.35401595,0.09394546
0.43304032,0.09427455
0.47344557,0.11865835
0.36568706,0.12268107
0.33226079,0.09264263
0.36967760,0.09243545
0.44812570,0.13613159
0.35799996,0.11878384
0.40432587,0.10921554
0.39851751,0.14317913
0.47511531,0.15419208
0.47090740,0.09851737
0.38531275,0.09596280
0.34981651,0.07982979
0.31664322,0.08038410
0.38393662,0.12389178
0.45783503,0.12904132
0.43138630,0.09394888
0.49831115,0.13982196
0.46348107,0.15798982
0.44849376,0.14271293
0.41341252,0.11048976
0.50669654,0.14486186
0.33691881,0.09585427
0.48438219,0.16111155
0.37188418,0.08706620
0.30374447,0.10902542
0.45491436,0.14198154
0.44143577,0.09613959
0.53779249,0.10811407
0.39592421,0.10229892
0.38156380,0.10900263
0.40911987,0.12079092
0.37200026,0.10055055
0.43459762,0.12012519
0.46667713,0.14217115
0.39301879,0.10223434
0.35715060,0.07603593
0.44557002,0.12669317
0.42862155,0.11159391
0.46249958,0.14483105
0.37729820,0.12548991
0.50407638,0.14939666
0.37531083,0.10998355
0.33397203,0.06433870
0.48861626,0.14630638
0.52320926,0.14965731
0.46349434,0.10483926
0.45120270,0.11116942
0.38563129,0.11027621
0.36415680,0.11365843
0.43488642,0.14663002
0.48011153,0.12946923
0.51926072,0.15497557
0.40119653,0.09974853
0.61269245,0.14721322
0.50759522,0.12663335
0.32218226,0.09477737
0.38295208,0.10641317
0.39500307,0.08500597
0.40600370,0.12778741
0.40572624,0.08464336
0.39880073,0.13577822
0.41405913,0.08600592
0.51112458,0.14946145
0.39212640,0.09280579
0.63194176,0.17716369
0.44889408,0.11304287
0.42841779,0.12768768
0.50725816,0.12523140
0.35300329,0.08262830
0.37260828,0.10932978
0.36665355,0.11475443
0.52197696,0.15238066
0.39348775,0.08331012
0.35024827,0.07710687
0.39215212,0.08877583
0.30703580,0.08152255
0.46686418,0.11128722
0.47674909,0.12688034
0.44011538,0.15221615
0.43497112,0.14252800
0.36764294,0.11386374
0.42205505,0.10475742
0.40947233,0.11595671
0.48631562,0.15222330
0.48575883,0.14912514
0.57923346,0.15146171
0.38829561,0.09831367
0.48840236,0.11505631
0.44365633,0.10207247
0.46504228,0.13038989
0.36001943,0.08079683
0.47123956,0.12720747
0.32375717,0.08612076
0.37783004,0.09400897
0.36964915,0.10998506
0.31594567,0.08652143
0.47177522,0.10736611
0.36851221,0.08487555
0.38890259,0.10767753
0.41786696,0.08970490
0.51785636,0.12962443
0.57686237,0.14270283
0.35802784,0.10898730
0.45010780,0.14603349
0.39885021,0.10500037
0.35238202,0.11442906
0.52010249,0.14741854
0.47157176,0.11313335
0.35989150,0.11213845
0.43860215,0.14489878
0.47254348,0.15806046
0.40514635,0.15335435
0.51590119,0.14183890
0.35908457,0.09683563
0.38677154,0.12128191
0.54638505,0.16547795
0.39666411,0.09173350
0.46286643,0.15293490
0.49741517,0.14422135
0.33458878,0.10635867
0.41985552,0.09817027
0.28135763,0.06249420
0.49040519,0.10588799
0.44080893,0.12456418
0.42819637,0.09565385
0.57318765,0.17014200
0.39474593,0.10174778
0.49365476,0.15278934
0.53153755,0.12630453
0.37491821,0.11918832
0.41404565,0.14399622
0.39869702,0.12098860
0.34709700,0.08383916
0.46567606,0.15167832
0.53054237,0.11988100
0.41917449,0.11652625
0.41943730,0.09212623
0.40934594,0.12682308
0.32039952,0.11323651
0.37287395,0.09645750
0.37112444,0.07744422
0.44285476,0.12282742
0.46449694,0.13344276
0.45510205,0.12342106
0.31906785,0.09765382
0.44660016,0.15255036
0.43280557,0.12233078
0.46089293,0.13486882
0.34847976,0.11680124
0.44509422,0.12332973
0.52018450,0.13821155
0.47456505,0.13518518
0.39774594,0.11521177
0.43504598,0.13267948
0.54274955,0.13855488
0.36755352,0.09366434
0.33111980,0.07518090
0.41492855,0.10381622
0.40413623,0.12461699
0.45841911,0.14360765
0.42846619,0.09938501
0.39487350,0.11884245
0.37200338,0.10751235
0.50657649,0.13665529
0.45746318,0.13406142
0.45151347,0.11646484
0.40432230,0.14357703
0.41485638,0.12937650
0.59468577,0.15767457
0.33633704,0.09123873
0.41786231,0.14820797
0.46272700,0.12734549
0.49537354,0.11480352
0.38503486,0.13913468
0.47539015,0.12642863
0.35244029,0.10768678
0.45057626,0.12899444
0.45097672,0.12984169
0.50279048,0.13470620
0.34518078,0.11036433
0.32178522,0.07840761
0.34539492,0.10040728
0.49405208,0.13158175
0.62659419,0.15413670
0.42972327,0.12320888
0.42724079,0.14976586
0.35208255,0.11121856
0.44429636,0.13187611
0.40633135,0.09223096
0.42725550,0.09057754
0.35663180,0.07729127
0.45127586,0.14105652
0.47372124,0.13939925
0.39616457,0.10695393
0.38533971,0.10134003
0.35252511,0.07997349
0.46249880,0.16005226
0.48892046,0.12481715
0.39886274,0.10588314
0.45909915,0.13774951
0.46920856,0.12182412
0.34582543,0.10732824
0.45882383,0.09983716
0.29499026,0.07090266
0.36678921,0.11696510
0.42758227,0.10927547
0.52950328,0.13192859
0.46243234,0.12314681
0.47084554,0.15374382
0.47601122,0.12767977
0.42621652,0.13704153
0.41994627,0.11803925
0.34097091,0.07581183
0.45868763,0.15303079
0.53868887,0.11618883
0.39788153,0.11339790
0.38350470,0.10973594
0.39391720,0.08589950
0.46485840,0.11418417
0.46750037,0.11997803
0.34378669,0.11257945
0.49720877,0.14740096
0.37561294,0.13428264
0.28108366,0.09469147
0.47464376,0.12270188
0.40494336,0.12952267
0.45909658,0.10586837
0.47726231,0.14053847
0.42604226,0.12050398
0.52900340,0.14112463
0.50940951,0.13299114
0.54043261,0.17478225
0.54827347,0.15138961
0.38960645,0.11778559
0.32107668,0.07430687
0.27941775,0.06460693
0.40353857,0.11579022
0.40096962,0.08889348
0.44365090,0.11618124
0.50654373,0.11115096
0.51644857,0.13344679
0.35299119,0.07338615
0.37856651,0.12992997
0.46379481,0.15120513
0.43750918,0.13781524
0.50731941,0.12627594
0.40037009,0.13410988
0.55430447,0.15015699
0.49192022,0.15895820
0.40296531,0.12343919
0.39522806,0.12616110
0.51931394,0.13031129
0.49899996,0.14997264
0.44993176,0.11345999
0.33553532,0.10848905
0.37754060,0.10423028
0.34078194,0.09125848
0.46453206,0.14312389
0.51561980,0.11060772
0.40192010,0.09595314
0.36764237,0.08539156
0.42236539,0.14123402
0.45595436,0.12005519
0.38921551,0.11594346
0.45019124,0.11748740
0.39904949,0.12860031
0.33061120,0.09700257
0.45111863,0.11195255
0.52625788,0.14217007
0.36585376,0.09769125
0.38481678,0.08172595
0.44483218,0.09108187
0.39966433,0.12382475
0.43036696,0.12303943
0.48790211,0.12213097
0.32711325,0.08245008
0.41304284,0.11016414
0.46618315,0.15702347
0.45377238,0.11660182
0.51152583,0.14559631
0.44447961,0.11566775
0.32584288,0.07888772
0.40268399,0.09864070
0.42507133,0.13613372
0.33814069,0.11277182
0.36621366,0.09413019
0.31142903,0.08188630
0.38366673,0.11829670
0.39225926,0.08325021
0.43021183,0.08853354
0.48261088,0.14277474
0.45631180,0.09420688
0.42883407,0.12581649
0.51973222,0.15919084
0.40152830,0.12830594
0.41725998,0.11967163
0.42028532,0.09430385
0.41969275,0.09152575
0.41167347,0.10646164
0.42247946,0.12371358
0.46656709,0.12294396
0.46360609,0.12990918
0.39177178,0.11627881
0.43115599,0.14408992
0.50322125,0.15059850
0.47442051,0.14362342
0.32343442,0.09476713
0.49389301,0.11707875
0.40740516,0.12551439
0.36824632,0.08189461
0.53618827,0.14601389
0.49521778,0.12671850
0.44730570,0.13567830
0.50968909,0.13564384
0.34540384,0.07967743
0.50419306,0.12196651
0.34848881,0.08317288
0.38972868,0.09337824
0.49813296,0.15603493
0.37744838,0.10156363
0.53575027,0.12108005
0.36540318,0.12178528
0.55373876,0.14286987
0.39308850,0.08263553
0.40406460,0.11582753
0.36628267,0.11211608
0.35274247,0.12320813
0.31962855,0.07215671
0.40753885,0.09267336
0.39730837,0.09005750
0.52261297,0.15123574
0.38513649,0.12089246
0.34353038,0.10342803
0.33617508,0.08570422
0.42437579,0.10020539
0.37915725,0.12232978
0.45922434,0.10732097
0.49478407,0.15152649
0.32001645,0.09585483
0.39115578,0.09676633
0.46593036,0.12279604
0.47638818,0.12006407
0.36200887,0.10857934
0.39444433,0.09787203
0.37602421,0.11859321
0.48891675,0.13054775
0.37979165,0.08323976
0.37048262,0.07775739
0.40633888,0.13372228
0.39047328,0.10085896
0.41033203,0.09560398
0.35189668,0.09928750
0.36836254,0.12410304
0.28933970,0.10575232
0.32628255,0.07480371
0.41261215,0.09674929
0.35305891,0.08338819
0.41927664,0.09030048
0.48136741,0.15347424
0.47202306,0.09720115
0.40618417,0.10153639
0.43738017,0.10061649
0.50682253,0.13126808
0.52984736,0.14559310
0.38536707,0.13034272
0.39875219,0.08104278
0.30272707,0.09993641
0.56108531,0.12116325
0.39127455,0.09063909
0.52677636,0.15668714
0.37868700,0.10173800
0.40423610,0.12045449
0.62390712,0.15470007
0.37756486,0.10196219
0.52397730,0.13594028
0.39548791,0.13551296
0.38660680,0.09749627
0.53332168,0.15896396
0.54301262,0.14692541
0.46585067,0.11838142
0.47171059,0.13205260
0.44970140,0.11297771
0.40539404,0.09552547
0.46874004,0.12240140
0.39186887,0.12398132
0.55105194,0.12721467
0.44623692,0.14426409
0.39504560,0.13071291
0.36226958,0.08815222
0.42227096,0.13282805
0.55652082,0.12076744
0.35402978,0.08413332
0.34603037,0.08469700
0.33086758,0.08985696
0.37018243,0.10314064
0.37069794,0.12203434
0.39890395,0.09042405
0.42072492,0.11739285
0.37200860,0.10849131
0.43462328,0.09637797
0.48360094,0.11300615
0.38367584,0.10894348
0.42556616,0.10203304
0.51611574,0.14196418
0.35176579,0.09665827
0.54050744,0.16109113
0.42580981,0.10535669
0.44984883,0.11825064
0.50357085,0.13490281
0.38182348,0.12944968
0.36601183,0.10620925
0.46377511,0.12910238
0.38644231,0.13112207
0.50920270,0.14346474
0.48995531,0.12921720
0.46000461,0.14282938
0.54509186,0.13113041
0.34948012,0.06640816
0.49678157,0.12041756
0.46326852,0.11439685
0.38316533,0.09163006
0.49216363,0.14942614
0.40792708,0.07743291
0.41369548,0.08024232
0.36361733,0.11662112
0.38032843,0.11795040
0.58768144,0.15693665
0.41983820,0.09212865
0.38223109,0.12195005
0.53980679,0.13355277
0.29699667,0.07446791
0.50017096,0.12596904
0.42353124,0.09801379
0.48197680,0.13195199
0.54093045,0.14413881
0.29941593,0.10131569
0.51787538,0.12134333
0.32255225,0.08594143
0.47869245,0.14746011
0.34215013,0.07252354
0.36357348,0.10172281
0.42825465,0.11567301
0.33900466,0.09886910
0.48518947,0.12886036
0.41890733,0.14289975
0.37925734,0.11059718
0.41685758,0.11443750
0.44703908,0.12435157
0.29342348,0.08173469
0.38099289,0.12134649
0.33592495,0.11865875
0.42788805,0.14449004
0.37627632,0.08218264
0.50144031,0.13722393
0.37491866,0.09587254
0.42933931,0.08626777
0.31054730,0.08222668
0.47418535,0.11377109
0.40676087,0.09463444
0.43470122,0.14605218
0.48571625,0.15138742
0.42065282,0.09260184
0.33559491,0.10679203
0.35020793,0.11566762
0.38792078,0.09912001
0.44472225,0.12153971
0.34638955,0.07950467
0.56595236,0.16248259
0.51306089,0.13273250
0.34450420,0.06985867
0.45436817,0.14335429
0.52904843,0.16174832
0.39725233,0.07714912
0.61622361,0.15571615
0.49869957,0.11231224
0.50438203,0.11644851
0.41899081,0.13396895
0.54881858,0.14457861
0.39594844,0.09690282
0.47174396,0.14386367
0.51153296,0.15672978
0.37301718,0.08325864
0.39845196,0.07988855
0.34058401,0.10918483
0.39858682,0.13194113
0.40343622,0.10045950
0.49047824,0.14153985
0.43357872,0.09416893
0.51844629,0.11548062
0.42612277,0.12182788
0.39945305,0.11264868
0.37915755,0.12127961
0.43091464,0.14100643
0.37419759,0.08313576
0.53355017,0.14013068
0.27648549,0.07779689
0.43115471,0.12086229
0.43347892,0.11088551
0.54632746,0.13900321
0.31855495,0.09413355
0.80316723,0.20113268
0.46914829,0.15778573
0.34337276,0.08295408
0.39312462,0.09283024
0.40336972,0.09930969
0.36850749,0.12421032
0.43388392,0.10988274
0.34937355,0.11083346
0.48837702,0.12934899
0.38277379,0.10464869
0.58003604,0.16920300
0.37966772,0.07431190
0.52032044,0.12873188
0.44199027,0.14390893
0.29375954,0.08333942
0.34821919,0.10295712
0.38317363,0.10814678
0.43244669,0.12364128
0.62078584,0.16410072
0.39759985,0.10885663
0.37040979,0.11833123
0.43618172,0.09228377
0.34681200,0.08751141
0.40086087,0.09588980
0.41836438,0.09608451
0.38134639,0.13882778
0.52153841,0.13482563
0.32290587,0.06101060
0.58866438,0.14823370
0.46035148,0.11104158
0.49327691,0.12839961
0.37555733,0.13548317
0.38751472,0.12335775
0.45652185,0.12643500
0.45222679,0.13452412
0.47593863,0.15684302
0.63005646,0.18291839
0.42175734,0.11379915
0.46709247,0.13889558
0.48263309,0.13615704
0.36842997,0.10851462
0.38930207,0.12014801
0.54241563,0.14511110
0.45360986,0.11680557
0.45541114,0.11052236
0.44804890,0.15322113
0.47685636,0.13050388
0.42087718,0.13116312
0.48056764,0.10398571
0.42331782,0.08647260
0.35964730,0.10043235
0.45128472,0.10124533
0.52296098,0.11916683
0.35415461,0.10220214
0.35372593,0.10896995
0.47353977,0.10020878
0.48492437,0.16116597
0.31737184,0.10297669
0.45094568,0.09671897
0.39464614,0.09314332
0.41728361,0.09192405
0.31725035,0.08299420
0.49664885,0.16199033
0.49114142,0.13272881
0.57954987,0.17943995
0.47840199,0.10487822
0.43031278,0.08338226
0.47121321,0.11047372
0.57509903,0.15550037
0.33226959,0.09963518
0.49323817,0.12260485
0.43882963,0.08271888
0.42725825,0.12547974
0.35127716,0.09192254
0.47444685,0.14642793
0.38278481,0.12612534
0.30310128,0.07352185
0.43999136,0.12940700
0.48934914,0.15054962
0.46891130,0.11833374
0.39736211,0.10634139
0.46840095,0.12654194
0.49463311,0.11452612
0.46325551,0.12413200
0.53101810,0.16720074
0.33041024,0.07217067
0.38992910,0.08919427
0.46669745,0.14960261
0.47484606,0.11018858
0.47290973,0.13002742
0.44482564,0.10012089
0.34532186,0.09829781
0.39666143,0.07780664
0.49874304,0.15149131
0.46904795,0.13437541
0.40537289,0.11767803
0.44079235,0.13501435
0.45226684,0.10287207
0.49081990,0.17294034
0.43073098,0.08549356
0.57793157,0.16550212
0.41467459,0.10763145
0.33735716,0.10387824
0.44225489,0.08420590
0.52514972,0.14384398
0.47768415,0.12986081
0.35998507,0.11678720
0.42765849,0.14053927
0.35651068,0.11327852
0.48921395,0.11885269
0.36333672,0.08424824
0.43919840,0.09654982
0.42875396,0.11777651
0.52708713,0.14200378
0.39213050,0.09380685
0.47303267,0.13381999
0.43399395,0.09297503
0.42895888,0.10991492
0.40919053,0.11434554
0.54630122,0.19092682
0.47896952,0.12331114
0.53199120,0.13381826
0.43738253,0.10754192
0.42312649,0.10019584
0.36229738,0.07884745
0.35570261,0.11942982
0.55728357,0.14185217
0.37368454,0.11859050
0.35964330,0.07771386
0.45584844,0.11991930
0.40358967,0.10370223
0.27014356,0.07323976
0.44494920,0.11592871
0.49755928,0.15329687
0.47579534,0.12674993
0.44038016,0.12585077
0.40145896,0.09304242
0.42769216,0.11434910
0.43459159,0.14797268
0.40212580,0.12730852
0.46510919,0.14247721
0.40525354,0.13767471
0.44588055,0.14152543
0.44613768,0.08629796
0.42933530,0.12958585
0.48230413,0.14291842
0.51954121,0.14001995
0.38624827,0.11003875
0.48629275,0.13571834
0.49905426,0.11879927
0.46633612,0.13150638
0.38983442,0.12002668
0.43811065,0.13134223
0.50425366,0.13115055
0.55914513,0.12761761
0.52074950,0.13994625
0.57262125,0.16197670
0.51848403,0.15232508
0.47906306,0.10495977
0.43827680,0.14169216
0.38436578,0.11609251
0.40547291,0.11861704
0.52549746,0.13392491
0.42260938,0.09104168
0.39263658,0.12119640
0.46390510,0.14482429
0.40856490,0.12419529
0.29714979,0.08576669
0.45773860,0.12713754
0.50697715,0.15379473
0.36877052,0.08808330
0.47272814,0.14066473
0.38655138,0.10554265
0.45232863,0.11530141
0.54743940,0.15496424
0.42971564,0.12698011
0.46886395,0.13855395
0.43903409,0.10981196
0.37534751,0.12550922
0.48004103,0.12758618
0.39507072,0.08122146
0.47409457,0.16291635
0.46170631,0.12235361
0.47397147,0.15502575
0.48466422,0.12226098
0.39111215,0.10107010
0.36543747,0.12071640
0.46324330,0.15198001
0.49473254,0.13603017
0.46131803,0.14702629
0.51963485,0.14542754
0.42741863,0.10589712
0.45028975,0.15298922
0.53723122,0.14491976
0.35982053,0.07174593
0.37944170,0.12750997
0.25262350,0.06598500
0.60352536,0.14645364
0.32811841,0.10767313
0.34345275,0.07246882
0.36097405,0.12632528
0.48077611,0.15359696
0.44154379,0.12657893
0.30871288,0.09855852
0.40365658,0.10474779
0.29702523,0.06811930
0.56301935,0.17212762
0.41381478,0.10455357
0.34693024,0.09241641
0.41198724,0.12223820
0.40639550,0.10321693
0.45753613,0.17244919
0.38300034,0.13384844
0.48604270,0.09663868
0.54971364,0.15799275
0.36377208,0.07499591
0.42978634,0.14025052
0.38848383,0.11675640
0.44100967,0.15418155
0.38067654,0.07854136
0.49776625,0.13483031
0.38968833,0.07677056
0.34646862,0.10337238
0.42978815,0.11434205
0.42717318,0.10387695
0.40160429,0.11617461
0.34382698,0.10647837
0.53282719,0.15770358
0.43637583,0.10812168
0.34922785,0.11479670
0.35934986,0.09140171
0.36151919,0.13028245
0.40101089,0.10108154
0.35712934,0.10678942
0.46616990,0.13600331
0.45545922,0.13648440
0.31028202,0.08137198
0.30449001,0.07717664
0.48817291,0.14313478
0.37114812,0.10874960
0.31392074,0.07790012
0.40070295,0.08928702
0.35341928,0.09310931
0.45544842,0.12222830
0.39727882,0.10396443
0.42730430,0.14271650
0.43160342,0.11838009
0.47654164,0.09889663
0.33101746,0.07606598
0.39792471,0.11186690
0.44953814,0.08713413
0.44530708,0.12739131
0.43136853,0.09735718
0.45514990,0.14544711
0.45595596,0.11372888
0.43999593,0.12661784
0.50425738,0.12012417
0.48451018,0.13044941
0.31623817,0.08051375
0.45000336,0.09610802
0.36709308,0.10338882
0.60289865,0.14014681
0.40726044,0.12590493
0.42353069,0.09336818
0.35174895,0.10549794
0.43714523,0.12895372
0.47722112,0.09218351
0.39947194,0.09994358
0.49898059,0.12472912
0.54069416,0.12376752
0.47218318,0.10216564
0.39264276,0.09006614
0.42263500,0.09698525
0.49331342,0.14109547
0.53680067,0.15180413
0.42239533,0.12354539
0.44016871,0.10596606
0.43390216,0.11359955
0.54226460,0.14744621
0.49406838,0.15836960
0.32004813,0.07452673
0.46663607,0.12140300
0.43794348,0.14813008
0.52059904,0.15874242
0.35529767,0.11613633
0.37582483,0.10946867
0.36674597,0.11544102
0.38971846,0.10999367
0.48026782,0.12118979
0.40629978,0.08701092
0.36556330,0.10024733
0.45403615,0.13806810
0.34285916,0.08519983
0.39064409,0.08783142
0.54006296,0.16110656
0.51464531,0.13422401
0.39548353,0.08938957
0.35623201,0.11006443
0.45185975,0.12241060
0.45493339,0.14059638
0.53611923,0.14043087
0.32509316,0.08017175
0.38425696,0.08816700
0.29766820,0.07578504
0.31595553,0.10620769
0.39008001,0.10643288
0.36927644,0.10519192
0.36463307,0.08010070
0.48045382,0.14313308
0.33939527,0.10699286
0.43463118,0.10872692
0.41904649,0.13159460
0.38761120,0.12816357
0.41098791,0.08945486
0.44850555,0.12577737
0.38376085,0.09964445
0.41010513,0.11943105
0.40724995,0.11404964
0.32951899,0.06893336
0.38778100,0.10432379
0.27315008,0.08280369
0.45865811,0.10666718
0.37063440,0.12176369
0.34848973,0.09192301
0.39893306,0.12952639
0.47924305,0.15767136
0.54401803,0.14849844
0.38810803,0.10568935
0.38905745,0.09328459
0.31158820,0.07457489
0.45933603,0.12880326
0.41104303,0.10365274
0.53875321,0.14208593
0.53870841,0.12048244
0.40354304,0.12046483
0.32065518,0.06924835
0.36509835,0.10642305
0.40592944,0.10241171
0.49120522,0.14217498
0.49308126,0.16230585
0.47631464,0.09946481
0.39810605,0.08871379
0.35248764,0.08814490
0.35896536,0.07856275
0.39603617,0.12717176
0.34885150,0.08388583
0.37773077,0.07743100
0.44140379,0.09952670
0.38859763,0.09228276
0.35618097,0.07861679
0.40625155,0.09269604
0.50386674,0.12878811
0.39806950,0.09603183
0.51221536,0.13240945
0.45647911,0.09592179
0.40195802,0.12554294
0.42285573,0.09301126
0.64821252,0.18007890
0.58751285,0.14871745
0.47424461,0.11321901
0.57537028,0.15998610
0.43624323,0.09290630
0.40829707,0.13005731
0.40952483,0.13812052
0.40565043,0.09002073
0.43584457,0.13509842
0.39630243,0.14204564
0.47968090,0.13339245
0.37397946,0.08330722
0.33490468,0.08692054
0.42698004,0.12669848
0.38946424,0.09882875
0.47147780,0.14945982
0.36178864,0.10569105
0.44084961,0.14506777
0.38185985,0.11146384
0.45362539,0.11736562
0.45206974,0.15590185
0.53127767,0.14858174
0.56644590,0.15849337
0.38819353,0.09392990
0.53238192,0.10507284
0.39681831,0.08667473
0.48951910,0.15886344
0.37359140,0.07766207
0.50054848,0.13249734
0.46561659,0.13459073
0.55103752,0.12885481
0.51057102,0.12666700
0.35963540,0.09956502
0.41452191,0.11974472
0.34693958,0.11977797
0.37281672,0.09692720
0.37417671,0.08057607
0.44269202,0.09747272
0.40116999,0.13637174
0.49132268,0.11748260
0.44618575,0.11649275
0.35627738,0.09158769
0.51968076,0.12500249
0.42509771,0.12337999
0.41968713,0.13948035
0.46951762,0.10284228
0.51435126,0.15474304
0.44124592,0.08941277
0.39715101,0.13138649
0.37307350,0.10393789
0.36234634,0.06615459
0.39053127,0.08828376
0.33636572,0.09604909
0.38788148,0.09750804
0.53911524,0.14362815
0.43885911,0.12988130
0.40735782,0.11576646
0.45522840,0.12751346
0.32247477,0.07102167
0.45552346,0.12035982
0.52578093,0.12484375
0.50252445,0.13834103
0.42536608,0.09039808
0.38011797,0.09694484
0.54684389,0.13519618
0.43606970,0.09320662
0.34466642,0.08655382
0.43123600,0.12260700
0.39657905,0.08748763
0.39728055,0.09559040
0.37007872,0.12110455
0.36486455,0.07022008
0.41703278,0.13521798
0.39838581,0.11274997
0.34996163,0.09384297
0.47410441,0.11858100
0.38321143,0.08623800
0.50438363,0.15260861
0.43967931,0.12603172
0.58212103,0.14618396
0.54067631,0.13952692
0.55414706,0.19398895
0.32921657,0.07523136
0.40399879,0.11286124
0.59750530,0.14829641
0.42783342,0.09577119
0.46836723,0.10211359
0.40021855,0.12162231
0.54570867,0.13666113
0.45177331,0.11323409
0.39918659,0.12472368
0.53210783,0.16058627
0.38963121,0.12836678
0.52836347,0.16270278
0.28034191,0.07071949
0.34500296,0.09328996
0.45934425,0.15657501
0.45100798,0.12623394
0.50153747,0.10972944
0.39252884,0.08696135
0.48090696,0.15695747
0.57146786,0.14284670
0.48198518,0.09340078
0.53813676,0.13273591
0.33396583,0.07482478
0.34818774,0.06904053
0.43483976,0.09430198
0.51003763,0.13492275
0.45140232,0.13224785
0.46952739,0.13965170
0.44937360,0.11526576
0.46710913,0.13762075
0.55142538,0.12902493
0.47359771,0.09411417
0.38944598,0.13357051
0.39163845,0.10911453
0.44623001,0.13181602
0.38661928,0.08781321
0.34196363,0.09874105
0.51730651,0.12643694
0.43752883,0.12593339
0.44733513,0.12564812
0.44843982,0.12519009
0.49116644,0.14385794
0.41029643,0.12701728
0.39705037,0.12378906
0.51105579,0.13764320
0.35071186,0.07386095
0.42889178,0.10501316
0.44459025,0.08994990
0.55492727,0.15480317
0.48830629,0.11830224
0.43828857,0.09960575
0.44343632,0.09968054
0.55338567,0.16944577
0.59754437,0.13101671
0.39269898,0.10987180
0.43608906,0.11569974
0.44465605,0.12050640
0.39083897,0.12052993
0.42308333,0.12412914
0.41844168,0.13328064
0.49536946,0.14855981
0.44683364,0.13780466
0.44221287,0.12290072
0.35959553,0.09148285
0.52095133,0.12110462
0.39840606,0.08496333
0.38384080,0.08122317
0.38120148,0.10911462
0.44184045,0.12660141
0.54799124,0.17550817
0.47693785,0.13046541
0.44984090,0.12266077
0.48544145,0.11714895
0.41817112,0.11183574
0.34460386,0.09104989
0.38622162,0.11591314
0.35220467,0.10619051
0.48925972,0.13741918
0.40656408,0.09616699
0.45863688,0.13905113
0.42535444,0.13532625
0.41389468,0.12572110
0.48852618,0.14361599
0.38079520,0.09187506
0.40836100,0.12324131
0.38911540,0.12288550
0.47556790,0.10604824
0.42536015,0.10179895
0.51206600,0.15585991
0.30693488,0.08130687
0.46792751,0.12391557
0.45819962,0.11161670
0.38819003,0.13306238
0.45009672,0.14940971
0.44033306,0.09305882
0.31905904,0.11109106
0.45572838,0.12562521
0.49905884,0.16065736
0.45024907,0.10134872
0.44125849,0.14469444
0.42497260,0.12998021
0.47890098,0.12909626
0.54301924,0.11072942
0.47881917,0.12103246
0.45993803,0.12463190
0.54357141,0.15950084
0.39695913,0.11596338
0.40360164,0.13569300
0.45762750,0.13991421
0.46245841,0.13314120
0.46926952,0.14194551
0.57978490,0.14452974
0.37845375,0.08968537
0.34016033,0.08749473
0.37756613,0.11984875
0.44042146,0.10824317
0.37486720,0.08397737
0.43503714,0.10806559
0.44602842,0.12688705
0.54653209,0.16134461
0.55358752,0.16194506
0.39918676,0.12267091
0.42583395,0.12627856
0.51059169,0.14363558
0.53088528,0.17066842
0.32456851,0.09826968
0.38267018,0.11513277
0.33261928,0.10502312
0.37374888,0.11221967
0.50728353,0.15887943
0.40115910,0.13033688
0.46078228,0.15707080
0.31091957,0.06731070
0.39129948,0.12334804
0.40989736,0.11058253
0.42949046,0.13238390
0.54969530,0.15418391
0.36018524,0.09842973
0.53235468,0.13177015
0.33854429,0.10171109
0.33105718,0.07976445
0.45032885,0.11677669
0.42647258,0.14181361
0.40904323,0.13327196
0.37223253,0.09155051
0.40787638,0.11536089
0.32743600,0.07554876
0.36971716,0.08375789
0.49311363,0.10813287
0.36265350,0.11186769
0.42347152,0.09257590
0.50185928,0.12842501
0.47718822,0.12470590
0.34924320,0.10842801
0.38897553,0.08361240
0.59217982,0.15163073
0.38958341,0.11986974
0.38139005,0.10045679
0.40910291,0.13368572
0.38140921,0.12345120
0.51489296,0.13150594
0.36028667,0.10435913
0.45187630,0.12643933
0.40427528,0.12949571
0.42970396,0.12778732
0.40156175,0.09426819
0.45956476,0.14543266
0.38009574,0.09369553
0.49016907,0.12767214
0.52520313,0.15849031
0.35994376,0.12489543
0.42827936,0.14052176
0.32284833,0.07201639
0.46261962,0.14888430
0.58519550,0.18348628
0.48953717,0.10279956
0.52306025,0.11736553
0.44561074,0.10645056
0.55457632,0.14818464
0.39175227,0.13211734
0.48324209,0.15417792
0.29392246,0.07038162
0.42769333,0.10939569
0.33044282,0.10197123
0.49644548,0.13357633
0.32409842,0.08243705
0.40727173,0.09915006
0.51590100,0.14227717
0.61719290,0.18010458
0.40343674,0.13316052
0.34046929,0.09595547
0.48926602,0.13254189
0.41888959,0.10760677
0.40008037,0.12738287
0.51163406,0.15409768
0.49601127,0.14192963
0.38411506,0.08455283
0.34994805,0.10398331
0.36694897,0.10054818
0.32680814,0.07695260
0.44908169,0.13824709
0.43792365,0.14005311
0.42092037,0.10473113
0.31517756,0.08356709
0.47894658,0.10299545
0.51330062,0.11673603
0.55926302,0.14688334
0.45322992,0.12221943
0.41711080,0.11836598
0.51582521,0.13164950
0.43270157,0.11556271
0.49497358,0.14173431
0.39207968,0.09666388
0.56639045,0.14755383
0.37191469,0.09704017
0.46334882,0.12477160
0.41032048,0.10662648
0.50373298,0.13872359
0.35395095,0.11087111
0.37763951,0.09368725
0.37018308,0.11430322
0.42764422,0.12391566
0.38606840,0.10317036
0.49034906,0.16168588
0.40268320,0.09332687
0.41581973,0.13042370
0.32805852,0.07928670
0.45749245,0.12094270
0.39129884,0.11842927
0.42880637,0.13590049
0.42467206,0.11792704
0.34757463,0.11119145
0.41468173,0.12702415
0.45219129,0.11218529
0.48637380,0.13045822
0.59985746,0.16969336
0.41997175,0.11719457
0.56233759,0.14830924
0.39130210,0.10853540
0.58269489,0.15399988
0.41379789,0.12075224
0.49002964,0.13707240
0.37067122,0.11244073
0.41959433,0.12730107
0.41442038,0.12110290
0.42253995,0.12971522
0.50491727,0.13198953
0.41701886,0.11074171
0.52821973,0.13680607
0.46246844,0.15500134
0.49602141,0.12398505
0.46288873,0.09905997
0.52245589,0.11582279
0.37291731,0.12571374
0.47105528,0.11239394
0.43946411,0.10464388
0.36844584,0.11154789
0.42416112,0.11687756
0.41342791,0.13897432
0.35077316,0.08276149
0.34900550,0.11247872
0.38718766,0.10480089
0.52267500,0.14362874
0.39406514,0.09535988
0.42985759,0.10424987
0.45793452,0.12853681
0.39094107,0.11280389
0.32132583,0.11830473
0.53750664,0.14279950
0.35684292,0.09113936
0.38838988,0.09508113
0.53267499,0.14533323
0.43824140,0.09632936
0.40093744,0.08756453
0.37629188,0.10399742
0.38981420,0.09390059
0.46583869,0.14843839
0.57958446,0.17085289
0.39835302,0.09295494
0.54069738,0.13016147
0.29085158,0.08074327
0.32303008,0.10496101
0.49440503,0.13490493
0.41346340,0.11207111
0.31319797,0.08857874
0.56442688,0.13206705
0.54317030,0.16342057
0.51637626,0.13742790
0.40876840,0.09906714
0.37872346,0.12882902
0.37420244,0.11125158
0.38862725,0.09591978
0.38046312,0.09946248
0.43151425,0.13991579
0.47611254,0.14455894
0.37323618,0.11458079
0.38329119,0.12153013
0.41981119,0.09250280
0.44852473,0.11778566
0.43629163,0.13179201
0.50512038,0.13335316
0.45360464,0.12000748
0.31146006,0.07733558
0.35754394,0.10217477
0.41936798,0.08730318
0.37773726,0.08616738
0.39692106,0.09872605
0.44159480,0.13927117
0.33463896,0.11006253
0.45256932,0.12845944
0.36779928,0.09296742
0.48082829,0.11613450
0.45393464,0.09357348
0.42696836,0.09859707
0.49416839,0.13294076
0.50706022,0.12052576
0.44173475,0.14504636
0.33215808,0.11617333
0.40538623,0.11747216
0.55421474,0.13817238
0.42346419,0.09708515
0.45991957,0.13711126
0.41267469,0.10149889
0.41203820,0.09265797
0.47526683,0.11557043
0.28906271,0.08483797
0.31185424,0.06511926
0.36772691,0.13000341
0.44676752,0.11471048
0.57291088,0.13814074
0.34368660,0.08867763
0.50737361,0.12500465
0.44251185,0.12782288
0.37332148,0.11643353
0.56975592,0.16355089
0.40505671,0.10141445
0.48492645,0.10618122
0.37744516,0.13642129
0.34232478,0.09848489
0.43903972,0.12924181
0.38419682,0.08620660
0.47970828,0.11581230
0.44789304,0.13958743
0.34748811,0.09074485
0.33673547,0.08104137
0.41220735,0.12762944
0.40692280,0.10047499
0.51398582,0.13680788
0.49403533,0.13392574
0.38033460,0.09259804
0.36193557,0.11466180
0.44993488,0.09617672
0.43651252,0.10852905
0.54133542,0.14797793
0.39431750,0.11515667
0.41262112,0.07621390
0.43400177,0.10344140
0.36589610,0.10827424
0.45813085,0.14373704
0.60765815,0.17234158
0.52546215,0.14795428
0.46040519,0.12399171
0.42280119,0.12245371
0.49769209,0.15032647
0.55292045,0.15255527
0.41418280,0.10677002
0.50349216,0.10291237
0.42418438,0.13261498
0.42107720,0.11406527
0.39156626,0.12228342
0.42039766,0.10541735
0.42389436,0.11851492
0.46203523,0.11272903
0.52530425,0.12985631
0.48457468,0.13403915
0.33500834,0.07504749
0.49187780,0.10978954
0.53665171,0.14465479
0.33811761,0.11351163
0.46096310,0.11880529
0.43014688,0.09845184
0.38544774,0.09829138
0.34678662,0.11401727
0.35202515,0.08281655
0.54423609,0.16460643
0.37734896,0.12201303
0.50614346,0.14357348
0.41674533,0.13364259
0.38321217,0.11905542
0.34736475,0.10184070
0.43621282,0.15918209
0.36950934,0.08517324
0.46635850,0.14085961
0.48904581,0.13739999
0.43163678,0.14588257
0.39272918,0.10334276
0.55736004,0.12978995
0.37219482,0.08871638
0.59503479,0.15457942
0.39533625,0.10466406
0.39150708,0.10090516
0.41425137,0.13702147
0.31990142,0.09951792
0.33407283,0.10647376
0.41641586,0.14413636
0.40827946,0.12005904
0.40740319,0.11995813
0.44171848,0.14232188
0.45312196,0.10648556
0.54304591,0.16498710
0.42582746,0.09835450
0.31115671,0.06371545
0.40238120,0.10557776
0.54174684,0.16723035
0.33938934,0.10336788
0.46839644,0.14963522
0.38716639,0.12752022
0.55629738,0.15292251
0.61555211,0.15067086
0.53548628,0.14088286
0.31024242,0.07615577
0.42531726,0.12132648
0.37419384,0.10087143
0.29465814,0.08716646
0.52474058,0.13938552
0.49402227,0.14290818
0.38467726,0.09754819
0.41745715,0.09538141
0.38436170,0.08208133
0.48923023,0.14469015
0.42483152,0.10817692
0.44824814,0.10176499
0.37840422,0.09611255
0.49047636,0.13640892
0.44807847,0.15284110
0.33544948,0.10344991
0.43824322,0.10767393
0.40268886,0.13174488
0.62198744,0.16113549
0.39746490,0.11679230
0.46867043,0.15137808
0.41603610,0.11843860
0.37254439,0.11652440
0.39717235,0.09983047
0.36777400,0.08302150
0.41992260,0.13678170
0.45609644,0.10392156
0.42304211,0.10985951
0.47420868,0.12765571
0.34829085,0.07522429
0.36724016,0.08134063
0.42355007,0.12706937
0.52396075,0.13714201
0.40664447,0.10791774
0.47954510,0.14849322
0.52607728,0.15037426
0.44641993,0.11830691
0.48455001,0.12675754
0.43408614,0.10055142
0.34726570,0.10535916
0.48054163,0.10741011
0.40076702,0.10199871
0.54236488,0.15010607
0.35234049,0.10838574
0.45382526,0.13196045
0.36810753,0.11705941
0.44022681,0.08841458
0.45379754,0.14394243
0.37283687,0.11662102
0.53205696,0.14513425
0.38710653,0.12790675
0.36805789,0.09843437
0.45948522,0.12140356
0.46226820,0.14444520
0.35538391,0.09987629
0.50474407,0.12376032
0.40722179,0.11979097
0.48817434,0.11800547
0.35700300,0.08974479
0.46790243,0.09028252
0.46102180,0.12490531
0.38248286,0.07890455
0.39036357,0.11457545
0.48249278,0.15867592
0.37892762,0.08278200
0.55611517,0.15937712
0.57230504,0.14160820
0.57332671,0.13861283
0.58258935,0.13723736
0.46350751,0.13866045
0.37829699,0.13084767
0.35278154,0.08560251
0.34246704,0.09498283
0.35603538,0.07806156
0.32391862,0.07499393
0.45342578,0.13176623
0.35830438,0.10593637
0.36002135,0.11637740
0.50147781,0.13261608
0.42328372,0.09094057
0.43442760,0.11372424
0.50166569,0.14559434
0.39079375,0.11500634
0.39821127,0.12263996
0.40543499,0.08961520
0.50418451,0.11666499
0.53618008,0.16989408
0.40264069,0.08148449
0.42366224,0.10321077
0.37409162,0.09800697
0.49550791,0.14963520
0.42908712,0.14203755
0.31614467,0.08527700
0.49294186,0.13357353
0.43175416,0.09660258
0.36882196,0.08360383
0.48396312,0.13208090
0.37824841,0.10542033
0.50140248,0.12858056
0.48967916,0.10667291
0.43142781,0.12673345
0.39648471,0.10671686
0.44001766,0.11276239
0.38640707,0.08795505
0.29907322,0.06572660
0.44730233,0.09662620
0.34997950,0.10560638
0.43118826,0.12431878
0.43165418,0.12504950
0.41440046,0.11866656
0.45573186,0.10981376
0.44569620,0.12303967
0.39107950,0.13441842
0.36702312,0.08700120
0.48422245,0.13555000
0.46342708,0.14215581
0.47457051,0.12822009
0.59400904,0.17667959
0.29002135,0.08697237
0.46782866,0.13933224
0.45533831,0.14349745
0.30727699,0.08908925
0.33459877,0.11554952
0.35909570,0.10867711
0.46823410,0.13608798
0.43067899,0.09118399
0.28815225,0.09576355
0.47406912,0.12185127
0.36303447,0.12564969
0.33060627,0.08528933
0.56391062,0.14560542
0.37387191,0.09946252
0.39143427,0.10368173
0.43674846,0.11370170
0.38290879,0.08313474
0.48295264,0.10419622
0.44553618,0.12805145
0.35581403,0.12195226
0.39626674,0.07766437
0.46338829,0.12701228
0.36197774,0.10871047
0.47719417,0.13019383
0.29194563,0.08391123
0.47245038,0.13995842
0.48001236,0.14025986
0.35590323,0.08390758
0.42233501,0.11779202
0.46321944,0.14196626
0.30162719,0.08226036
0.43582081,0.13211394
0.51825779,0.15549531
0.37798904,0.10207663
0.46076677,0.10528603
0.42445592,0.10669804
0.42267072,0.12743639
0.53903662,0.13391975
0.50927333,0.13951406
0.32802713,0.10585292
0.45483923,0.10468202
0.37865195,0.12186887
0.35454609,0.08160056
0.47689474,0.14835356
0.54830085,0.13277324
0.47387770,0.14132469
0.39715473,0.11312693
0.50944371,0.19618366
0.33568508,0.07488583
0.52317360,0.15037192
0.41418273,0.13397904
0.34830847,0.06789291
0.56745249,0.18176803
0.37131804,0.11088322
0.43321379,0.12942208
0.32785931,0.08582975
0.61128162,0.15071782
0.46380438,0.10515497
0.58975526,0.18447922
0.40380947,0.12685618
0.32031291,0.10334586
0.51432487,0.15534673
0.36130665,0.11884985
0.42631676,0.11529536
0.38768681,0.10127323
0.46376236,0.12932632
0.35868791,0.11454558
0.44220722,0.09562000
0.40184659,0.08066440
0.46349826,0.09865356
0.55080373,0.12738721
0.53599192,0.14448498
0.36192501,0.07413711
0.50495524,0.11801983
0.47597719,0.15648422
0.47817222,0.13273236
0.25528104,0.06366630
0.51970972,0.10762243
0.38357007,0.08714260
0.32973491,0.07429024
0.48778320,0.13602339
0.53215454,0.15701921
0.37415115,0.09778461
0.51010739,0.15765188
0.53711166,0.11394373
0.39297020,0.09262191
0.44088546,0.11509244
0.34791982,0.12105240
0.41203117,0.10053823
0.41737477,0.13065413
0.43433186,0.09618899
0.51098686,0.14174505
0.50460268,0.13191643
0.37250808,0.13117008
0.40347480,0.11017795
0.40493681,0.12060184
0.44636886,0.17383095
0.39536719,0.08627141
0.37271985,0.11616152
0.43066458,0.08904018
0.36108587,0.11759228
0.49592291,0.12839953
0.51696089,0.12627210
0.38297825,0.10689114
0.30943802,0.10154489
0.42254959,0.08490112
0.38871979,0.11755489
0.48151034,0.11487987
0.53441036,0.15634424
0.31902693,0.09329928
0.33112140,0.10433743
0.42078901,0.10076901
0.44377751,0.10787497
0.33300683,0.12858314
0.34941372,0.11591159
0.46597244,0.12494531
0.38013287,0.12703849
0.47931350,0.12799194
0.44849961,0.16349243
0.51790747,0.16556693
0.51298423,0.15516647
0.45574967,0.12720019
0.33809117,0.09195852
0.40347418,0.12680684
0.58704524,0.16714799
0.38312409,0.10982446
0.40364970,0.12845354
0.41456956,0.14435982
0.46165503,0.12533717
0.45449548,0.12247407
0.37443079,0.09127099
0.37193516,0.08015177
0.44095906,0.11158330
0.46200029,0.14052801
0.42854215,0.08500023
0.35975112,0.07856270
0.53303330,0.15210337
0.32515792,0.09191388
0.42945637,0.10436772
0.44470091,0.09662905
0.44884953,0.10037436
0.44121725,0.10899961
0.45642250,0.14562865
0.48772674,0.13600568
0.40858450,0.12814045
0.38256827,0.12342401
0.48684217,0.10949130
0.38813126,0.07801265
0.44921415,0.10309035
0.50746373,0.12328182
0.52545597,0.13648080
0.31930597,0.09694903
0.39155696,0.08180216
0.38957851,0.09206967
0.54623268,0.16044844
0.40044396,0.13321996
0.37193325,0.11880454
0.39100973,0.13888071
0.35187614,0.10457353
0.40048751,0.10201657
0.36090947,0.08868802
0.40974072,0.11482543
0.38110727,0.10488482
0.34627282,0.08872800
0.55772463,0.15218914
0.45428207,0.12985769
0.40327471,0.09784511
0.44907409,0.11781394
0.46013970,0.11972923
0.49404133,0.13383927
0.42665921,0.10949186
0.39271121,0.11411162
0.41103613,0.12572535
0.38669415,0.09485488
0.50031137,0.13435332
0.44629546,0.10131092
0.42047796,0.10679792
0.56768407,0.15414235
0.45230979,0.10961594
0.40965062,0.10209655
0.43191181,0.11688974
0.50510948,0.13654918
0.52122382,0.13424023
0.39548283,0.09941336
0.54844895,0.15555131
0.51162005,0.13479133
0.40961024,0.12033740
0.41802963,0.08896401
0.49271191,0.10102153
0.38035044,0.08169772
0.42525020,0.09973882
0.55076678,0.15044719
0.48574485,0.14614308
0.41482518,0.10961425
0.37381068,0.11024531
0.42885713,0.12821188
0.50250868,0.13814308
0.36413243,0.12088042
0.42023274,0.11618002
0.35178396,0.10061493
0.39024988,0.10220970
0.33424469,0.08539549
0.42314285,0.11126179
0.33270091,0.08225256
0.42109260,0.10242527
0.36363008,0.08516881
0.50696947,0.13330492
0.45105543,0.09767855
0.37040457,0.08195091
0.49088391,0.13801623
0.52131703,0.14605706
0.43682679,0.12711329
0.51476132,0.12663987
0.47842678,0.12341897
0.38797951,0.11644868
0.46427596,0.12825024
0.35077527,0.08391437
0.38020952,0.08384605
0.55449834,0.15265121
0.44857216,0.13606512
0.43815291,0.08034336
0.43223727,0.12796067
0.38180169,0.09616081
0.35349379,0.07691681
0.35497890,0.10098787
0.42937153,0.10721787
0.26323298,0.06752484
0.45438007,0.14060450
0.31588373,0.09231731
0.32929976,0.07932678
0.38669127,0.10203243
0.53684892,0.13009370
0.49649256,0.11692242
0.43881034,0.10009879
0.47372482,0.16731977
0.45180408,0.14344704
0.49037093,0.12809375
0.36606218,0.10087594
0.50303235,0.12436012
0.32132702,0.09963397
0.42917163,0.13411837
0.28859710,0.08391405
0.54641472,0.13970352
0.42919364,0.13367920
0.43944194,0.10816244
0.34647531,0.09950658
0.30559821,0.07477323
0.44453301,0.14080486
0.50904163,0.14246625
0.38434429,0.11196947
0.39042469,0.08699660
0.44761586,0.11528393
0.49777750,0.13186172
0.60760762,0.14298441
0.57464304,0.13485383
0.45569681,0.12781071
0.44632824,0.10847943
0.42379763,0.09582792
0.31271959,0.10393846
0.47417588,0.14734812
0.52384896,0.15146975
0.45309995,0.13149529
0.43320886,0.13411054
0.59962568,0.19142659
0.59593766,0.15636304
0.39311149,0.12951182
0.30783355,0.06850077
0.44401757,0.10092342
0.46713990,0.10079945
0.49130618,0.14007049
0.44006385,0.12453892
0.32918394,0.07414360
0.35211845,0.07570436
0.40083107,0.12011351
0.48984743,0.17335517
0.37451119,0.12429625
0.49364429,0.15671177
0.36518624,0.08815950
0.41768090,0.14287876
0.37233066,0.11273783
0.32871355,0.09579415
0.33837308,0.10325569
0.45742225,0.13281481
0.51707834,0.13643530
0.31529549,0.07149468
0.49397977,0.11635422
0.39368553,0.08429233
0.63738649,0.15160260
0.45938856,0.10377905
0.35548547,0.11312222
0.33279026,0.08814747
0.28811818,0.08507760
0.42935730,0.13593342
0.40135866,0.13413457
0.48603833,0.12638026
0.46915362,0.14984726
0.53724551,0.16785994
0.35179349,0.09310574
0.43582922,0.12930069
0.39008992,0.11304926
0.44114388,0.12936145
0.47607721,0.13332870
0.34930914,0.09453676
0.46137177,0.13877028
0.49575656,0.12045845
0.26701305,0.07190927
0.51248968,0.13857754
0.43725774,0.11048112
0.37295354,0.10337494
0.39483586,0.11814247
0.46253889,0.15916940
0.45568583,0.12053816
0.50439617,0.11600518
0.41760558,0.12153001
0.35470100,0.09134676
0.40652721,0.10955986
0.36082335,0.10596939
0.42195315,0.08193644
0.48748973,0.11391024
0.48685440,0.10732094
0.45672354,0.15302834
0.31261306,0.09125921
0.43349683,0.15255100
0.33353114,0.09623774
0.42735483,0.13176919
0.48235985,0.14410316
0.37060986,0.10362785
0.56272690,0.17855439
0.33393803,0.08458266
0.45731497,0.10472719
0.51156254,0.14034276
0.38508278,0.11153297
0.52383936,0.13750136
0.52604169,0.13748786
0.43297372,0.09913063
0.32222548,0.07665889
0.31578337,0.09351179
0.46417040,0.12866809
0.54225688,0.17253790
0.38843690,0.09677408
0.34138696,0.11537343
0.53828725,0.11371610
0.44819719,0.12174851
0.51671948,0.11778703
0.37408154,0.10815139
0.48096565,0.10363235
0.44678164,0.09706460
0.48510629,0.16051433
0.46102627,0.16169511
0.36628893,0.08037474
0.28855326,0.08199106
0.39774223,0.07317228
0.46772290,0.13436850
0.42951687,0.14203428
0.36568572,0.11470197
0.34707029,0.08866882
0.40780656,0.10472252
0.49392811,0.09924437
0.28569111,0.07380608
0.54501003,0.17331852
0.31395509,0.06797767
0.42659321,0.09681786
0.46718638,0.09387578
0.31086930,0.08336138
0.54668122,0.15578806
0.47716785,0.11098064
0.47657986,0.10271712
0.38507678,0.09046598
0.43408756,0.14024570
0.36146633,0.07867431
0.50007953,0.12754447
0.41098840,0.13104434
0.57113776,0.14658880
0.47204789,0.12589950
0.41209248,0.10531696
0.33553901,0.10171997
0.55959102,0.09972227
0.47248036,0.14899471
0.41413955,0.12907206
0.47793438,0.13739917
0.43087121,0.13790687
0.48038600,0.14129789
0.39407208,0.09430988
0.46139597,0.13977986
0.43597156,0.13224326
0.39205531,0.10022130
0.52669782,0.14965736
0.56705346,0.16645347
0.41667173,0.12530044
0.41975802,0.12080599
0.49994655,0.13345955
0.42491049,0.11093309
0.33985916,0.09351993
0.34875086,0.09715450
0.39738304,0.10646193
0.51439054,0.13994315
0.36523799,0.10610097
0.55807489,0.13982922
0.32767477,0.09569370
0.28210769,0.08756703
0.41570333,0.11681147
0.38332971,0.12566784
0.51072411,0.14552197
0.50905050,0.12561250
0.45169110,0.11009807
0.51566500,0.15018652
0.46872603,0.11427939
0.36938879,0.07575397
0.45744666,0.14774849
0.51170356,0.13047363
0.43924879,0.13176820
0.34493271,0.09296706
0.40701608,0.10437077
0.41102027,0.12296307
0.43980298,0.14798297
0.46529326,0.14430281
0.56347233,0.14957338
0.44989139,0.11798340
0.33157477,0.09120732
0.48375562,0.16240233
0.37499852,0.10840381
0.47520476,0.12771656
0.38049806,0.08522735
0.39880539,0.09143736
0.30763542,0.09643871
0.37389175,0.08482450
0.28305261,0.07769756
0.45561110,0.12998447
0.37153203,0.09013853
0.34609990,0.07820052
0.52533514,0.16484239
0.42259388,0.08627720
0.44104466,0.11109437
0.41164396,0.11111099
0.30753239,0.07112294
0.53764792,0.14140390
0.42415850,0.09727952
0.33141520,0.10140422
0.47964933,0.11906618
0.47739074,0.12707865
0.42675491,0.08352320
0.42377546,0.13629297
0.34321685,0.10611058
0.41464131,0.11959206
0.43270257,0.09135133
0.48240052,0.11441375
0.50609296,0.11648447
0.46667426,0.11753184
0.38484892,0.11364080
0.35243359,0.10941349
0.44923093,0.10495978
0.40065303,0.09203422
0.39970337,0.11137595
0.44470001,0.12343135
0.32380603,0.06745960
0.39703698,0.07289600
0.38056429,0.12440319
0.44380738,0.10773984
0.33472537,0.07644681
0.38643684,0.13950574
0.43567183,0.13630397
0.32423094,0.08282310
0.55697641,0.16783856
0.47055157,0.11959419
0.67518344,0.17129359
0.45376204,0.15376336
0.46965188,0.10562645
0.35614450,0.11137118
0.33423590,0.09117066
0.32130205,0.06846120
0.35076788,0.09152185
0.42038732,0.11784283
0.44105344,0.13695388
0.40127819,0.12178857
0.47435443,0.12611921
0.41038980,0.13013960
0.47248080,0.11968622
0.46446697,0.10672448
0.45046222,0.13392728
0.43550295,0.13919900
0.43017153,0.12142333
0.52094353,0.11375665
0.37560574,0.11243483
0.38775560,0.10694104
0.33171009,0.09003887
0.38037602,0.10416782
0.36761708,0.10270151
0.52403865,0.14971175
0.36661570,0.08707993
0.43636556,0.10233589
0.31856137,0.09502230
0.33575090,0.08507844
0.37637528,0.10688601
0.37318955,0.09164760
0.42435149,0.10851675
0.32532802,0.07888213
0.52303454,0.14848326
0.38880206,0.08587029
0.42843163,0.09673812
0.45115279,0.14917345
0.41154158,0.09111496
0.34646436,0.09199454
0.42344350,0.14270961
0.54792054,0.16623304
0.45052940,0.09660221
0.41129898,0.12218916
0.40680138,0.09044309
0.45284299,0.13137718
0.44276624,0.10451633
0.44351363,0.09293141
0.45398168,0.11250667
0.42986351,0.10063110
0.31839609,0.10264301
0.43116590,0.13097064
0.48114828,0.13818009
0.36345569,0.11536495
0.41477270,0.10009736
0.34589837,0.09402671
0.45193349,0.14234521
0.40806472,0.12014365
0.43478369,0.10946230
0.36782691,0.10249635
0.43256870,0.08617778
0.37205740,0.10793018
0.37198797,0.08551729
0.49959972,0.15184209
0.44524589,0.11378730
0.58414187,0.17308975
0.36204973,0.08288255
0.52830674,0.11887409
0.47031555,0.15368622
0.52616916,0.12567960
0.34522056,0.08744123
0.44686013,0.10987763
0.38533141,0.07689736
0.37801291,0.07524931
0.44845902,0.13074489
0.41577091,0.15595862
0.45933336,0.10249780
0.31895482,0.07378889
0.45573222,0.14752272
0.44838331,0.11831643
0.55466956,0.16100369
0.50524341,0.13904563
0.45989280,0.10049988
0.33933580,0.08218713
0.38610310,0.08944426
0.44072223,0.12136068
0.42176863,0.13370951
0.52280221,0.12664449
0.44667972,0.11045700
0.34052579,0.07504216
0.40404866,0.13865873
0.46267843,0.13664647
0.48795605,0.13558220
0.46449281,0.14550372
0.38210665,0.12777195
0.37591425,0.10153332
0.29029892,0.08265086
0.34023650,0.10111635
0.37606615,0.10176891
0.37841234,0.12973627
0.40602010,0.11778580
0.36220657,0.08666204
0.42373003,0.11430119
0.35450160,0.08187381
0.43286204,0.11984484
0.39536551,0.14351628
0.41287778,0.11379124
0.39474987,0.12589973
0.49729115,0.13395086
0.40157652,0.11739254
0.37488904,0.10433610
0.42236036,0.13336244
0.31572268,0.08589083
0.57089225,0.13438834
0.51794279,0.14954112
0.42570468,0.11627342
0.49519512,0.11325341
0.50842703,0.15507844
0.37535151,0.10150191
0.46035985,0.09973326
0.39937047,0.09389825
0.43805634,0.09474953
0.48832002,0.11406397
0.35140778,0.08258484
0.37472348,0.09563719
0.40203968,0.12180478
0.46760143,0.11207521
0.46936159,0.11781588
0.35398471,0.08483623
0.29704744,0.07951317
0.49255640,0.17470421
0.40663841,0.10439676
0.31349307,0.06961967
0.42412303,0.12937641
0.36658896,0.12809183
0.50779505,0.14920022
0.38783131,0.10053830
0.57204816,0.14005289
0.36801670,0.10914365
0.51739734,0.17447249
0.39207859,0.11325135
0.43309508,0.10339672
0.42697553,0.12511992
0.33231892,0.08152513
0.49444919,0.13359116
0.35991756,0.06742298
0.35362604,0.12435703
0.35236602,0.09769483
0.34000124,0.09601357
0.30970799,0.08350816
0.38151448,0.09845539
0.35582365,0.08253796
0.34578068,0.07794598
0.47377198,0.12128953
0.44596845,0.12002000
0.37373177,0.08872762
0.35694051,0.10127788
0.47226178,0.09753716
0.39626873,0.10784519
0.41571704,0.10646216
0.43883326,0.12741521
0.37357110,0.08077521
0.42233337,0.12203492
0.44110313,0.12860793
0.43302676,0.11278673
0.47364619,0.14906995
0.34671771,0.09792993
0.34052197,0.11464823
0.38899867,0.11260792
0.38873144,0.12948635
0.54872340,0.14709989
0.39649217,0.10740422
0.42734550,0.15764204
0.45223088,0.11978479
0.46365673,0.12961760
0.47327994,0.13138909
0.45250814,0.13899904
0.48464488,0.15503039
0.48944663,0.13965405
0.34939116,0.10467537
0.35947796,0.12102908
0.38258409,0.08964605
0.44445664,0.13535043
0.45404897,0.12265986
0.40883536,0.08891187
0.39483010,0.09290283
0.42813340,0.13885137
0.44155183,0.12917776
0.37064684,0.07951184
0.37185124,0.11493854
0.34404150,0.12226619
0.46157988,0.13530221
0.52488493,0.12305987
0.42655175,0.13543652
0.30036413,0.07464207
0.36089914,0.09645291
0.46042347,0.10794316
0.32194864,0.08526454
0.52703265,0.14952363
0.46073304,0.14753499
0.40287867,0.10196990
0.44009886,0.13846048
0.45095737,0.12652890
0.48602902,0.11590952
0.37994744,0.09348132
0.45077232,0.11281165
0.38042623,0.11162940
0.50981661,0.13592612
0.38947355,0.09932660
0.41715359,0.13816862
0.35630128,0.10166969
0.47691389,0.10776814
0.35889625,0.10791424
0.47447936,0.13354947
0.40381531,0.10539980
0.51155639,0.12985118
0.43660446,0.13182352
0.34747916,0.10472765
0.44943481,0.12897969
0.32995262,0.08073677
0.38101687,0.10221726
0.35454771,0.09534217
0.42983767,0.12533775
0.32395989,0.09344656
0.45403491,0.13577506
0.33960545,0.08561333
0.42647352,0.10408984
0.47190761,0.15486799
0.54484067,0.12000796
0.30541531,0.08746749
0.52160975,0.13370519
0.30448071,0.05657801
0.49723470,0.13575102
0.46974406,0.11302959
0.38355867,0.12843757
0.55932345,0.14193261
0.47363592,0.12273943
0.36981676,0.11512313
0.32759560,0.09513655
0.41512369,0.11102889
0.32931575,0.10340117
0.37188331,0.11702535
0.37036866,0.11555717
0.46627506,0.14515777
0.36719404,0.12498040
0.47014329,0.13712412
0.47837654,0.10993053
0.49282207,0.13840777
0.27710927,0.06637859
0.31891357,0.08122432
0.33792326,0.07425634
0.37574680,0.07475396
0.43153568,0.10859336
0.44098827,0.14296877
0.58901458,0.15066998
0.38300488,0.10101388
0.43888462,0.09156085
0.38509958,0.08104611
0.31472316,0.08646840
0.41932805,0.11421178
0.42339540,0.14265771
0.46456702,0.09348001
0.47828227,0.16593688
0.51248700,0.13226322
0.42603915,0.13518685
0.28873277,0.08576327
0.56168159,0.16242905
0.46764208,0.10892609
0.50821290,0.15523246
0.45986388,0.13922278
0.49666933,0.15822858
0.57931930,0.17177575
0.41158925,0.13740347
0.38178624,0.09584040
0.42366279,0.14915303
0.40475120,0.12947303
0.41604232,0.08778177
0.31764634,0.07290016
0.36031773,0.10128523
0.37541718,0.09486346
0.57894019,0.13311987
0.34345037,0.07688134
0.29528494,0.06719833
0.45406921,0.09544744
0.37677286,0.11813646
0.51411500,0.16031684
0.40370085,0.13078088
0.38638271,0.11739819
0.59947157,0.15118280
0.47115133,0.16183406
0.35924514,0.09638164
0.37588983,0.09406422
0.43263455,0.07951532
0.53105613,0.14311009
0.41477577,0.09245025
0.51570301,0.15083908
0.46176578,0.12357863
0.42244391,0.13454380
0.45800078,0.13640996
0.37613898,0.13049705
0.38561679,0.13308180
0.37441542,0.09760975
0.41962282,0.13659433
0.47399268,0.12551330
0.38111189,0.09586273
0.43405816,0.14238563
0.40708759,0.10785876
0.34255702,0.09912605
0.33963689,0.07641399
0.43135929,0.11296884
0.41261018,0.12301653
0.48920007,0.15054597
0.39573628,0.13470723
0.31730438,0.08865381
0.51807036,0.13380412
0.45660959,0.09077603
0.41619999,0.13339988
0.36622253,0.11381433
0.38465293,0.10876243
0.42191083,0.10096133
0.55653397,0.15667924
0.38768797,0.13535177
0.41112673,0.12082227
0.37895188,0.11985774
0.46078606,0.15535369
0.53239097,0.11501947
0.40214241,0.12833114
0.33136584,0.10775620
0.42331741,0.11086090
0.30113168,0.08073769
0.39251403,0.10372136
0.37163678,0.07978337
0.47324231,0.11073316
0.51123482,0.12426589
0.42730805,0.11692975
0.57724426,0.13347805
0.41267963,0.08376796
0.45405262,0.09514703
0.43309763,0.11874211
0.32724505,0.10600591
0.33068371,0.10161748
0.46809953,0.14210913
0.37801000,0.07992972
0.37617541,0.11337698
0.50498586,0.15121318
0.37374398,0.11984022
0.48953087,0.15363027
0.53040359,0.15840540
0.45292361,0.10548765
0.47900236,0.15420083
0.43743991,0.09839410
0.36563776,0.08535943
0.34397223,0.11854472
0.46632254,0.14866701
0.34862200,0.08296791
0.40269897,0.12060705
0.36790114,0.13695601
0.50235787,0.12828314
0.45281938,0.13293666
0.48332461,0.11135776
0.51815355,0.14649491
0.47861959,0.14624723
0.37908058,0.12251149
0.41491777,0.11699770
0.53573966,0.13912369
0.38303353,0.13222682
0.54844175,0.15987477
0.36916216,0.07964660
0.56473038,0.13370998
0.43590251,0.11003221
0.48456595,0.08572672
0.52545979,0.14227367
0.53607740,0.13883775
0.32543943,0.07276487
0.48627289,0.11572617
0.37716898,0.10667824
0.34852649,0.12129926
0.46024134,0.12573100
0.40125708,0.13850046
0.44561034,0.12917424
0.55029912,0.19121295
0.42368965,0.13645789
0.43094195,0.16504337
0.35349878,0.10107971
0.41082384,0.11920735
0.36569377,0.11504287
0.41553817,0.08881752
0.49972273,0.13068636
0.43697068,0.11328863
0.42845166,0.10596755
0.38654350,0.10336188
0.29614673,0.07031010
0.38266129,0.10136690
0.32360473,0.07573306
0.47879688,0.12297179
0.47682907,0.14380264
0.44851584,0.12431513
0.33907212,0.10412723
0.40514429,0.13707402
0.48795353,0.15302979
0.40702795,0.13696700
0.37308258,0.10618422
0.48560469,0.14647453
0.48060166,0.12985202
0.50218581,0.10970178
0.49739479,0.10027578
0.62864235,0.19451123
0.38575011,0.12716623
0.44552217,0.13767674
0.28162536,0.06718216
0.42998979,0.10509768
0.36672927,0.10066633
0.45661509,0.09401686
0.38870756,0.07980481
0.37390331,0.08896365
0.49361098,0.18119758
0.51180703,0.14368714
0.41801653,0.12800712
0.50821366,0.12148042
0.34576297,0.08689421
0.49284221,0.14375058
0.37436561,0.09578211
0.37124632,0.08071018
0.38821916,0.10710931
0.41798364,0.10594165
0.44444089,0.10531651
0.32184364,0.09086621
0.43059267,0.12929794
0.48341057,0.11525608
0.36849145,0.07536547
0.37971215,0.09002881
0.45028302,0.12989906
0.34725805,0.09732466
0.46293786,0.13254339
0.46633294,0.15022894
0.44662998,0.09152648
0.41369088,0.08346960
0.45320923,0.11759805
0.38462225,0.10138417
0.41963442,0.10650271
0.46526936,0.09741135
0.54444554,0.16190560
0.48462144,0.11270093
0.59669174,0.15092156
0.43144826,0.11217636
0.43986624,0.13115029
0.43487154,0.09166597
0.37382038,0.09832988
0.55449298,0.14957918
0.44458590,0.13712479
0.57535369,0.14702996
0.35476471,0.09678771
0.33424179,0.09702473
0.48750005,0.15854224
0.29454557,0.08541344
0.45314987,0.11824020
0.46252483,0.09299595
0.33890601,0.11348087
0.51735605,0.15207119
0.43205959,0.12144321
0.48703747,0.12680761
0.58425999,0.14924179
0.48640166,0.13020621
0.36803056,0.10618860
0.47238194,0.10320284
0.51331595,0.16264727
0.33934402,0.10338351
0.39903097,0.08813347
0.46388462,0.13754871
0.33156102,0.07389366
0.68374693,0.22257976
0.41716308,0.15265185
0.49597289,0.11987744
0.35611411,0.08408059
0.52341361,0.13777247
0.48906442,0.13790171
0.44721524,0.13033125
0.45731017,0.11431610
0.35724106,0.08738428
0.39819916,0.11872183
0.42649463,0.14542460
0.36806020,0.11040030
0.50073021,0.12860022
0.43901706,0.13575916
0.38161317,0.10588256
0.35437332,0.09225222
0.35247131,0.09367253
0.32161955,0.09370561
0.44521818,0.11219790
0.38111580,0.09079303
0.46459720,0.09906161
0.44328797,0.11597004
0.50566594,0.12260068
0.44703240,0.11240064
0.36610106,0.08584799
0.42147672,0.13774930
0.45006256,0.10656105
0.37977712,0.10420608
0.46747043,0.14522042
0.47996832,0.12995642
0.47575259,0.15881595
0.42490742,0.11675250
0.56087019,0.14171313
0.44868075,0.12394383
0.57622821,0.14994387
0.62790282,0.16475598
0.48154119,0.12642907
0.48945086,0.11846838
0.43945617,0.11751950
0.38366255,0.11774324
0.57902320,0.14881399
0.33783780,0.09336692
0.39498215,0.12275250
0.51101125,0.17606684
0.57091346,0.17404582
0.40299440,0.12210878
0.48973222,0.12259233
0.35423108,0.08548878
0.39040395,0.11273462
0.43780950,0.10794528
0.38033129,0.11762186
0.38202018,0.08327308
0.51241276,0.16303160
0.36679506,0.12022352
0.37496555,0.09640935
0.44414155,0.11341362
0.41966841,0.13854999
0.51842577,0.14736390
0.42664447,0.08863229
0.33087374,0.06913566
0.32612756,0.08877009
0.34144974,0.06833325
0.46649857,0.13997533
0.43234734,0.10433690
0.45520711,0.17151359
0.32353799,0.09567873
0.43186038,0.11757371
0.44427881,0.11166396
0.34452708,0.10391468
0.44644414,0.15558928
0.42858971,0.13491337
0.36740883,0.07769316
0.43437662,0.11525377
0.42690295,0.12450366
0.43216412,0.10554253
0.40617214,0.13180568
0.53821736,0.13794622
0.35268875,0.10487647
0.45732246,0.10506949
0.38479200,0.10166941
0.49159248,0.12745533
0.37252828,0.09258440
0.34461233,0.10687630
0.30349043,0.07852320
0.55947091,0.16027261
0.38614027,0.10327393
0.37940403,0.08196050
0.45402995,0.13957406
0.37610037,0.10908783
0.46624874,0.11772391
0.59430272,0.16927680
0.28769046,0.07843210
0.37201407,0.08636404
0.46217899,0.12322615
0.37872449,0.11918725
0.38061807,0.10864572
0.45534777,0.11203464
0.35221522,0.08990758
0.25727315,0.07746221
0.39743047,0.09467556
0.47369585,0.10803426
0.47021082,0.09713498
0.36604332,0.10315542
0.33423591,0.09789372
0.48450422,0.12145197
0.37092185,0.12965422
0.52226879,0.11394005
0.47409072,0.13614592
0.44726284,0.11403763
0.30503317,0.08669593
0.43428472,0.12088916
0.34094851,0.07990961
0.48907454,0.11697288
0.52693051,0.15420914
0.33067120,0.06954662
0.39166814,0.12864146
0.32129715,0.07961384
0.50894261,0.15118762
0.46708583,0.13556808
0.54417522,0.13174232
0.43507641,0.11114470
0.43193729,0.11139337
0.32321931,0.07252249
0.33143333,0.10481059
0.57704686,0.17310057
0.49318311,0.11505426
0.38989945,0.12233764
0.58813469,0.13508800
0.36964679,0.07697838
0.32611524,0.08338932
0.43066373,0.14526590
0.49562214,0.10943220
0.36947536,0.08686222
0.35481681,0.07087079
0.41706265,0.09557154
0.45470364,0.15634744
0.31692701,0.09263351
0.31172748,0.08587059
0.44154048,0.12877812
0.53178122,0.16972555
0.59601212,0.17323632
0.39137995,0.12215889
0.53667689,0.16938900
0.37540045,0.10441695
0.46327765,0.11092814
0.37914519,0.11813481
0.34055899,0.09204770
0.36920260,0.07939049
0.48341745,0.13231761
0.45887560,0.12272875
0.32726841,0.09545077
0.39358991,0.09245994
0.44375787,0.12786913
0.52695088,0.14515488
0.40592295,0.12387426
0.51170835,0.14294427
0.45838564,0.12025972
0.29841001,0.09048408
0.40273188,0.11312496
0.46797746,0.13136489
0.38736826,0.11474053
0.46098015,0.11684686
0.38676631,0.10622893
0.45603435,0.11025375
0.62747689,0.19640142
0.36822761,0.07707103
0.32414413,0.08307410
0.39193511,0.10329868
0.33373008,0.10572128
0.36345407,0.08470093
0.45969653,0.15364138
0.49024247,0.09607594
0.29971774,0.07485889
0.48425177,0.17465018
0.52939034,0.13322790
0.45431720,0.11492615
0.33506071,0.08380105
0.55430136,0.12624819
0.47970197,0.12322717
0.52497293,0.12296796
0.41289207,0.10760685
0.43253275,0.09316079
0.35057861,0.10367342
0.35560360,0.10187706
0.43716285,0.09714785
0.52912545,0.15013057
0.37580712,0.09424973
0.55562745,0.14526513
0.44301048,0.10877655
0.49252711,0.15893382
0.32704054,0.10031704
0.40544188,0.11148868
0.44887929,0.13773675
0.46321692,0.14869840
0.43126760,0.14864726
0.47206623,0.11616995
0.43020363,0.12860946
0.34955969,0.08252949
0.37231704,0.09755567
0.38129579,0.12538553
0.36219166,0.12851479
0.50176331,0.12977881
0.39973991,0.14261411
0.41538104,0.14071007
0.42416361,0.13238754
0.45103413,0.11904407
0.39842262,0.09647416
0.39720458,0.12287967
0.53482617,0.13319573
0.31238006,0.07965203
0.43371913,0.12424833
0.55588459,0.14674429
0.43771975,0.11656562
0.58030248,0.13273009
0.33204911,0.08953084
0.35995246,0.12173922
0.46381309,0.11714150
0.32138805,0.08479345
0.46046448,0.13292837
0.30914968,0.09569775
0.37461442,0.10998272
0.42415430,0.10942165
0.41995385,0.14317281
0.44450492,0.10469138
0.32462567,0.07828714
0.36184000,0.10470485
0.33754967,0.08033499
0.43272199,0.11598670
0.54339483,0.15760055
0.47643251,0.13006952
0.50151895,0.12150331
0.50363141,0.15679208
0.44472458,0.12191055
0.32440547,0.07309831
0.34800333,0.11342471
0.49032117,0.15229763
0.46332654,0.15094590
0.59479152,0.12358993
0.30267023,0.06876410
0.51759939,0.14038224
0.53759020,0.16431346
0.35813366,0.11837433
0.46649666,0.15660843
0.47083641,0.13481180
0.42898873,0.13216644
0.37611052,0.10811885
0.43673092,0.13772661
0.55939746,0.14514458
0.42197808,0.12456013
0.40457601,0.10081903
0.57994426,0.15351030
0.42028376,0.12141566
0.28951600,0.08071651
0.38330506,0.09944909
0.46542082,0.12496132
0.43951217,0.15053373
0.37515252,0.09858173
0.38008984,0.10142774
0.35248593,0.11011332
0.56200083,0.15034846
0.44153740,0.13829248
0.44743970,0.15520299
0.39873599,0.09434961
0.55997697,0.16086894
0.41574229,0.11189138
0.41321698,0.09570580
0.42105996,0.12778412
0.51309207,0.12209069
0.47310249,0.09970723
0.33640732,0.06788594
0.51274927,0.15355656
0.38289559,0.10026632
0.43648926,0.10785419
0.41562955,0.08247015
0.52318574,0.16426286
0.41686303,0.09983277
0.45051746,0.11227942
0.48953456,0.14500453
0.54072252,0.16404710
0.41214812,0.13847684
0.46310199,0.12975542
0.47434904,0.12261912
0.54675401,0.13048063
0.54617647,0.15647246
0.45129227,0.10080656
0.40247120,0.12139148
0.39876076,0.09616217
0.38106209,0.12048286
0.33106845,0.08352371
0.42328593,0.13536020
0.44184271,0.15395645
0.35443456,0.09650098
0.35993108,0.12383691
0.33669043,0.08019030
0.40365504,0.09943594
0.42220437,0.12642798
0.32198971,0.08205198
0.35671481,0.11886644
0.38742076,0.12954641
0.45710507,0.11609159
0.61901773,0.19722839
0.49067064,0.09661602
0.33402221,0.08096595
0.41550747,0.09686930
0.44391988,0.12189942
0.50193566,0.14785145
0.45303262,0.10643460
0.43199553,0.13873076
0.29148220,0.07048669
0.48639851,0.15713122
0.39103597,0.12020987
0.39543785,0.10361451
0.42199655,0.09561220
0.40637850,0.08003173
0.38616329,0.09709161
0.45709700,0.11930685
0.44316266,0.14250845
0.52460982,0.12240507
0.46493131,0.12586429
0.51727784,0.14763382
0.31090927,0.08633536
0.34308552,0.08803130
0.50773863,0.11914004
0.44596482,0.08163305
0.38814480,0.12755081
0.58490570,0.14208532
0.34417789,0.06951111
0.43685727,0.12858920
0.46180643,0.14162643
0.36772086,0.10011702
0.51393648,0.13066277
0.30192807,0.08176941
0.43419410,0.10732999
0.47608615,0.12799120
0.48242162,0.12955941
0.45501268,0.11221352
0.60795220,0.17704900
0.46029026,0.12921567
0.54467390,0.14820889
0.55307296,0.16217391
0.34193521,0.09329121
0.49442075,0.12000069
0.37056353,0.09970167
0.44053146,0.11139373
0.39262262,0.11667122
0.38729569,0.08483344
0.41268545,0.08942557
0.31934016,0.08363036
0.44469577,0.09411158
0.36933910,0.11953844
0.44964589,0.10427956
0.40684014,0.14684710
0.37465457,0.10893268
0.33045098,0.06735362
0.50219052,0.15533364
0.37937169,0.12638441
0.35860859,0.09425270
0.32266759,0.08507338
0.54143369,0.17368638
0.45056213,0.12028445
0.47616318,0.15211667
0.35322670,0.09645046
0.47503579,0.09603580
0.46602089,0.15787762
0.53662852,0.16140228
0.38178570,0.10791563
0.32207897,0.10639696
0.56628771,0.16818518
0.33639500,0.07649788
0.38613964,0.07712890
0.48939551,0.13725548
0.38471852,0.11219014
0.53521560,0.15678817
0.42949924,0.13454323
0.36732715,0.10738097
0.40402461,0.12979211
0.38555949,0.10804841
0.36334564,0.09982004
0.42116756,0.13983391
0.32632599,0.08000957
0.42051745,0.11232594
0.54870923,0.12732986
0.35844757,0.08930696
0.47387664,0.14344972
0.39564665,0.10382897
0.36459644,0.07793945
0.39149152,0.11633544
0.45785442,0.13457119
0.44784700,0.09172980
0.53623443,0.13293530
0.35972021,0.07237195
0.47779924,0.12021257
0.42186911,0.12387249
0.45505844,0.15185948
0.36960056,0.09323866
0.55710704,0.16444979
0.48945923,0.11275097
0.46347154,0.14266982
0.43594438,0.13350036
0.36207719,0.08289743
0.43312759,0.13150354
0.54833636,0.13822206
0.36782850,0.09016607
0.37453875,0.11411270
0.43444854,0.15119183
0.45655693,0.11909412
0.30290694,0.06153992
0.45100347,0.11236526
0.44944241,0.12593532
0.48940243,0.12638186
0.46956436,0.14133335
0.44048741,0.14139519
0.38583254,0.09767941
0.44313564,0.13999845
0.44955212,0.14913989
0.40477505,0.12623499
0.45185182,0.12678503
0.49648429,0.14400193
0.35148818,0.07896822
0.29042823,0.08255006
0.41938783,0.13425806
0.36962668,0.10486668
0.32595836,0.10274408
0.37868486,0.11436098
0.35444552,0.08303517
0.43428854,0.13285741
0.45591714,0.13965772
0.58684867,0.13330707
0.36496078,0.10731897
0.49831868,0.13350256
0.51518969,0.13927997
0.38766678,0.12496273
0.42041488,0.11582990
0.28967418,0.07550353
0.42016979,0.10164832
0.34275742,0.09341344
0.33131243,0.09124387
0.40011489,0.09239868
0.44715731,0.12275872
0.53028095,0.15291224
0.40409576,0.08768449
0.45640138,0.11420461
0.45717271,0.11523354
0.41322237,0.10944934
0.35497550,0.11664205
0.42488282,0.10225418
0.49231561,0.11561541
0.49834762,0.13554296
0.39729193,0.12406528
0.43812474,0.13581636
0.43994148,0.10887102
0.42805117,0.10075540
0.47490931,0.10680063
0.43859186,0.09404363
0.41550521,0.10089585
0.35647994,0.12043504
0.36224793,0.09821527
0.45241775,0.13993699
0.50965752,0.12098728
0.36667700,0.08365814
0.45687304,0.09457787
0.53139751,0.16068402
0.44856830,0.12059070
0.34278446,0.11066233
0.47826583,0.13399447
0.42497341,0.13067355
0.52386575,0.13650193
0.31803272,0.09068169
0.33741124,0.07404070
0.51397416,0.12749939
0.36015667,0.08661343
0.48343889,0.11890649
0.34577472,0.09416091
0.43125836,0.15181348
0.45429815,0.14596913
0.30897629,0.08358311
0.52026343,0.16320494
0.39828706,0.09124305
0.38570661,0.10691575
0.46365439,0.14957071
0.47755330,0.14899753
0.54706067,0.15248531
0.38820103,0.12431197
0.51016977,0.15585859
0.32187519,0.09077305
0.44967656,0.10355594
0.45614228,0.10501244
0.34680426,0.08725481
0.48310468,0.12188929
0.30512452,0.10085940
0.31724952,0.06538454
0.47671169,0.13884006
0.30035264,0.09697904
0.53532394,0.13953478
0.33096682,0.09809506
0.38375171,0.08375195
0.37648707,0.11055825
0.28526411,0.08039244
0.47300082,0.10113091
0.61027189,0.13554974
0.51166174,0.12594524
0.47381580,0.11675127
0.34559915,0.11989831
0.45803680,0.11382154
0.49317493,0.15007796
0.37388706,0.09379170
0.43502777,0.10746477
0.33576718,0.08728732
0.45277525,0.11784342
0.41985171,0.13834012
0.46170551,0.15355764
0.54050411,0.15523220
0.55184035,0.14860721
0.37042119,0.09214018
0.40263892,0.13362378
0.46558828,0.12753533
0.52453285,0.18460895
0.57902831,0.14969955
0.37850768,0.12716174
0.40322896,0.09319617
0.33812448,0.08929106
0.43934121,0.15307017
0.35257924,0.06975090
0.44762463,0.14046760
0.43854835,0.10549329
0.48810894,0.14987628
0.42432611,0.13721436
0.44257567,0.14285676
0.40431372,0.11131186
0.48978556,0.12855138
0.45252258,0.14760520
0.46043969,0.14394280
0.46891123,0.14689837
0.42676957,0.13248538
0.51233594,0.14247479
0.41007344,0.12160889
0.46088902,0.11122839
0.50095512,0.12235460
0.38673168,0.11829196
0.44892416,0.10537138
0.47344774,0.13735169
0.36055054,0.10005307
0.56167944,0.19386875
0.40171391,0.11744359
0.51431577,0.15131839
0.48115821,0.16064713
0.39389113,0.11159192
0.34717716,0.07997431
0.43954100,0.11847071
0.32832097,0.10303063
0.52417010,0.13704754
0.31917818,0.10359488
0.38495570,0.09948815
0.44042157,0.10200162
0.50233497,0.13909533
0.51602833,0.12644632
0.40779178,0.11350367
0.38768965,0.10609912
0.53230721,0.16624188
0.38968700,0.13399778
0.36081167,0.08455253
0.49538242,0.10688593
0.49528050,0.13196144
0.46806438,0.14907182
0.48748365,0.13369393
0.39212026,0.08994792
0.45890323,0.15155086
0.44652549,0.12230950
0.31252548,0.08277783
0.46840538,0.13885366
0.39898976,0.10036638
0.34332937,0.07841727
0.49111123,0.13215161
0.44559638,0.14431533
0.55672977,0.13908941
0.52554478,0.13446207
0.46304295,0.14017576
0.34709481,0.09660036
0.29867432,0.07953564
0.42625530,0.13967914
0.36143796,0.10462546
0.48613123,0.10778485
0.48519217,0.12891076
0.56518260,0.15601085
0.52744816,0.18149880
0.44793005,0.13146892
0.40854310,0.12434745
0.43355066,0.14512208
0.31850210,0.09337849
0.62140679,0.17425369
0.32046197,0.08386759
0.33350632,0.10212464
0.49931609,0.11927203
0.41301866,0.12454354
0.44948750,0.12963832
0.33868755,0.09661480
0.32341574,0.08940313
0.48818737,0.13763530
0.43030063,0.13077714
0.30211612,0.08283783
0.29961845,0.08386559
0.35609462,0.07864436
0.46951031,0.09187515
0.35795072,0.08769661
0.44806644,0.13117942
0.44966265,0.12217530
0.49285887,0.11734100
0.39578916,0.11337700
0.33870414,0.08653923
0.44064970,0.12997881
0.44510684,0.12646337
0.44430961,0.15007101
0.35292551,0.12333151
0.29996897,0.08072245
0.41869504,0.12765792
0.38010707,0.10916158
0.43209624,0.11575470
0.58259731,0.15107594
0.53834309,0.11897945
0.48489439,0.16054699
0.35453124,0.09626239
0.53208767,0.14012713
0.33399748,0.10759919
0.51444195,0.15328345
0.30106950,0.09325809
0.42413509,0.14219928
0.50066332,0.14961356
0.47831983,0.13030197
0.53639836,0.16667918
0.38266665,0.09885922
0.47458516,0.12680609
0.39320883,0.09781723
0.39886823,0.11568539
0.34320486,0.07526125
0.37933670,0.10381544
0.35045717,0.09241527
0.36879162,0.11890248
0.45312397,0.13210347
0.49032281,0.12359369
0.52358676,0.14291907
0.37685446,0.10073430
0.46036763,0.09486673
0.54155375,0.12797913
0.42329134,0.13007845
0.33437177,0.07924911
0.47806069,0.11759683
0.34889042,0.09460077
0.39573164,0.08921511
0.51026544,0.12753322
0.47086198,0.14703296
0.43733964,0.11069914
0.38784575,0.10427405
0.47009469,0.10757446
0.40435751,0.10591837
0.57454994,0.17584041
0.32787050,0.07538493
0.38753654,0.12194278
0.52192970,0.12494527
0.37287589,0.09177805
0.50141328,0.11790878
0.40876436,0.14498415
0.53574867,0.13440115
0.33199614,0.12008779
0.41950528,0.08195405
0.42946489,0.14618602
0.39023412,0.08497444
0.32567331,0.10226203
0.37448360,0.12491258
0.36801861,0.12341219
0.27616284,0.07117978
0.51650460,0.12055188
0.39602300,0.09657385
0.32807614,0.11278699
0.39776500,0.11800993
0.45860222,0.13495168
0.42475238,0.10632175
0.45173637,0.11281053
0.47250233,0.14560590
0.34738316,0.09144184
0.43945860,0.10114151
0.44970305,0.13937483
0.35234339,0.11000693
0.53851367,0.17982773
0.46932507,0.11431056
0.39075177,0.09631457
0.58619070,0.13872857
0.38580181,0.07533335
0.44128773,0.13269803
0.39991014,0.13858061
0.35519874,0.08367782
0.41596407,0.12074293
0.45224264,0.15394745
0.43333543,0.11939172
0.40377626,0.08820502
0.41497560,0.08222933
0.44098798,0.08591532
0.34819923,0.07038992
0.35758489,0.07321506
0.44384852,0.13242477
0.42739186,0.09161863
0.47099951,0.08708140
0.51503779,0.13580247
0.37484257,0.09502580
0.44716228,0.14123436
0.37482600,0.10189978
0.37601335,0.08955940
0.43598846,0.09726745
0.36679224,0.09152738
0.42747236,0.12576184
0.38281238,0.10936720
0.50708613,0.16767090
0.40597962,0.10849502
0.36920645,0.10517373
0.49626253,0.13594604
0.49308119,0.12871164
0.48688646,0.14303603
0.51428117,0.14684054
0.43958891,0.10436294
0.36190009,0.11066542
0.56801242,0.15707056
0.37155484,0.10705355
0.45827658,0.11874910
0.41155231,0.13148360
0.34397030,0.08063558
0.42639700,0.13006311
0.42457384,0.11966541
0.41067271,0.08501363
0.42169524,0.13609234
0.36706866,0.08201843
0.36535284,0.12550502
0.46362559,0.14027844
0.41226674,0.09109995
0.53245930,0.15622945
0.41514940,0.11677729
0.40600270,0.10281350
0.43298626,0.13055375
0.31843062,0.06964859
0.33949239,0.10568636
0.42618282,0.12315781
0.28648573,0.09078893
0.45394605,0.10718557
0.34359342,0.10320277
0.44329281,0.13086348
0.50389877,0.16975073
0.55144085,0.15625458
0.42804059,0.14793448
0.42194101,0.14058751
0.46006639,0.14549949
0.35301266,0.11853126
0.32378713,0.07484046
0.30484903,0.09020635
0.47116552,0.08817464
0.38897010,0.11919856
0.45994194,0.13343232
0.31485130,0.07320966
0.66348118,0.17584252
0.45844853,0.10893220
0.28800943,0.09127377
0.34874635,0.08498122
0.34765236,0.11035081
0.45411197,0.10833560
0.51148830,0.13067709
0.27928584,0.08256000
0.37850780,0.12041200
0.40507422,0.10612204
0.42406002,0.11214090
0.47692574,0.10277364
0.33130168,0.07460097
0.35946122,0.09995873
0.37681936,0.12279101
0.45685821,0.11815179
0.48241659,0.11450637
0.48433116,0.11322294
0.44961685,0.12557750
0.45436769,0.10362446
0.37805496,0.10616174
0.36359448,0.11244874
0.50492645,0.15449247
0.50041086,0.14258188
0.35298944,0.10107006
0.45360229,0.12603735
0.51430662,0.16269947
0.41119474,0.11851893
0.51123882,0.11649050
0.44247822,0.13605672
0.34001055,0.11145929
0.34257769,0.09348668
0.46796894,0.14723837
0.57004026,0.14428702
0.38915225,0.08251934
0.37558383,0.12763002
0.44316460,0.13127048
0.42682688,0.15588603
0.40410793,0.11915550
0.29219090,0.10138445
0.46601970,0.14768834
0.49395410,0.13071333
0.55477501,0.14349479
0.42534646,0.09849833
0.38575843,0.09077538
0.47907632,0.13308167
0.35845452,0.08129010
0.35133960,0.09373253
0.37106451,0.07665261
0.34950188,0.10348380
0.41927943,0.13382370
0.31833546,0.06103184
0.42771045,0.13848795
0.33648773,0.08787214
0.50730670,0.13665016
0.49043556,0.11572128
0.43817722,0.09621007
0.56479293,0.16192709
0.44324783,0.13879367
0.47622984,0.12012056
0.39244808,0.08200558
0.45875857,0.10462382
0.36314619,0.10600989
0.49892265,0.13245086
0.51320473,0.13090332
0.45764983,0.14040900
0.51746487,0.12861581
0.58351132,0.14864893
0.40708890,0.08880751
0.45769220,0.10804321
0.44526225,0.13147992
0.49394729,0.12289646
0.38943846,0.07827524
0.45628459,0.15211125
0.42905518,0.07622513
0.32636421,0.09934741
0.42987593,0.09390949
0.45069969,0.11037468
0.32215853,0.07842467
0.54235713,0.14673083
0.40960063,0.12873056
0.48870331,0.11306021
0.41441016,0.12898235
0.44503555,0.11955833
0.35072785,0.08266376
0.53132205,0.13173064
0.51325260,0.11490190
0.38184799,0.09101036
0.34095978,0.11887635
0.57137162,0.17303455
0.42185712,0.10826899
0.58428430,0.17180202
0.35633815,0.10152668
0.37432277,0.09470306
0.38534565,0.12512850
0.43322756,0.09303855
0.43780824,0.11935200
0.57219907,0.18365773
0.49246563,0.11138136
0.44844450,0.10532659
0.38953995,0.12459638
0.40032805,0.09441739
0.37473638,0.11478471
0.46548938,0.14384446
0.42299786,0.13882567
0.41796216,0.12275581
0.39339582,0.11983455
0.39400618,0.13919221
0.49697701,0.10772607
0.47426976,0.14121088
0.49146598,0.11463098
0.34550536,0.08227449
0.53600431,0.13834997
0.42826982,0.09678428
0.48797678,0.12202760
0.31913845,0.10996350
0.50681934,0.10952459
0.36387174,0.09787143
0.42088371,0.12199956
0.36263863,0.08207046
0.38258332,0.11800044
0.43557186,0.14136963
0.30543836,0.07210126
0.42812450,0.14401670
0.50427810,0.12181186
0.42289057,0.11582936
0.38666461,0.10161813
0.44709128,0.10245767
0.50186144,0.15665296
0.44256120,0.10419433
0.36020459,0.09483775
0.62984287,0.17055162
0.46572082,0.13935057
0.39523200,0.08837540
0.44798735,0.14836824
0.52829184,0.16959966
0.39695513,0.11551074
0.45770675,0.11382569
0.44388176,0.13936942
0.36804878,0.11819460
0.46924084,0.11794294
0.49655976,0.15845757
0.46163228,0.09969604
0.34934866,0.11073999
0.48788177,0.14589287
0.53264421,0.10784888
0.33315013,0.09788464
0.45492152,0.12771989
0.43460547,0.11253622
0.44732931,0.10116931
0.36406834,0.07089791
0.43906105,0.13530488
0.37706401,0.10632089
0.32798634,0.06500673
0.48048904,0.14467921
0.39529555,0.08775645
0.54315411,0.14424166
0.62669628,0.16088481
0.33438967,0.10007840
0.51438450,0.14164271
0.53072207,0.14936078
0.64340958,0.17024400
0.49260395,0.14536400
0.38899792,0.08806542
0.48015699,0.11297327
0.33442030,0.10579097
0.48283009,0.13594348
0.40997358,0.09259163
0.39279754,0.13110581
0.42212441,0.11837348
0.41682724,0.12596052
0.33786880,0.07948956
0.39724950,0.08890115
0.48076673,0.14211445
0.35758679,0.08903314
0.43257768,0.12579606
0.30435980,0.07398133
0.46733844,0.15064175
0.34704948,0.09556925
0.55809838,0.14347403
0.49827392,0.15831188
0.37325156,0.11446991
0.43393849,0.10453026
0.34913702,0.09481715
0.53793153,0.13458248
0.37571488,0.08741255
0.43394752,0.15103228
0.48813850,0.15137943
0.38004608,0.10358222
0.38848474,0.14298657
0.44159549,0.13644277
0.61275443,0.16447222
0.42694429,0.08160895
0.35536247,0.11569906
0.49091600,0.15155225
0.49643614,0.13246071
0.43794979,0.12217361
0.40934104,0.09677656
0.36782596,0.08213748
0.52574416,0.10437979
0.43619672,0.10497263
0.54285869,0.14764156
0.44900394,0.12879513
0.38282232,0.12681523
0.45360744,0.14204478
0.40484494,0.11694910
0.46267881,0.12709979
0.49212571,0.14473366
0.39935395,0.10882263
0.47422840,0.12789996
0.43330200,0.13397316
0.37403991,0.11602379
0.53799231,0.16121368
0.44314375,0.09441433
0.32675415,0.09501985
0.39049018,0.08925552
0.36485808,0.08577449
0.39410728,0.09190722
0.31035070,0.07678028
0.49821400,0.13236641
0.36926433,0.08725606
0.39673743,0.10287088
0.36110998,0.10156531
0.46293632,0.13888295
0.33951328,0.08832032
0.45291054,0.10819033
0.40723531,0.11550733
0.35171721,0.12168076
0.42230657,0.08856327
0.33159299,0.11300815
0.40211279,0.13791971
0.41266476,0.10219022
0.44694440,0.13505553
0.38653820,0.10962462
0.49491232,0.13982866
0.37865285,0.13059722
0.36110863,0.11236133
0.48675735,0.15438605
0.51307483,0.13112277
0.40739300,0.13343022
0.48552405,0.13180111
0.47822090,0.12760387
0.40483142,0.11670518
0.52132301,0.16462573
0.33174866,0.08404266
0.48058463,0.14840648
0.40731494,0.13208041
0.49360588,0.15585654
0.50542722,0.16556099
0.36691234,0.08755336
0.46005452,0.12211239
0.46890680,0.11701125
0.40054559,0.09258582
0.44266772,0.09989918
0.31177961,0.07969528
0.38615364,0.11507183
0.39331264,0.11190567
0.42672744,0.10720863
0.32288946,0.10227458
0.34827352,0.10320686
0.49824401,0.12114029
0.37658915,0.11875517
0.38558359,0.13013358
0.33117929,0.08494117
0.33183100,0.09423715
0.30393853,0.10962348
0.54927326,0.15345656
0.45123974,0.14291502
0.39933306,0.10492560
0.54328986,0.15553788
0.36167742,0.09586791
0.33632371,0.11452455
0.42766778,0.11196035
0.32439022,0.08675421
0.40068324,0.12236131
0.34562061,0.10499980
0.41301643,0.13232126
0.38457015,0.10598996
0.38722568,0.10832437
0.31032631,0.07436349
0.37247477,0.08331420
0.51871103,0.17342598
0.55219724,0.18571527
0.41211088,0.11847569
0.52722573,0.14140105
0.32670783,0.09521491
0.45641553,0.14930607
0.27493486,0.07203762
0.46113614,0.12813361
0.37708656,0.08144450
0.42673337,0.08896573
0.33771533,0.10061242
0.35787780,0.09158042
0.40189762,0.09354659
0.50241690,0.13047134
0.31259392,0.08339438
0.39320711,0.13733979
0.40339213,0.10769510
0.38728686,0.08072550
0.31517847,0.06482796
0.41506268,0.12587772
0.41715251,0.09473750
0.41360017,0.09659622
0.48426996,0.10686660
0.51889697,0.10837029
0.35301270,0.07769155
0.35544662,0.11522762
0.36020174,0.10240344
0.58177193,0.15035516
0.36820786,0.08437866
0.26957528,0.06744310
0.44076830,0.11562489
0.43447403,0.13434376
0.39155774,0.09087994
0.51641505,0.14937174
0.36705048,0.12334740
0.46393427,0.13787447
0.52436349,0.17688973
0.36966732,0.09150153
0.44020932,0.12765625
0.53081312,0.12273668
0.41576202,0.12186616
0.39915808,0.13348836
0.39179193,0.07510221
0.36038770,0.08509924
0.35899250,0.10393800
0.39781125,0.11695958
0.47612191,0.13878219
0.46527731,0.14437647
0.40485298,0.07515740
0.40177023,0.09955007
0.40999052,0.09557787
0.40417702,0.13103249
0.42513698,0.10271884
0.32485768,0.10349767
0.34025436,0.10794148
0.35960062,0.08409924
0.33612778,0.10971609
0.42430266,0.09407174
0.38493577,0.14810505
0.33713926,0.09265584
0.42539905,0.11700179
0.47310786,0.13743474
0.30959463,0.08864702
0.58567845,0.12550781
0.35857235,0.10110994
0.44933233,0.11576757
0.45003059,0.14255102
0.31447630,0.06718507
0.43225181,0.14224901
0.52988175,0.14764372
0.38512072,0.08997275
0.35217745,0.12058965
0.43629945,0.12570851
0.51932393,0.15393574
0.40366429,0.12486362
0.38522402,0.10085259
0.34364741,0.07708882
0.38415494,0.09427430
0.38272922,0.10236118
0.35623422,0.10561077
0.45092182,0.14547563
0.30055922,0.08201476
0.44939855,0.15037934
0.43090166,0.14100081
0.32751796,0.10441707
0.50983778,0.14292979
0.31139744,0.07177988
0.42939394,0.08132315
0.41418663,0.09104548
0.49155843,0.12192951
0.50992172,0.14370940
0.48987439,0.13218824
0.32144274,0.07833623
0.41089618,0.09684001
0.47801981,0.13454148
0.33525527,0.08626070
0.38841765,0.12362289
0.43023320,0.12156339
0.45071100,0.10025852
0.48225678,0.11884673
0.37515455,0.12149082
0.48453829,0.14819316
0.45214480,0.13532861
0.39447131,0.10389592
0.51148943,0.11610336
0.39355481,0.10988505
0.32657417,0.11171583
0.38283005,0.08282899
0.50885561,0.12604555
0.53472030,0.16134616
0.50170599,0.14797515
0.31056512,0.08790411
0.37949683,0.12447494
0.55978608,0.17116214
0.34441545,0.09350869
0.32390777,0.08745701
0.42889633,0.10128305
0.39268258,0.08490296
0.31121714,0.07951120
0.45496874,0.15616457
0.43135390,0.12154938
0.39901940,0.12750945
0.45113872,0.14040354
0.39968630,0.11945244
0.49417301,0.12108960
0.32509416,0.08035838
0.40401438,0.09249293
0.37843678,0.09858677
0.43431089,0.11316632
0.46279468,0.13533826
0.44815250,0.12461110
0.42536612,0.12383935
0.43524181,0.09901145
0.37829670,0.09402061
0.44076898,0.11447571
0.37611043,0.08015453
0.38100507,0.09856771
0.44526468,0.11009904
0.32821101,0.10226436
0.43113170,0.15502829
0.28959641,0.08491514
0.49982770,0.15449153
0.48856516,0.16139993
0.35012857,0.10624696
0.26105815,0.09365733
0.26322933,0.07874874
0.50110385,0.14069527
0.35878159,0.08615650
0.39931387,0.11492080
0.66047118,0.17613901
0.47405693,0.15623797
0.42515011,0.10646605
0.54331134,0.13587292
0.34330826,0.09733466
0.49367906,0.10699827
0.38094134,0.09858065
0.33504768,0.10645888
0.42171920,0.12873242
0.40228388,0.12679254
0.51019669,0.15834605
0.48535789,0.10749478
0.52855703,0.17063540
0.38375492,0.11487755
0.55366679,0.12123502
0.43554594,0.10516776
0.41435323,0.08583002
0.35879309,0.09473612
0.31768200,0.07716847
0.39715113,0.12426412
0.44826329,0.11410671
0.29523907,0.06855486
0.48256229,0.13693066
0.38013834,0.11143429
0.37727376,0.10691224
0.37127032,0.08799201
0.48363235,0.16443488
0.49559849,0.11783770
0.36544162,0.08962373
0.55421438,0.14799498
0.35738678,0.11953027
0.30832418,0.10672914
0.37170317,0.10538811
0.44281550,0.10778220
0.42732463,0.14135109
0.40592749,0.14365666
0.39802536,0.11964404
0.35665803,0.10241318
0.34174706,0.07608122
0.42244651,0.08860419
0.51139736,0.16377569
0.36288702,0.08749447
0.35520777,0.11040371
0.48967279,0.12472152
0.56134193,0.14334121
0.55176373,0.14494970
0.53537689,0.14811030
0.39081113,0.11311440
0.45637945,0.11250326
0.41169715,0.14317765
0.36806820,0.09260068
0.35759924,0.07536721
0.30666281,0.08082935
0.40664537,0.12147409
0.30433266,0.07009771
0.46598761,0.10686831
0.37505445,0.07936253
0.36611354,0.10603043
0.36738881,0.08490382
0.37230585,0.10430527
0.45955907,0.10773543
0.53961793,0.15357273
0.46999460,0.11770334
0.45744577,0.08707008
0.34966511,0.07760914
0.44504416,0.12050509
0.27593892,0.07119026
0.38245023,0.09588752
0.39487621,0.07727409
0.37371450,0.09462933
0.38887751,0.07817173
0.41929650,0.13406445
0.42565698,0.13858999
0.36607060,0.11880710
0.34934707,0.08886803
0.45227146,0.10359245
0.42068981,0.11355599
0.44251186,0.13059806
0.39153912,0.08108560
0.36694695,0.09731024
0.34489638,0.10516354
0.34607046,0.08234569
0.38095167,0.08221377
0.46383081,0.12093333
0.46103031,0.11584486
0.39584240,0.13023595
0.39471982,0.09086184
0.47686672,0.11217912
0.34112551,0.09615439
0.48325674,0.10411050
0.63356927,0.15983409
0.40622889,0.12185371
0.52756843,0.14729091
0.48951816,0.12639835
0.49661107,0.17260192
0.47229845,0.11770548
0.37123287,0.11301544
0.46943145,0.12863085
0.34463840,0.08789139
0.40265606,0.11533163
0.38430260,0.13234143
0.41881978,0.09595768
0.43418799,0.10319179
0.40044248,0.08307602
0.42859397,0.10299176
0.38909546,0.10368904
0.39105892,0.13446007
0.41341555,0.14187619
0.43082957,0.12404651
0.50310598,0.13132767
0.43483787,0.10595415
0.43677288,0.12501994
0.47307803,0.12052971
0.38879839,0.09247147
0.39383852,0.10814000
0.42209192,0.12811965
0.34904406,0.11015375
0.34591575,0.10209577
0.38925818,0.12381080
0.44261786,0.12145780
0.34524606,0.08020294
0.40301094,0.10326665
0.44142113,0.13510356
0.43097255,0.12491665
0.47029979,0.14653195
0.42300693,0.13157970
0.43068507,0.11089796
0.37166964,0.11006577
0.41067188,0.12233052
0.41148170,0.10695695
0.37402922,0.09402166
0.29528153,0.07636748
0.40991183,0.09937393
0.32939479,0.07990762
0.38711809,0.10085436
0.51666420,0.12457071
0.55648105,0.11816209
0.41717024,0.11725977
0.44847594,0.12528116
0.31788155,0.09371118
0.47005062,0.13452192
0.28842273,0.07484798
0.44868189,0.11936130
0.51648248,0.14878006
0.49181247,0.11790394
0.49946858,0.10407079
0.38106345,0.10449804
0.33497182,0.07113485
0.44018196,0.12236308
0.40086318,0.11987476
0.50454146,0.12868200
0.49977954,0.12969496
0.46888482,0.14991850
0.56932206,0.16551759
0.32952819,0.07496249
0.44860984,0.11984510
0.49867435,0.11900658
0.31670686,0.10803761
0.42473346,0.10804594
0.45003959,0.12330818
0.51033998,0.13219054
0.45726104,0.10317783
0.47050496,0.11653701
0.46803666,0.11935301
0.47910457,0.13113015
0.41675474,0.10335746
0.35937595,0.10065026
0.41193373,0.10701197
0.35008531,0.08175720
0.48295098,0.13458333
0.61937789,0.17617294
0.31887570,0.10990323
0.48467736,0.10895358
0.39370856,0.12813224
0.48042458,0.09903572
0.50677712,0.14804475
0.42991918,0.11453425
0.30384231,0.06211368
0.46396326,0.13155901
0.39927976,0.14896332
0.39029885,0.10902771
0.52533804,0.10697343
0.41220651,0.11743231
0.41568448,0.12986973
0.33290388,0.09027119
0.49215682,0.11711122
0.35284177,0.09870073
0.47161331,0.16245387
0.34926224,0.08776793
0.32475685,0.07822307
0.32618726,0.11498898
0.40115000,0.11891670
0.36511993,0.14079125
0.47733524,0.12777344
0.44834705,0.13713254
0.47966170,0.15830053
0.48846426,0.13678167
0.46185067,0.10892571
0.46376236,0.14017110
0.38303404,0.10778071
0.42104276,0.12793490
0.41337480,0.11901586
0.33410174,0.08293116
0.26730567,0.08426621
0.60293170,0.19723416
0.33377604,0.08548246
0.36293888,0.10720097
0.54823564,0.13761948
0.41587141,0.10584737
0.36850636,0.10326129
0.35960061,0.08871643
0.35253122,0.09864308
0.40460342,0.13467422
0.37533950,0.09404147
0.45490644,0.11421241
0.43351610,0.14119177
0.43448690,0.13436139
0.38481778,0.08349436
0.34751586,0.08840701
0.39677500,0.09883907
0.39791995,0.08290011
0.30885382,0.07029286
0.43763377,0.10076996
0.50806510,0.15771762
0.46411779,0.15268797
0.54418683,0.16782643
0.52483322,0.16099877
0.49795056,0.12617921
0.49507076,0.13066644
0.32720958,0.07443792
0.43862278,0.10656011
0.34969156,0.08194095
0.36460581,0.09391313
0.47630083,0.10789350
0.57049445,0.17113811
0.37785032,0.10570987
0.49985666,0.11247981
0.57324336,0.14949063
0.48290922,0.12009268
0.35970505,0.11972468
0.33140565,0.10106461
0.54436210,0.14024976
0.53849765,0.12740073
0.39943412,0.10272495
0.38189913,0.09297144
0.55815541,0.16858275
0.31320924,0.06990644
0.38258225,0.07467823
0.38872447,0.12586304
0.39507950,0.09821002
0.31286912,0.08339179
0.49826733,0.13325857
0.45485011,0.11767454
0.47974664,0.11072772
0.43886411,0.09804396
0.52640649,0.14810736
0.30501007,0.08500836
0.45914054,0.11232701
0.39229350,0.11004810
0.44640231,0.13015406
0.38141789,0.11848374
0.39816018,0.08507278
0.35596933,0.10952482
0.49347785,0.10784251
0.46760914,0.10066790
0.46904994,0.13050422
0.53479433,0.14969325
0.47085741,0.15781221
0.36518377,0.11090748
0.35559695,0.11323519
0.52875638,0.13197244
0.47380376,0.13033812
0.53768347,0.13050049
0.49821478,0.14493037
0.33416701,0.07147016
0.29050705,0.08507403
0.45519928,0.13200231
0.42275263,0.10305500
0.51824920,0.11834830
0.34599821,0.09312113
0.56294833,0.17246921
0.31582477,0.09057580
0.40336707,0.11696371
0.38768073,0.11571756
0.41057004,0.13229481
0.40125318,0.12354607
0.60461013,0.15173492
0.49753066,0.14563235
0.40982430,0.10784166
0.31884932,0.07448656
0.38382281,0.08631005
0.37883373,0.10261973
0.42839033,0.15213769
0.44587215,0.10961635
0.46257156,0.15815283
0.33229493,0.08350208
0.42791512,0.08721197
0.53042507,0.14646754
0.33766706,0.07237167
0.41593204,0.14969338
0.70166046,0.19182057
0.35531272,0.08328353
0.39283048,0.09983431
0.50948140,0.12031786
0.46958039,0.09675348
0.51287844,0.13763264
0.50893479,0.15719242
0.56307767,0.20595203
0.42118243,0.13633483
0.55894879,0.17664446
0.45801959,0.09639295
0.53482642,0.15198659
0.44897019,0.13012956
0.39417217,0.09443781
0.34195932,0.13447764
0.36825143,0.09490979
0.31018383,0.06911927
0.43667919,0.10339043
0.40523574,0.14320862
0.36613156,0.10410775
0.38166383,0.12508444
0.30544109,0.07903272
0.42103575,0.10770854
0.40590286,0.12113933
0.30047140,0.08838389
0.38351848,0.08802184
0.46203970,0.11823159
0.45948987,0.15226129
0.39804068,0.13194721
0.28850939,0.08850611
0.42645584,0.09767621
0.41960037,0.11859302
0.48184029,0.15069068
0.45970018,0.11400540
0.35702267,0.08950943
0.44251554,0.10923320
0.33145523,0.09462704
0.44002541,0.13115259
0.48000521,0.15949965
0.43873038,0.13386857
0.48201602,0.13454410
0.40653119,0.09249040
0.38450384,0.11041037
0.49169903,0.15812561
0.39280714,0.11896853
0.43888834,0.13171791
0.33122951,0.08439112
0.27932267,0.07727903
0.37294770,0.09787104
0.44941768,0.12872207
0.43161132,0.08196849
0.42153929,0.13261442
0.39098891,0.09803302
0.42244858,0.11645113
0.45222966,0.10266555
0.32582833,0.08127225
0.43297555,0.13626778
0.47009692,0.11439131
0.50705375,0.17388263
0.36793025,0.11087734
0.41328064,0.12235012
0.64828062,0.16668299
0.49650547,0.10102351
0.55588867,0.16560152
0.37459526,0.13144329
0.36213837,0.08351413
0.39045185,0.10799600
0.45372438,0.11178574
0.49124153,0.12796453
0.47820653,0.16661952
0.34886462,0.08324621
0.32842831,0.10259451
0.42329991,0.12173668
0.41453014,0.13625677
0.35529768,0.10057288
0.48272624,0.11009700
0.36588610,0.09761137
0.49534547,0.16646818
0.41281381,0.09200615
0.41303543,0.12625321
0.35766972,0.08410386
0.41731139,0.12191635
0.50356362,0.13820209
0.48355858,0.13130777
0.46755594,0.11713347
0.48491166,0.15212228
0.43840630,0.08459492
0.56645854,0.18264610
0.46686288,0.12983064
0.47406376,0.13911510
0.49108549,0.11751730
0.41189873,0.11562916
0.46887513,0.12223672
0.47674788,0.10744920
0.48340736,0.13754353
0.50312594,0.14234453
0.38811654,0.09094434
0.40822480,0.07849574
0.49626829,0.11249705
0.43442808,0.12677610
0.40361987,0.08561869
0.55883244,0.18783209
0.44038859,0.14134665
0.44561076,0.11514281
0.52154634,0.14172784
0.46181830,0.12369378
0.42621990,0.11685439
0.36906898,0.11233656
0.44511010,0.12606491
0.52643246,0.15105591
0.50606277,0.14156184
0.42063984,0.11175872
0.39521842,0.11341523
0.43714892,0.09608726
0.50621860,0.12828476
0.48065099,0.12054871
0.40067632,0.13131899
0.58035961,0.16114486
0.34710192,0.08311044
0.43864845,0.14850303
0.43576549,0.13289156
0.36978415,0.08289733
0.42792188,0.09218642
0.48019539,0.11038415
0.50404995,0.16176254
0.41835428,0.10442242
0.35327169,0.08860512
0.43185800,0.12613346
0.42509020,0.10949101
0.46822956,0.14491482
0.41503470,0.12083228
0.47187433,0.11140566
0.52534618,0.15542650
0.33390425,0.11062861
0.52226011,0.16351955
0.41465628,0.16011010
0.37435851,0.08216388
0.43540583,0.10491746
0.44682902,0.13873741
0.36636958,0.07095286
0.37582615,0.08736458
0.47256360,0.11431865
0.51856238,0.11274763
0.38689232,0.10413562
0.38099721,0.08168607
0.54346818,0.14218451
0.54529131,0.13638167
0.34879533,0.09511424
0.51968795,0.15163790
0.57306508,0.16850721
0.38470572,0.12336055
0.43883257,0.13755810
0.39976707,0.13132995
0.34700315,0.11376178
0.33588919,0.07385290
0.44587862,0.12852267
0.39854108,0.13578721
0.40437159,0.12179762
0.39687809,0.09558319
0.43768434,0.13364788
0.27299438,0.08069183
0.43666996,0.10076186
0.56471093,0.15214537
0.38437292,0.10677476
0.36394621,0.08971003
0.33826178,0.08690893
0.44146975,0.11115238
0.36732920,0.11754060
0.34770066,0.11246097
0.38870969,0.13729605
0.47981006,0.13115354
0.42829237,0.13800568
0.32355757,0.09816091
0.47400170,0.14677993
0.33078077,0.10494208
0.46693457,0.11268851
0.36192483,0.08991125
0.36346249,0.09245060
0.49540862,0.11934021
0.34323826,0.06774988
0.43638639,0.15180329
0.35773856,0.12906721
0.35389768,0.10312206
0.44457866,0.14154338
0.59167558,0.18111963
0.49892224,0.13277849
0.50315359,0.14931166
0.42214329,0.11655981
0.57214047,0.15644669
0.41710719,0.14997193
0.33939655,0.08959154
0.54993764,0.15160626
0.34275655,0.08881203
0.38774706,0.09042660
0.38192095,0.11183717
0.49738910,0.13241389
0.33688927,0.07992633
0.48203948,0.10936556
0.51812540,0.15235214
0.37915582,0.13556289
0.39764494,0.13404857
0.42390708,0.11147511
0.41518483,0.13358485
0.33176493,0.09832260
0.40991413,0.10853423
0.34098243,0.08113034
0.32103498,0.10358180
0.41709344,0.16251764
0.45729926,0.10913914
0.36933235,0.09343140
0.34447368,0.08516910
0.41896557,0.13320270
0.49139561,0.14905173
0.38323708,0.08689221
0.58308843,0.12716349
0.44022354,0.10493103
0.47405448,0.10246391
0.41671461,0.09511859
0.45957213,0.12845162
0.34383818,0.09718208
0.42998574,0.14508179
0.44088234,0.11195607
0.35525082,0.08587693
0.50453869,0.13166090
0.50695474,0.13851662
0.37944206,0.09144202
0.47706391,0.10738190
0.35335075,0.07930930
0.35818070,0.11378841
0.36430107,0.08504519
0.48029413,0.11792558
0.39891813,0.08586788
0.50501997,0.17079069
0.42363013,0.09283609
0.35943679,0.12459631
0.31392123,0.10401572
0.46196319,0.12081295
0.30320891,0.09481711
0.44756635,0.12326133
0.47947881,0.14113560
0.45277352,0.13190488
0.40096661,0.11677779
0.39835450,0.15003806
0.40977352,0.10278610
0.35464181,0.09463531
0.43175455,0.12796631
0.42310648,0.11152037
0.42192236,0.09225813
0.32886512,0.10812604
0.51806277,0.15129078
0.41060900,0.11038975
0.50601305,0.16771929
0.34440344,0.09634848
0.46847839,0.11054758
0.42586070,0.11821874
0.54508615,0.12392796
0.32071038,0.08708272
0.42811473,0.09337555
0.46991959,0.14531697
0.50265400,0.13084305
0.54355568,0.14584420
0.47824731,0.12118918
0.41894273,0.10756432
0.37126561,0.08325739
0.44818912,0.12534516
0.32719466,0.09240566
0.36722793,0.07216900
0.35429438,0.08723439
0.33331818,0.11720623
0.46432194,0.14388939
0.44707743,0.13170311
0.34865441,0.10351325
0.43972012,0.13345427
0.51135115,0.13351708
0.30815818,0.09363237
0.42545749,0.13406196
0.45049387,0.11680084
0.42825058,0.11920048
0.36088959,0.10355316
0.40422324,0.09957841
0.40418843,0.09878493
0.42974513,0.10407394
0.39920170,0.10928314
0.52547004,0.15435477
0.37785291,0.08111082
0.42263203,0.12366057
0.37111064,0.09993649
0.45672533,0.12653124
0.37379816,0.09851912
0.35251196,0.10952114
0.42012813,0.12568358
0.39090966,0.10694323
0.43672229,0.11002120
0.30477451,0.07731348
0.58111665,0.16841764
0.37102311,0.13207715
0.47954368,0.15835799
0.35177906,0.11980434
0.43926030,0.11897632
0.35411771,0.07977463
0.43351943,0.08684131
0.45375472,0.10448768
0.44235687,0.13604404
0.52651696,0.14908789
0.43503157,0.10776374
0.34596830,0.08295272
0.32223015,0.09241506
0.42849218,0.11609470
0.38387367,0.10559835
0.42161304,0.09996626
0.37236195,0.08387602
0.39608489,0.09331548
0.45315344,0.10033328
0.41332772,0.10424274
0.46768985,0.14255156
0.45710191,0.13167297
0.47065943,0.11570656
0.41013041,0.12510271
0.53488745,0.15390502
0.48865847,0.12671201
0.42012181,0.10524329
0.26878977,0.06056012
0.51660591,0.13895106
0.54307262,0.14001590
0.55503112,0.13948501
0.50051276,0.12589131
0.48744832,0.16616805
0.48214790,0.10339738
0.41637484,0.08713796
0.39183192,0.09028170
0.35913469,0.09833788
0.47299387,0.15440000
0.50855035,0.13118679
0.42873537,0.11763685
0.35396908,0.10462193
0.60069034,0.16997922
0.39859940,0.10981310
0.51229146,0.15588478
0.30789668,0.07082730
0.41464988,0.13481700
0.39842168,0.09031979
0.40078441,0.11987373
0.48244697,0.12005498
0.51705440,0.13955891
0.34459008,0.08018687
0.47655729,0.12938195
0.39983913,0.10125967
0.39853296,0.09400221
0.39012661,0.07028283
0.49756652,0.15077919
0.48504017,0.12666375
0.28491439,0.08471458
0.42730582,0.13351550
0.30380568,0.09711074
0.39286477,0.10082697
0.56525440,0.17951439
0.57137780,0.15860102
0.48414482,0.15380482
0.38730371,0.09646890
0.51610227,0.13654616
0.53812675,0.15528030
0.54957624,0.14716205
0.45652051,0.11785920
0.45673812,0.15290226
0.37578479,0.11103169
0.38541009,0.10789175
0.49622820,0.14562513
0.39733326,0.09974494
0.39816556,0.09094425
0.40920397,0.12415894
0.49092204,0.13654339
0.37311615,0.09236342
0.39688248,0.13659319
0.35803275,0.08269373
0.41769757,0.09234602
0.47216755,0.12080019
0.34668539,0.09082481
0.47218052,0.15689874
0.49869444,0.15265684
0.49167825,0.09439191
0.41314929,0.08650183
0.43300799,0.14046833
0.38504148,0.10947080
0.44369118,0.12941068
0.38253820,0.14572059
0.30841351,0.09971966
0.29561582,0.08921657
0.48380170,0.11220708
0.51801521,0.13810456
0.39193485,0.12645145
0.33425224,0.07223064
0.37264168,0.08572651
0.56428527,0.15159563
0.38660743,0.08950921
0.41504390,0.10732776
0.59562141,0.15057687
0.32928919,0.08762470
0.37410974,0.09069105
0.39662334,0.11469266
0.40613106,0.08818836
0.50790196,0.13062405
0.42314158,0.10400210
0.38258935,0.11561112
0.33125250,0.08829668
0.33670468,0.07990559
0.48921677,0.14370060
0.36802894,0.10594180
0.37543234,0.11917343
0.31000486,0.08377808
0.43081961,0.10897950
0.42972850,0.11861697
0.38306595,0.13214883
0.46544126,0.11402490
0.50713883,0.14316792
0.44585651,0.15104191
0.33385817,0.08623741
0.61131644,0.15325396
0.39152153,0.09476710
0.40673420,0.13023413
0.41524893,0.10244913
0.42772859,0.11736651
0.46698051,0.14710968
0.30700509,0.06951456
0.48384044,0.10829335
0.38999892,0.11796156
0.49484211,0.14027611
0.41252555,0.13698996
0.38630290,0.10364619
0.44897675,0.11088253
0.51111673,0.12233924
0.45945452,0.09623275
0.45676240,0.11129554
0.36638576,0.11551366
0.38350276,0.13035781
0.46909095,0.09881707
0.35475211,0.13519730
0.43083460,0.09755109
0.33232067,0.07787671
0.41248844,0.08616650
0.35000647,0.11398597
0.36565571,0.08994383
0.37603401,0.08478987
0.43538934,0.10602525
0.38187296,0.10587710
0.51116880,0.14075326
0.43360485,0.10544817
0.43258441,0.10014192
0.39855828,0.10243784
0.35684548,0.08922447
0.36196181,0.10605193
0.56903319,0.13990886
0.35704606,0.11621502
0.32766704,0.06595079
0.33903952,0.12176126
0.42912336,0.11420357
0.52440071,0.15607584
0.34579451,0.10029954
0.49033533,0.14999841
0.33263792,0.09844311
0.42077165,0.09836732
0.54391433,0.17829032
0.37269091,0.12086723
0.40757996,0.10241588
0.32312743,0.09452953
0.47290402,0.15742589
0.45811319,0.09114849
0.40591546,0.09509599
0.36212883,0.09553377
0.37641974,0.12678354
0.49611795,0.15886372
0.48226252,0.10864877
0.29246100,0.09026960
0.44162856,0.12308065
0.46594455,0.08793035
0.40064109,0.12464063
0.41965753,0.12452167
0.51485085,0.13593600
0.48796606,0.10287646
0.35928988,0.08118630
0.33021898,0.07952405
0.35191115,0.09996069
0.53089865,0.15927819
0.31209217,0.07649234
0.30108832,0.08280765
0.36622715,0.10544100
0.39182387,0.09999133
0.27592581,0.07518702
0.38077306,0.11468132
0.51790423,0.15684692
0.47769393,0.11696551
0.38913001,0.09813526
0.50029002,0.13955124
0.43938741,0.15238761
0.39290023,0.12637875
0.36651264,0.10822755
0.39817189,0.11664111
0.50906319,0.15873667
0.38464986,0.08871539
0.41598003,0.08852158
0.32215877,0.08085210
0.46471016,0.10939657
0.48064988,0.10098592
0.48320214,0.13406803
0.42218677,0.11495210
0.40815210,0.10945222
0.32770136,0.09035626
0.42737377,0.09698608
0.39830782,0.08673549
0.34982967,0.09435334
0.51086668,0.13124250
0.39019538,0.13423015
0.50150366,0.11753487
0.42797616,0.13321176
0.39197572,0.08836287
0.50589424,0.15735756
0.44078868,0.10443026
0.43352530,0.09046303
0.33020504,0.07098945
0.28113774,0.09483027
0.48183751,0.12567668
0.51583770,0.11489726
0.35469179,0.08651424
0.59743817,0.13788031
0.41560829,0.14273471
0.50510985,0.10614973
0.43290899,0.13189907
0.36793752,0.12407363
0.41647623,0.10996465
0.35373046,0.10777429
0.37671970,0.10284001
0.41892358,0.11855944
0.36581501,0.08308108
0.42288931,0.11185774
0.34761089,0.12758224
0.39296804,0.10060964
0.40332596,0.07811566
0.51449515,0.13029812
0.35032810,0.07740780
0.44567953,0.11769805
0.38856695,0.13053131
0.40356856,0.11592868
0.42968296,0.12748257
0.46561868,0.14882595
0.38228982,0.10420587
0.40948386,0.09789279
0.34849434,0.10233732
0.39218813,0.10877047
0.46374994,0.09577080
0.33344121,0.09256377
0.41463372,0.11958826
0.40924720,0.09929403
0.52743384,0.16744759
0.42160243,0.12674769
0.47759040,0.13137186
0.49259607,0.10857410
0.45312701,0.09477265
0.35733460,0.08942643
0.35126582,0.09095616
0.44741081,0.12802850
0.43949719,0.11123082
0.39336837,0.09462951
0.33546070,0.10988778
0.42293791,0.13563595
0.50082764,0.10518795
0.32228143,0.08138714
0.36112721,0.10838869
0.42938760,0.12029686
0.49007248,0.15138637
0.34944107,0.11088134
0.35842216,0.11042879
0.31173394,0.06658092
0.34819694,0.10906928
0.35196319,0.08598042
0.41872662,0.12644430
0.42823624,0.12614060
0.49587738,0.13843276
0.40330086,0.11331337
0.45675516,0.10846124
0.43695535,0.13628700
0.40253054,0.10022913
0.32832528,0.06658345
0.30329456,0.08575899
0.43786466,0.10901541
0.34693480,0.07552040
0.45324971,0.12049941
0.35834899,0.07936413
0.46663900,0.14197561
0.29074207,0.07952206
0.44244305,0.10625355
0.31525138,0.09715317
0.38310486,0.10356229
0.41386253,0.09296514
0.55434929,0.14826640
0.42819852,0.12060215
0.35893282,0.12175679
0.46568275,0.12060865
0.46340883,0.09948119
0.38771531,0.10731679
0.50526699,0.13448182
0.47958773,0.15975452
0.42301687,0.11245989
0.39385869,0.11712967
0.57084131,0.14680178
0.48946849,0.14797772
0.40994474,0.09003963
0.51723686,0.11956559
0.55152309,0.14979146
0.35778384,0.09022073
0.37269767,0.07777370
0.53412515,0.13152079
0.36091429,0.10101083
0.46925555,0.12517757
0.55411143,0.14044640
0.44241838,0.10269807
0.38824218,0.08936102
0.52009342,0.16034365
0.47308510,0.11057094
0.39834801,0.09374464
0.52976295,0.12247963
0.54992038,0.15267692
0.35075437,0.09353193
0.37333544,0.10995903
0.37140230,0.11260677
0.36405158,0.10392167
0.42837995,0.10004645
0.42948937,0.08968787
0.42086125,0.09543520
0.41223422,0.09724898
0.43269038,0.11805409
0.54822427,0.16864634
0.42259506,0.12683802
0.39141552,0.10565052
0.41121694,0.13801269
0.48223458,0.12575592
0.51946588,0.14024641
0.40981746,0.11718607
0.47199118,0.12832919
0.41801748,0.11082987
0.39687533,0.12399465
0.43239106,0.10349617
0.35632481,0.09933567
0.50900775,0.15793432
0.32517657,0.10132369
0.41559796,0.12285530
0.42144449,0.10372914
0.45346236,0.14953599
0.44538236,0.12537776
0.34380452,0.06951232
0.33477936,0.07388229
0.32536378,0.10027826
0.44467584,0.12836878
0.48875002,0.11603468
0.36382043,0.07596238
0.41005562,0.13550054
0.40584506,0.11929254
0.40476990,0.11418676
0.40936017,0.09151512
0.35919206,0.08841707
0.55830851,0.15756452
0.44787808,0.12513305
0.38854172,0.12108827
0.40582679,0.12541754
0.39912266,0.13477407
0.43734334,0.10726341
0.35291450,0.08924621
0.38946657,0.09982818
0.44527688,0.15042115
0.51748587,0.14514298
0.48384694,0.11786512
0.39178863,0.11513851
0.37554193,0.11382475
0.42736209,0.13723630
0.35278186,0.10724197
0.39598963,0.11056731
0.56313432,0.18296618
0.38314401,0.12115235
0.38465298,0.07983544
0.42320579,0.12695715
0.37600442,0.08178291
0.45341814,0.10420839
0.40491071,0.10560413
0.34936604,0.11393311
0.43004562,0.09425726
0.36690149,0.09910999
0.33109863,0.06686242
0.32178320,0.10870260
0.47998338,0.11450573
0.56462489,0.18273578
0.33622521,0.11322044
0.48323447,0.12951839
0.41689910,0.08183978
0.46395864,0.12154605
0.44143019,0.11178626
0.44777783,0.10764020
0.39602707,0.09618105
0.35167362,0.07176224
0.31148710,0.08057189
0.47043928,0.12057866
0.37771301,0.12987329
0.36227137,0.09560783
0.37934536,0.08005116
0.43921355,0.08704124
0.47587748,0.11650561
0.38282246,0.12657165
0.44975752,0.09493555
0.46932572,0.14634435
0.43833124,0.10283440
0.43056653,0.11376488
0.44172108,0.09294556
0.48793784,0.12950926
0.38768532,0.10796934
0.56097534,0.16491597
0.34256209,0.09444371
0.35401519,0.08305768
0.40145987,0.12929546
0.37705923,0.07918982
0.39922261,0.10059774
0.39284020,0.09235192
0.56474290,0.13845833
0.44433160,0.14466832
0.32364811,0.10618216
0.43286824,0.10851850
0.31470321,0.07680266
0.39320273,0.10710795
0.44724874,0.12446702
0.31091929,0.09326206
0.51235950,0.13459373
0.31731447,0.07888072
0.45719357,0.13572906
0.44666735,0.15200601
0.45867476,0.12006844
0.28216810,0.06892964
0.35954585,0.10540996
0.48291716,0.09959945
0.36128250,0.07960670
0.42362720,0.13686963
0.35024922,0.10830016
0.39048065,0.13473534
0.45474288,0.13400131
0.43767830,0.13792371
0.44027105,0.12898790
0.56947883,0.14451377
0.27431597,0.07500569
0.44950522,0.12792020
0.65968486,0.15599827
0.43513424,0.09653150
0.38640183,0.11902564
0.60265634,0.16000057
0.44189722,0.11829817
0.43853273,0.11057478
0.44617653,0.08948758
0.36494967,0.08142054
0.46058559,0.11566177
0.45428375,0.13375272
0.46294404,0.09383574
0.42835248,0.12171456
0.46368669,0.09275302
0.41027926,0.11713018
0.38358581,0.11940344
0.33875566,0.08620581
0.31121113,0.07735655
0.43985201,0.12073810
0.45902563,0.09672422
0.41178405,0.09276426
0.36278031,0.10198458
0.44142701,0.16027397
0.54954291,0.17436717
0.38884530,0.10457104
0.35795693,0.09945114
0.55741331,0.14407491
0.37059070,0.09250382
0.43364606,0.10442472
0.34104657,0.08230435
0.35122326,0.11122329
0.51501539,0.14053953
0.40333556,0.13251243
0.39460175,0.10221365
0.49148798,0.13525494
0.45989714,0.08975963
0.49939287,0.15683423
0.50235312,0.10414105
0.42119263,0.11393001
0.39948983,0.12752322
0.42178942,0.11572966
0.38071595,0.12226510
0.51693258,0.14359072
0.55808636,0.15118913
0.45865583,0.12266511
0.33474646,0.07024357
0.35784011,0.08351813
0.49854688,0.15277830
0.38066496,0.11293708
0.38556978,0.13095984
0.41302560,0.14828940
0.43134785,0.11410565
0.40154282,0.09926367
0.40774436,0.10907980
0.39998541,0.08371107
0.47649607,0.16607706
0.45009835,0.12491993
0.34493083,0.10680316
0.48942962,0.14063603
0.43239996,0.10552705
0.40832288,0.12697555
0.48578165,0.10931264
0.41372253,0.10331773
0.44321689,0.13522593
0.38640757,0.10171780
0.35979911,0.10284124
0.36824092,0.10438348
0.57050956,0.13956774
0.54235596,0.18087680
0.43682015,0.12594832
0.31561229,0.08669603
0.35045264,0.07565601
0.48258634,0.12326826
0.49856300,0.12894606
0.36797490,0.10315338
0.37214819,0.10089969
0.48280469,0.16510111
0.38176046,0.11459848
0.32094295,0.09437799
0.40795351,0.12929847
0.41292075,0.09702457
0.36287335,0.10014439
0.36955363,0.10760407
0.32556409,0.07469715
0.39673558,0.12414523
0.46996194,0.14973994
0.65484743,0.16337750
0.49835699,0.13788877
0.51858896,0.11847606
0.29396557,0.09465447
0.35750189,0.10483577
0.54423624,0.15081397
0.44705657,0.13733823
0.39631055,0.08613379
0.46511343,0.13879533
0.42887679,0.13275183
0.38226494,0.08384908
0.34983945,0.09031203
0.34340642,0.09199257
0.51651756,0.14479642
0.46292084,0.11714182
0.45791041,0.12351807
0.42291231,0.07741823
0.53141802,0.14448177
0.38860445,0.10203539
0.47687840,0.12206575
0.41344714,0.11577938
0.36851989,0.09661282
0.49968292,0.12361604
0.49497365,0.16945466
0.44073652,0.11147331
0.34305918,0.09656996
0.50873761,0.13708394
0.36090542,0.08581008
0.49939619,0.15298763
0.31795408,0.10066223
0.44237059,0.10330071
0.47011719,0.12293847
0.33632046,0.10799210
0.53493118,0.13763375
0.50645125,0.12991349
0.31641144,0.06737353
0.44902483,0.12421739
0.48433209,0.13805503
0.44508603,0.09930865
0.37008113,0.10089697
0.33540398,0.10942956
0.39804328,0.15121613
0.34174288,0.09795532
0.44170242,0.10237967
0.51738167,0.15553418
0.42465981,0.12320444
0.47538886,0.12799650
0.41226747,0.11626861
0.33983568,0.08566764
0.54005127,0.14974577
0.42998884,0.10107208
0.35521904,0.10600120
0.62132394,0.15069819
0.37600981,0.09279613
0.28490192,0.07456925
0.35042066,0.10286649
0.40469647,0.10882084
0.38559695,0.08126227
0.42301446,0.08997537
0.36864261,0.07606200
0.52704477,0.13618601
0.51038901,0.13698875
0.33719138,0.09042965
0.34690227,0.08172579
0.44865481,0.10274922
0.56864003,0.17090174
0.34688113,0.10828489
0.39095451,0.10918995
0.35493461,0.09381021
0.51655591,0.13099919
0.31300576,0.07154458
0.42672018,0.15612224
0.33681535,0.09911787
0.37023434,0.08594253
0.30858137,0.08844722
0.51261873,0.12736131
0.38810153,0.11994418
0.34470080,0.09208387
0.36829524,0.08272152
0.38961178,0.12242007
0.27621507,0.08602162
0.45812088,0.10699659
0.44267557,0.11934540
0.42842089,0.09258083
0.45091979,0.11623751
0.39967763,0.09374509
0.35179108,0.07623147
0.46962555,0.11454623
0.36402082,0.07628828
0.40563694,0.14036539
0.37652855,0.13742128
0.38320724,0.09752438
0.45346004,0.13333153
0.44238504,0.14031372
0.33728913,0.10487367
0.42716114,0.15120955
0.40818979,0.11157323
0.46305366,0.10491138
0.30096742,0.07663456
0.42853086,0.13020755
0.38787496,0.09778117
0.34621318,0.07512357
0.47893108,0.15448225
0.39161398,0.11972079
0.37908902,0.12396498
0.38258803,0.12517781
0.50231418,0.13355594
0.45950926,0.11530852
0.51254593,0.14439369
0.45452140,0.12910901
0.61805654,0.17167665
0.36814342,0.08598457
0.31210952,0.07623512
0.42097450,0.11140330
0.39535902,0.09081991
0.35036634,0.11618076
0.46453893,0.13152064
0.53550700,0.16223230
0.30644388,0.07208914
0.43181298,0.14910524
0.35740197,0.08526785
0.37472054,0.10253136
0.49673852,0.11361628
0.36698355,0.09422546
0.34657135,0.10894183
0.34481632,0.08001769
0.38563273,0.11178923
0.45826437,0.09485745
0.44882349,0.09296865
0.48338546,0.14029138
0.37072040,0.10096681
0.28890580,0.09717647
0.45263277,0.11265681
0.39695920,0.13175861
0.31916399,0.07955295
0.40730764,0.08425659
0.40846743,0.12656001
0.33669624,0.08782438
0.38854837,0.09093384
0.46398401,0.14989799
0.45326201,0.09602054
0.43369493,0.12954609
0.28212638,0.07961891
0.40134685,0.10943509
0.43950523,0.12040936
0.40143458,0.10975461
0.30254584,0.07299894
0.39870199,0.13029994
0.38277803,0.10203136
0.48843014,0.12497780
0.46007567,0.16853397
0.37114187,0.08621322
0.43173070,0.11932266
0.51428930,0.14054997
0.50980821,0.12539881
0.43827200,0.11613606
0.43101858,0.13757858
0.47547613,0.12673038
0.44257169,0.09038018
0.34884611,0.08348225
0.63645651,0.17791465
0.39528898,0.10438301
0.38066307,0.09427737
0.39628767,0.09997871
0.38694448,0.11374564
0.52751662,0.12556378
0.49102731,0.13995567
0.31165487,0.07341299
0.45480787,0.11425433
0.42304963,0.11809639
0.42939780,0.13911978
0.40954156,0.12325971
0.38032987,0.12654233
0.38615022,0.11240151
0.47867857,0.14376393
0.42841721,0.10651535
0.49323851,0.15513484
0.45927670,0.10751391
0.44451651,0.08308706
0.40412008,0.12586773
0.37385406,0.11560654
0.41450983,0.12686271
0.42927146,0.14247986
0.44117408,0.09657687
0.60187820,0.14830864
0.42003999,0.10849789
0.40979836,0.08557724
0.38580264,0.12534082
0.37269013,0.11656460
0.44933380,0.11333602
0.38598658,0.09473046
0.50638547,0.15885176
0.49299324,0.11085658
0.35561772,0.07883374
0.45325192,0.11555518
0.47904519,0.13093256
0.37985276,0.09763549
0.52854093,0.14424721
0.38300684,0.11215088
0.46035846,0.12112858
0.46777733,0.11146652
0.51807829,0.14025162
0.46230697,0.14007086
0.42664161,0.11179958
0.37811684,0.09087312
0.43029818,0.10309283
0.32122866,0.07070456
0.37591662,0.09894318
0.44433201,0.11952916
0.48423019,0.14095934
0.30163515,0.10967343
0.58890133,0.13457084
0.40415109,0.10988435
0.40271627,0.09189855
0.41420189,0.13212810
0.35276259,0.09548758
0.41508181,0.13043054
0.37980678,0.11494337
0.34876602,0.08781702
0.37958211,0.09310187
0.52988950,0.15742529
0.38385766,0.10041154
0.50253656,0.11102899
0.42471522,0.12002371
0.44907742,0.11688680
0.36639055,0.12569527
0.41993813,0.08773201
0.39082887,0.08822989
0.34961142,0.09922807
0.48352013,0.11068174
0.29438591,0.08275198
0.44048954,0.14667531
0.29701456,0.09721581
0.56032607,0.14010796
0.45932374,0.13912459
0.42491135,0.14259040
0.34528473,0.08786127
0.39040757,0.10224670
0.45811133,0.12301275
0.32266996,0.07837708
0.32112839,0.10991761
0.52788415,0.13939495
0.33106436,0.08373746
0.46015786,0.11473193
0.38073748,0.09020042
0.40508715,0.09761590
0.52532771,0.13085830
0.45195355,0.11325519
0.35367936,0.09413414
0.40028532,0.13666780
0.38651317,0.09283896
0.37863385,0.09932945
0.40602644,0.11726390
0.44241611,0.11034798
0.54400996,0.13848099
0.45373501,0.12737072
0.41329862,0.12231249
0.54703729,0.15044436
0.50911417,0.14335216
0.43483842,0.10030896
0.45029944,0.10223251
0.51471082,0.13676412
0.38215841,0.09085644
0.46264632,0.11897759
0.48114698,0.10387967
0.33278337,0.07210459
0.41454436,0.10515542
0.32073226,0.10618262
0.48174701,0.14248109
0.52174774,0.11792888
0.43316090,0.12813673
0.33667144,0.07619310
0.34350677,0.08225972
0.38564624,0.09926774
0.39549984,0.09313553
0.44504644,0.11467143
0.58522727,0.14285304
0.32186919,0.08053722
0.50366729,0.13667128
0.37012411,0.10049090
0.39490142,0.12335657
0.48580521,0.11056108
0.42821485,0.15245920
0.41700610,0.11440821
0.51066363,0.11534024
0.45004990,0.13544622
0.39703228,0.10061416
0.43343620,0.11080733
0.49650168,0.15817169
0.46036847,0.13182182
0.48698358,0.13018612
0.47550364,0.12874215
0.37939604,0.10915379
0.39681085,0.12546371
0.54459254,0.16118663
0.38316964,0.09109217
0.45195003,0.12442313
0.45725629,0.10595002
0.36717920,0.08288436
0.46021614,0.14045659
0.40227496,0.10251682
0.41883995,0.14802141
0.53498393,0.16008320
0.38317234,0.09044587
0.46136008,0.10299235
0.33249346,0.08037534
0.36449467,0.07810053
0.35884503,0.10873246
0.32420510,0.09177937
0.40664304,0.12658121
0.42832851,0.14569093
0.34272054,0.07644414
0.31022157,0.07539255
0.44905681,0.14548644
0.39797914,0.10793873
0.49408448,0.12648369
0.32589973,0.08700423
0.34733249,0.09733142
0.44420316,0.12414634
0.48494546,0.14606575
0.56599157,0.14020060
0.42936382,0.13208548
0.50353580,0.14068381
0.43027841,0.13295971
0.40569704,0.13389864
0.46781053,0.15479919
0.48192684,0.09467430
0.36797525,0.14752718
0.43894600,0.14344116
0.38689618,0.08359733
0.45112108,0.11736230
0.38515650,0.10701063
0.53193108,0.13836577
0.33815756,0.08878527
0.45032802,0.13202374
0.53185666,0.13348394
0.49913866,0.11397802
0.41883940,0.09418995
0.52638994,0.13037849
0.34954548,0.09139911
0.50333930,0.12409100
0.46209221,0.12532467
0.31099353,0.09044309
0.51389819,0.14185428
0.39359410,0.09966081
0.48907192,0.13647290
0.44563366,0.11640480
0.51521453,0.14973651
0.31396409,0.07465950
0.45082835,0.11092913
0.39234945,0.12067183
0.51643741,0.15449486
0.46878208,0.09575376
0.42153015,0.08313371
0.37557022,0.09565295
0.49738773,0.14878967
0.56586618,0.13933937
0.41467432,0.12340208
0.47860616,0.16494580
0.42811930,0.14925517
0.49695536,0.11563050
0.42282820,0.12923320
0.34361044,0.08409336
0.49045765,0.13816528
0.42776813,0.11085479
0.51168044,0.14019785
0.46535224,0.11969204
0.48446249,0.11887843
0.47374218,0.12172827
0.48567124,0.14361882
0.61990754,0.19940612
0.38508290,0.09533848
0.39910607,0.10256502
0.46482894,0.12841003
0.34364471,0.10367724
0.42999247,0.12528783
0.26289431,0.08383474
0.36767037,0.09829083
0.35329933,0.09859895
0.36647828,0.09962893
0.41351533,0.13903913
0.52456787,0.15419027
0.44676998,0.11209153
0.44914587,0.15376844
0.47271487,0.13803742
0.42825354,0.10449341
0.42760255,0.10304854
0.51055978,0.13692206
0.52732478,0.10625011
0.35511799,0.10234959
0.53653962,0.16389035
0.37868519,0.13165164
0.38378215,0.09179934
0.40784756,0.12245598
0.34039005,0.10973079
0.38787814,0.11306709
0.53720907,0.16335163
